# The Bright Star Catalogue, 5th revised edition (Hoffleit & Warren 1991),
# VizieR catalog V/50: https://vizier.cds.unistra.fr/viz-bin/VizieR?-source=V/50
# Every star brighter than about magnitude 6.5, the limit of the naked eye.
# Fetched from VizieR's asu-tsv service and trimmed of padding; the 14
# entries with no position (novae, clusters and the like) are left out.
# Columns: HR number, name (Flamsteed/Bayer and constellation, where it has
# one), RA and Dec J2000 in degrees, V magnitude, B-V color index, spectral
# type, and annual proper motion in RA (projected, cos(Dec) dRA/dt) and Dec
# in arcsec/yr, all FK5 J2000.
HR	Name	RAJ2000	DEJ2000	Vmag	B-V	SpType	pmRA	pmDE
1		001.291250	+45.229167	6.70	0.07	A1Vn	-0.012	-0.018
2		001.265833	-0.503056	6.29	1.10	gG9	0.045	-0.060
3	33 Psc	001.333750	-5.707500	4.61	1.04	K0IIIbCN-0.5	-0.009	0.089
4	86 Peg	001.425000	+13.396111	5.51	0.90	G5III	0.045	-0.012
5		001.566667	+58.436667	5.96	0.67	G5V	0.263	0.030
6		001.579167	-49.075000	5.70	0.52	G1IV	0.565	-0.038
7	10 Cas	001.610417	+64.196111	5.59	-0.03	B9III	0.008	0.000
8		001.653333	+29.021389	6.13	0.75	K0V	0.380	-0.182
9		001.708750	-23.107500	6.18	0.38	A7V	0.100	-0.045
10		001.825833	-17.386389	6.19	0.14	A6Vn	-0.018	0.036
11		001.933750	-2.548889	6.43	-0.14	B8IIIpSi	0.027	-0.002
12		001.945000	-22.508889	5.94	0.14	A2Vp:	0.052	-0.044
13		002.014583	-33.529444	5.68	1.12	K1III	-0.037	0.000
14		002.050417	-2.447778	6.07	1.38	K2III+F	0.009	-0.003
15	21Alp And	002.097083	+29.090556	2.06	-0.11	B8IVpMnHg	0.136	-0.163
16		002.072500	-8.823889	5.99	1.04	gG8	-0.052	-0.033
17		002.170833	+36.626667	6.19	0.48	F8IV	-0.100	-0.145
18		002.139167	-17.577500	6.06	1.67	M0III	0.000	-0.025
19		002.217500	+25.462778	6.23	0.97	K0III	0.114	0.031
20		002.334167	+79.714722	6.01	0.19	A7IV	0.102	-0.027
21	11Bet Cas	002.294583	+59.149722	2.27	0.34	F2III-IV	0.525	-0.181
22	87 Peg	002.260000	+18.211944	5.53	1.04	G9III	0.137	-0.024
23		002.260000	-54.001944	6.33	0.74	G4IV	0.051	0.016
24	Kap1Scl	002.337500	-27.987778	5.42	0.42	F2V	0.072	-0.004
25	Eps Phe	002.352917	-45.747500	3.88	1.03	K0III	0.124	-0.181
26	34 Psc	002.509583	+11.145556	5.51	-0.07	B9Vn	0.041	-0.003
27	22 And	002.580417	+46.072222	5.03	0.40	F2II	0.008	0.000
28		002.623750	+57.165556	6.74	-0.08	B7IV	0.023	0.006
29		002.578333	-5.248611	5.84	0.98	K1III	0.036	-0.033
30	Gam3Oct	002.508750	-82.223889	5.28	1.05	G8III	-0.029	-0.020
31		002.678333	-12.580000	5.85	1.01	K0IV	0.150	-0.038
32		002.660833	-73.224444	6.64	0.37	F2V+F6V	0.123	0.016
33	6 Cet	002.816250	-15.468056	4.89	0.49	F7V	-0.077	-0.268
34	Kap2Scl	002.893333	-27.799722	5.41	1.34	K5III	0.010	0.016
35	The Scl	002.933333	-35.133056	5.25	0.44	F4V	0.173	0.119
36		002.996250	+48.152500	6.16	1.45	gK4	0.058	0.017
37		003.041667	-17.938333	5.25	1.48	K5III	0.056	-0.031
38		003.210000	+37.693333	6.73	-0.13	B2V	0.028	-0.012
39	88Gam Peg	003.309167	+15.183611	2.83	-0.23	B2IV	0.003	-0.012
40		003.350000	+26.987222	6.30	0.65	G0III	-0.008	-0.047
41	23 And	003.378333	+41.035278	5.72	0.31	F0IV	-0.123	-0.148
42		003.425417	-26.021944	5.94	1.55	K5III	0.026	-0.069
43		003.434167	-26.284722	6.31	1.48	K5III	-0.020	0.012
44		003.509583	+33.206111	6.25	-0.01	A1V	-0.006	-0.018
45	89Chi Peg	003.650833	+20.206667	4.80	1.57	M2+III	0.093	0.000
46		003.615000	-7.780556	5.12	1.62	M3+III	0.059	0.004
47		003.330833	-84.994167	5.77	1.72	M0-1III	0.004	0.008
48	7 Cet	003.660000	-18.932778	4.44	1.66	M3III	-0.024	-0.067
49		003.733750	+22.284167	6.24	-0.01	A1pSi	0.065	-0.011
50	35 Psc	003.745000	+8.820833	5.79	0.31	F0IV	0.097	-0.028
51		003.727083	-9.569722	5.75	-0.08	B9V	0.028	-0.011
52		003.779167	+31.535833	6.45		K5	0.035	-0.005
53		003.794167	+27.283056	6.35	-0.02	A1Vn	0.021	-0.031
54		003.742500	-34.904444	6.17	1.34	K3III	0.073	-0.023
55		004.058333	+76.950833	6.35	-0.07	B8Vnn	0.018	-0.002
56		004.090000	+43.594722	6.15	0.05	A2VpSi	0.043	-0.030
57		004.037083	-31.446389	5.67	1.35	K5III	0.122	-0.030
58		003.980000	-75.911389	6.49	1.00	G8-K0III	-0.013	0.006
59	36 Psc	004.142083	+8.240000	6.11	0.92	G8II-III	-0.020	-0.019
60		004.237917	+61.533333	5.74	0.88	G8III	-0.001	-0.001
61		004.177083	-20.210556	6.47	-0.09	B8III	0.012	-0.014
62		004.287917	+47.947500	5.89	-0.09	B7III	0.008	0.000
63	24The And	004.272917	+38.681667	4.61	0.06	A2V	-0.050	-0.019
64		004.204167	-78.780556	6.77	0.46	F3III	0.077	-0.043
65		004.429167	+51.433056	6.14	-0.13	O9IIInn	-0.005	-0.004
66		004.385833	-19.051111	6.45	0.37	F4IV-V	0.015	0.003
67		004.448750	+1.688889	6.17	0.94	K0II	0.095	0.012
68	25Sig And	004.582083	+36.785278	4.52	0.05	A2V	-0.063	-0.041
69		004.571667	+11.205833	6.05	1.03	K0III	-0.036	-0.038
70	26 And	004.675417	+43.791111	6.11	-0.08	B8V	0.020	-0.003
71		004.659583	+31.517222	5.87	-0.01	A0IV	0.058	-0.006
72		004.674167	-8.052778	6.46	0.68	G0V	0.413	-0.139
73		004.677500	-43.235278	6.33	1.21	K2III	0.056	0.012
74	8Iot Cet	004.857083	-8.823889	3.56	1.22	K1.5III	-0.014	-0.036
75		004.923333	+40.729722	6.33	1.18	K1III	-0.026	-0.010
76		005.021667	+48.865278	6.52		A0V s	0.005	-0.017
77	Zet Tuc	005.017917	-64.874722	4.23	0.58	F9V	1.705	1.164
78		005.101667	+30.935833	5.90	-0.10	B7V	0.021	0.004
79		005.189583	+32.911389	5.79	1.59	K5III	-0.026	-0.014
80	41 Psc	005.149583	+8.190278	5.37	1.34	gK3	-0.002	0.008
81		005.227083	+10.976944	6.56		A0V	-0.046	-0.028
82	27Rho And	005.280417	+37.968611	5.18	0.42	F5III	0.060	-0.040
83	Pi Tuc	005.162500	-69.625000	5.51	-0.05	B9V	-0.007	0.000
84	Iot Scl	005.380000	-28.981667	5.18	1.00	G5III	0.040	-0.074
85		005.442917	-20.057778	5.12	1.82	M5IIe	0.071	-0.005
86	42 Psc	005.606250	+13.482500	6.23	1.22	K3III	0.062	0.021
87		005.369167	-77.426944	5.97	1.40	K3III	0.002	-0.010
88	9 Cet	005.715833	-12.209444	6.39	0.66	G2V	0.394	0.061
89		005.802500	-31.036111	6.55	0.00	B9IVMn	0.029	-0.003
90		006.008333	+38.577222	7.39	1.97	S6.5IIIeZr6Ti2	-0.007	-0.023
91		006.065000	+52.020000	5.57	-0.12	B5IV	0.013	-0.004
93	12 Cas	006.197917	+61.831111	5.40	0.00	B9III	0.012	-0.001
94		006.123750	-2.219167	6.07	1.22	K1III	-0.033	-0.044
96		006.276667	+53.046944	5.74	-0.06	B9IV	0.023	-0.002
97	44 Psc	006.350833	+1.939722	5.77	0.86	G5III	-0.013	-0.015
98	Bet Hyi	006.437917	-77.254167	2.80	0.62	G2IV	2.215	0.324
99	Alp Phe	006.570833	-42.306111	2.39	1.09	K0III	0.203	-0.396
100	Kap Phe	006.550833	-43.680000	3.94	0.17	A7V	0.109	0.029
101	10 Cet	006.655833	-0.049722	6.19	0.90	G8III	0.073	-0.001
102		006.811250	-25.547222	5.98	1.03	G8III	0.036	-0.019
103	47 Psc	007.012083	+17.893056	5.06	1.65	M3III	0.117	0.021
104		007.057083	+44.394444	5.17	0.03	A2V s	0.089	-0.016
105	Eta Scl	006.982083	-33.007222	4.81	1.64	M4III	-0.019	-0.052
106	48 Psc	007.052917	+16.445000	6.06	1.58	K5III	0.019	-0.015
107		007.083750	+10.189722	6.04	0.43	F6Va vw	0.046	-0.207
108		007.087917	-20.335000	6.43	0.59	G0V	-0.116	-0.114
109		007.110000	-39.915000	5.43	1.56	M0III	0.130	-0.036
110		007.235833	+36.900000	6.26	0.92	G5III	-0.011	0.003
111		007.179583	-50.532778	6.26	1.09	K0III	0.150	-0.002
112		007.729167	+77.019444	6.21	0.84	K0IV	0.337	-0.038
113		007.582917	+59.977222	5.94	0.01	B9IIIn	0.017	-0.012
114	28 And	007.530417	+29.751667	5.23	0.24	A7III	0.041	-0.054
115		007.466250	-14.864167	6.14	0.37	F2III	0.144	-0.032
116		007.453750	-32.116667	6.57	1.34	K4III	-0.004	-0.054
117	12 Cet	007.510000	-3.957222	5.72	1.56	M0III	0.011	-0.012
118		007.594583	-23.787778	5.19	0.12	A5Vn	-0.024	0.013
119		007.615833	-40.939444	6.19	0.33	F2III	-0.001	0.021
120		007.608750	-48.215000	5.69	0.35	F2V	0.129	-0.088
121	13 Cas	007.855417	+66.519444	6.18	-0.10	B6V	0.023	-0.006
122		007.856667	+33.581667	5.87	1.14	K1III	0.047	-0.019
123	14Lam Cas	007.943333	+54.522222	4.73	-0.10	B8Vn	0.045	-0.010
124		007.921667	+52.839444	5.60	1.15	K2III	-0.053	-0.019
125	Lam1Phe	007.854167	-48.803611	4.77	0.02	A0V	0.143	0.017
126	Bet1Tuc	007.886250	-62.958056	4.37	-0.07	B9V	0.090	-0.054
127	Bet2Tuc	007.890000	-62.965833	4.54	0.15	A2V+A7V	0.101	-0.056
128		008.111667	+43.494722	6.70	-0.01	A1Vn	0.018	-0.010
129		008.330417	+70.981667	6.42	-0.01	A0Vn	0.028	-0.004
130	15Kap Cas	008.250000	+62.931667	4.16	0.14	B1Ia	0.003	-0.003
131	52 Psc	008.147917	+20.294444	5.38	1.08	K0III	0.135	-0.047
132	51 Psc	008.099167	+6.955556	5.67	0.00	B9.5V	0.035	0.002
133		008.143750	+27.580556	6.67		A2IV	-0.017	-0.015
134		008.204583	+28.280278	6.30	1.00	K0III	-0.006	0.007
135		008.293333	+54.895000	5.93	1.04	K0III	0.071	-0.042
136	Bet3Tuc	008.182500	-63.031111	5.09	0.04	A0V	0.081	-0.038
137	16 Cas	008.603750	+66.750278	6.48	-0.08	B9III	0.021	0.000
138		008.421250	-29.558333	5.55	1.27	K2III	-0.026	-0.030
139	The Tuc	008.347083	-71.266111	6.13	0.23	A7IV	0.067	-0.012
140		008.615833	-52.373056	5.57	0.47	F3IV-V	0.230	0.032
141		008.730417	+13.371111	6.40		K0	-0.090	-0.057
142	13 Cet	008.812083	-3.592778	5.20	0.56	F8V	0.413	-0.026
143	14 Cet	008.886667	-0.505556	5.93	0.44	F5IV	0.146	-0.066
144		009.034583	+54.168611	5.08	-0.11	B7III	0.022	0.000
145		008.977917	+13.206667	6.41	0.52	F7V	-0.143	-0.189
146		009.113750	+60.326111	5.79	0.29	A4III	-0.001	-0.003
147	Lam2Phe	008.921250	-48.000833	5.51	0.44	F6V	0.045	-0.104
148		008.889167	-54.821944	6.06	1.01	K0IV	0.027	-0.054
149		009.083333	+27.254722	6.50	-0.09	B8IIIpHgMn:	0.011	-0.016
150		009.012500	-14.973611	6.45	1.06	G9III	-0.083	-0.079
151		009.028750	-22.842500	6.06	0.29	A6pSr	-0.072	-0.052
152		009.194167	+44.488611	5.13	1.60	K5-M0III	-0.023	0.033
153	17Zet Cas	009.242917	+53.896944	3.66	-0.20	B2IV	0.019	-0.009
154	29Pi And	009.220417	+33.719444	4.36	-0.14	B5V	0.015	-0.004
155	53 Psc	009.197083	+15.231667	5.89	-0.15	B2.5IV	0.002	-0.015
156		009.280000	+24.014167	6.47		K2III	-0.014	-0.044
157		009.337917	+35.399444	5.48	0.88	G2.5IIa	-0.016	-0.005
158		009.947083	+82.493889	6.40	0.55	dF6	-0.111	0.078
159		009.336250	-24.767222	5.57	0.72	G8V	1.390	-0.012
160		009.155833	-65.124722	6.42	1.26	K2-3III	0.029	-0.020
161		009.377083	+3.135278	6.39	1.33	K4III	0.095	-0.061
162		009.325417	-54.394167	6.41	1.00	K0II-IIICNIV	0.056	-0.021
163	30Eps And	009.638750	+29.311667	4.37	0.87	G6IIIFe-3CH1	-0.227	-0.254
164		009.791250	+49.354444	5.43	1.64	K7III	0.008	-0.011
165	31Del And	009.832083	+30.860833	3.27	1.28	K3III	0.136	-0.091
166	54 Psc	009.840833	+21.250556	5.87	0.85	K0+V	-0.464	-0.370
167	55 Psc	009.981667	+21.438333	5.36	1.16	K0III+F3V	0.028	-0.035
168	18Alp Cas	010.127083	+56.537222	2.23	1.17	K0IIIa	0.053	-0.032
169		009.670000	-73.137222	6.85	0.11	A1m	-0.017	0.020
170		009.991250	-33.961667	6.69	0.51	F8V	0.333	-0.116
171		009.966667	-44.796667	6.01	1.14	K1IIICNII	0.045	0.000
172		010.119167	-16.516944	6.49	0.92	G5	0.037	-0.040
173		010.137083	-23.804444	6.14	0.70	G3V	0.644	-0.333
174		010.176667	-4.351944	5.91	1.10	K0III	-0.013	-0.013
175	32 And	010.280000	+39.458611	5.33	0.89	G8III	-0.010	-0.007
176		010.110000	-59.454444	5.89	0.55	G1V	0.889	0.448
177		010.514167	+66.147500	5.83	1.04	G9III-IV	-0.013	-0.009
178		010.400000	+24.629167	6.04	0.26	A7m	0.107	-0.016
179	19Xi Cas	010.516250	+50.512500	4.80	-0.11	B2V	0.015	-0.005
180	Mu Phe	010.331667	-46.085000	4.59	0.97	G8III	-0.014	-0.002
181		010.629583	+58.753333	6.17	-0.01	B9.5III	0.036	-0.007
183	Xi Phe	010.443333	-56.501667	5.70	0.20	ApSrEuCr	0.085	0.044
184	20Pi Cas	010.867083	+47.024722	4.94	0.18	A5V	-0.020	-0.034
185	Lam1Scl	010.678750	-38.463333	6.06	-0.03	A0V	0.003	-0.005
186		010.674167	-60.262500	5.98	1.32	K5III	0.255	-0.045
187	Rho Tuc	010.618333	-65.468056	5.39	0.50	F6V	0.053	0.042
188	16Bet Cet	010.897500	-17.986667	2.04	1.02	G9.5IIICH-1	0.234	0.033
189		011.110000	+47.864167	5.67	-0.12	B5V	-0.026	0.015
190		010.959167	-12.011667	6.02	1.10	K2III-IV	0.007	-0.204
191	Eta Phe	010.838333	-57.463056	4.36	0.00	A0IV	-0.006	0.011
192	21 Cas	011.412500	+74.988056	5.66	0.05	A2IV	-0.018	-0.026
193	22Omi Cas	011.181250	+48.284444	4.54	-0.07	B5IIIe	0.019	-0.008
194	17Phi1Cet	011.047500	-10.609444	4.76	1.01	K0III	-0.009	-0.113
195	Lam2Scl	011.050417	-38.421667	5.90	1.16	K1III	0.244	0.113
196		011.321667	+55.221667	5.42	0.04	A2V s	-0.025	0.002
197		011.185000	-22.006111	5.24	0.33	F1III-IV	-0.066	0.083
198		011.237917	-42.676667	5.94	0.28	F0V	-0.086	-0.102
199		011.134583	-62.497778	6.07	0.44	F5III-IV	0.143	-0.005
200		011.662500	+69.325000	6.33		F3V	0.196	0.001
201		011.350417	-4.629167	6.15	1.62	M0III	0.028	0.033
202		011.250000	-53.715000	6.15	0.53	F7III	0.230	0.000
203	18 Cet	011.369583	-12.880833	6.15	0.61	G0V	-0.034	-0.201
204		011.562917	+55.305278	6.52		A2III	0.015	-0.012
205		011.545417	+44.861389	6.05	-0.07	B9.5IIIpHgMnCr	0.028	-0.009
206		011.423750	-16.424167	6.47	0.31	F1IVn	0.014	-0.005
207		011.676667	+59.574444	6.39	1.09	G0Ib	-0.008	-0.001
208	23 Cas	011.942083	+74.847500	5.41	-0.08	B8III	0.015	-0.009
209		011.440000	-47.551667	5.80	0.64	G1V	0.184	0.086
210		011.549167	-22.521944	5.50	0.98	G3V	0.201	-0.006
211	57 Psc	011.637500	+15.475556	5.38	1.65	M4IIIa	-0.027	-0.044
212		012.037917	+72.675000	5.87	1.01	K0IV	0.130	0.024
213	58 Psc	011.756250	+11.973889	5.50	0.97	G8II	0.058	-0.036
214	59 Psc	011.806667	+19.578889	6.13	0.27	F0Vn	0.104	0.011
215	34Zet And	011.834583	+24.267222	4.06	1.12	K1IIe	-0.100	-0.083
216	60 Psc	011.848333	+6.740833	5.99	0.94	G8III	0.014	-0.015
217	61 Psc	011.978333	+20.925278	6.54	0.50	F8V	0.157	0.006
218		011.930417	-18.061389	5.70	1.30	K3III	0.043	0.031
219	24Eta Cas	012.275000	+57.815833	3.44	0.57	F9V+dM0	1.100	-0.529
220		012.004583	-21.722500	5.57	-0.06	B9V	0.028	-0.011
221	62 Psc	012.072500	+7.300000	5.93	1.10	G8III	0.111	0.004
222		012.095833	+5.280556	5.75	0.88	K2V	0.758	-1.146
223	25Nu Cas	012.208750	+50.968333	4.89	-0.11	B9III	0.035	-0.006
224	63Del Psc	012.170833	+7.585000	4.43	1.50	K4IIIb	0.085	-0.052
225	64 Psc	012.244583	+16.940556	5.07	0.51	F8V	-0.003	-0.204
226	35Nu And	012.453333	+41.078889	4.53	-0.15	B5V+F8V	0.023	-0.019
227		012.356667	-13.561389	5.59	1.30	K5III	0.105	-0.104
228		012.307917	-24.136389	5.90	0.95	K2III	0.078	-0.051
229		012.236250	-46.697778	6.27	0.90	G8III	-0.008	0.017
230	65 Psc	012.470000	+27.710833	7.00	0.36	F4III	0.084	-0.010
231	65 Psc	012.471667	+27.710278	7.10		F5III	0.091	-0.009
232		012.389167	-23.361667	6.28	0.13	A3V	-0.008	0.000
233		012.681667	+64.247500	5.39	0.49	G0III-IV+B9.5V	0.030	-0.012
234		012.576250	+45.002222	6.15	0.01	A0pCr	0.065	0.006
235	19Phi2Cet	012.531667	-10.644444	5.19	0.50	F7IV-V	-0.226	-0.229
236	Lam Hyi	012.147500	-74.923333	5.07	1.37	K5III	0.130	-0.033
237		012.818333	+61.805833	6.07	1.88	K2Ib-IICN-2	-0.002	0.006
238		012.739167	+51.508056	6.39	0.28	F2IV	0.135	-0.003
239		012.515417	-43.394722	6.48	0.29	A9-F0III	0.011	0.016
240		013.721250	+83.707222	5.62	0.09	A4V	0.062	-0.022
241		012.890417	+51.571111	6.21		B9.5V	-0.010	-0.019
242	Rho Phe	012.671667	-50.986944	5.22	0.36	F2III	0.067	0.039
243		012.826250	+3.385000	6.37	1.07	K0III	0.016	-0.067
244		013.267083	+61.124167	4.82	0.53	F8V	-0.071	0.172
245		012.967083	-43.709167	6.90	0.35	F2V+F5V	0.025	-0.013
246		013.222500	+38.548611	6.69	0.02	A2V	0.029	-0.021
247		013.169167	-24.005833	5.46	1.24	K2III	0.035	0.035
248	20 Cet	013.252083	-1.144167	4.77	1.57	M0III	0.008	-0.017
249		013.367500	+37.418056	6.06	1.14	gK3	0.013	-0.046
250		013.448333	+52.689167	6.27	0.19	A5m	0.076	-0.026
251		013.301667	-24.776944	6.46	0.44	F6IV-V	0.098	0.037
252	Lam1Tuc	013.101250	-69.504444	6.22	0.56	F7IV-V	-0.007	-0.086
253	26Ups1Cas	013.750417	+58.972778	4.83	1.21	K2III	-0.032	-0.043
254	66 Psc	013.646667	+19.188333	5.74	-0.01	A1VN	0.018	-0.014
255	21 Cet	013.573333	-8.740833	6.16	0.92	G5IV	0.018	-0.052
256		013.771667	+48.678611	6.27	1.68	M2.5IIIa	-0.022	-0.006
257		013.407917	-62.871389	5.70	1.56	M4III	0.073	0.004
258	36 And	013.741667	+23.628333	5.47	1.00	K1IV	0.131	-0.031
259		013.811250	+24.556944	6.20	1.62	M4IIIab	0.020	-0.015
260		014.053750	+57.996667	6.21	1.37	K3III	0.037	-0.014
261		014.231667	+68.776111	6.37	0.38	F4III	0.137	-0.021
262	67 Psc	013.993750	+27.209444	6.09	0.14	A5IV	-0.020	0.013
263		013.926667	-7.347222	5.85	1.52	K5III	-0.007	-0.046
264	27Gam Cas	014.177083	+60.716667	2.47	-0.15	B0IVe	0.026	-0.005
265	28Ups2Cas	014.165833	+59.181111	4.63	0.96	G8IIIbFe-0.5	-0.092	-0.046
266		014.196250	+60.362778	5.55	-0.07	B9IVn	0.032	-0.008
267	22Phi3Cet	014.006250	-11.266667	5.31	1.52	K4III	-0.020	-0.008
268		013.981250	-27.775556	6.10	1.67	M0III	0.000	0.002
269	37Mu And	014.188333	+38.499444	3.87	0.13	A5V	0.152	0.033
270	Lam2Tuc	013.751250	-69.526944	5.45	1.09	K2III	0.006	-0.045
271	38Eta And	014.301667	+23.417500	4.42	0.94	G8IIIb	-0.044	-0.048
272		014.415417	+45.839722	6.12	1.02	K2III	0.013	0.005
273		014.629583	+66.352222	5.97	-0.02	A0III	0.043	-0.006
274	68 Psc	014.459167	+28.992222	5.42	1.08	gG6	0.008	-0.008
275		014.559167	+33.950833	5.98	1.00	K0	0.035	-0.072
276		014.477083	+13.695833	6.32	0.89	G8III	-0.011	-0.013
277		014.578750	+21.404444	6.37	0.09	A2V	-0.006	-0.003
278		015.129167	+70.983056	6.39	0.13	A4IV	0.082	0.000
279	23Phi4Cet	014.682917	-11.380000	5.61	0.97	G7III	-0.034	-0.019
280	Alp Scl	014.651667	-29.357500	4.31	-0.16	B7IIIp	0.022	0.004
281		014.593333	-60.696389	6.23	0.10	Am	0.050	0.018
282		015.014167	+44.711111	6.84		A2Vn	0.011	-0.024
283		015.015000	+44.713333	6.04	-0.01	B9.5Vn	0.016	-0.023
284		014.957083	+6.483056	6.11	1.67	M2III	0.023	-0.008
285		017.186250	+86.256944	4.25	1.21	K2II-III	0.076	-0.012
286		023.460000	+89.015556	6.46	0.11	A3V	0.062	-0.036
287		015.576667	+51.035000	6.47		A3V	-0.004	-0.013
288	Xi Scl	015.326250	-38.916667	5.59	1.18	K0III	0.069	0.045
289		015.756250	+47.376111	6.45	0.25	A9IV	0.088	-0.015
290	39 And	015.726250	+41.345000	5.98	0.16	A5m	-0.020	-0.010
291	69Sig Psc	015.704583	+31.804444	5.50	-0.05	B9.5V	0.015	-0.028
292		015.904167	+61.075000	5.92	0.49	F0II	-0.006	0.004
293	Sig Scl	015.610000	-31.551944	5.50	0.08	A2V	0.082	0.012
294	71Eps Psc	015.735833	+7.890000	4.28	0.96	K0III	-0.078	0.023
295	Ome Phe	015.507500	-57.002500	6.11	0.94	G8III	0.006	0.015
296	25 Cet	015.760833	-4.836667	5.43	1.11	K0III-IV	-0.108	-0.106
297		016.081667	+61.580278	5.84	0.54	F6V	-0.070	-0.022
298		016.010000	+52.502222	5.99	1.47	K2	0.001	-0.059
299		015.705000	-46.397500	5.36	0.90	G8III	0.000	0.002
300		015.823333	-29.525833	6.29	0.93	G5IV	-0.114	-0.030
301	26 Cet	015.954167	+1.366667	6.04	0.27	F1V	0.122	-0.042
302		016.195000	+51.010000	6.54	-0.08	B3V	0.019	-0.002
303		016.115000	+29.658611	6.19	0.43	F7IV-V	0.084	-0.116
304		015.678750	-65.456111	6.21	1.64	M2III	0.004	0.000
305		016.151667	+39.991111	6.72	0.31	F0Vn	0.077	-0.022
306		019.056250	+87.145278	6.25	1.12	gK2	0.051	-0.027
307	73 Psc	016.219167	+5.656389	6.00	1.51	gK5	0.028	-0.014
308	72 Psc	016.272500	+14.946111	5.68	0.41	F4II-III	0.006	0.054
309		016.595000	+62.761667	6.54	0.19	A5Vn	0.102	-0.024
310	74Psi1Psc	016.420417	+21.473333	5.34	-0.03	A1Vn	0.050	-0.016
311	74Psi1Psc	016.423750	+21.465278	5.56	-0.07	A0Vn	0.047	-0.018
312		017.301250	+80.011667	6.29		sgG6	-0.030	-0.038
313	77 Psc	016.455000	+4.908333	6.35	0.38	F3V	0.022	-0.121
314	77 Psc	016.464167	+4.909444	7.25	0.49	F6V	0.029	-0.119
315	27 Cet	016.403333	-9.979167	6.12	1.01	K0III	-0.034	-0.033
316		016.750833	+56.935000	6.43	1.18	K2III	0.100	-0.110
317	28 Cet	016.521250	-9.839444	5.58	0.01	A1V	0.030	0.004
318		016.789583	+53.498333	6.38		K2III	0.023	-0.001
319	75 Psc	016.640000	+12.956111	6.12	0.96	G8III	0.019	0.023
320		016.532083	-23.992500	6.14	1.09	G8-K0III	-0.031	-0.041
321	30Mu Cas	017.068333	+54.920278	5.17	0.69	G5Vb	3.424	-1.596
322	Bet Phe	016.520833	-46.718611	3.31	0.89	G8III	-0.027	-0.001
323		016.610417	-35.660833	6.61	0.14	A1V	0.069	-0.023
324	41 And	017.003750	+43.941944	5.03	0.11	A3m	0.165	-0.070
325		016.804583	-23.996389	6.37	0.23	A7V	0.098	-0.036
326		017.138750	+58.263611	5.79	-0.01	B8V	0.007	-0.005
327	78 Psc	017.005417	+32.012222	6.25	0.40	F5IV	0.204	-0.030
328	79Psi2Psc	016.988333	+20.739167	5.55	0.13	A3V	0.087	-0.094
329	30 Cet	016.942500	-9.785556	5.82	0.43	F7IV	0.152	0.017
330	80 Psc	017.092500	+5.649722	5.52	0.34	F0III-IV	-0.264	-0.185
331	Ups Phe	016.949583	-41.486944	5.21	0.16	A3IV	0.038	0.010
332	Iot Tuc	016.827917	-61.775278	5.37	0.88	G5III	0.073	-0.012
333		018.069583	+79.673889	5.64	0.01	A3V	0.091	-0.005
334	31Eta Cet	017.147500	-10.182222	3.45	1.16	K1.5IIICN1Fe0.5	0.218	-0.138
335	42Phi And	017.375833	+47.241944	4.25	-0.07	B7Ve	0.010	-0.009
336	31 Cas	017.663750	+68.778611	5.29	-0.02	A0Vnn	0.036	-0.031
337	43Bet And	017.432917	+35.620556	2.06	1.58	M0+IIIa	0.178	-0.114
338	Zet Phe	017.096250	-55.245833	3.92	-0.08	B6V+B9V	0.019	0.025
339	81Psi3Psc	017.455000	+19.658611	5.55	0.69	G0III	-0.006	0.009
340	44 And	017.578333	+42.081389	5.65	0.60	F8V	-0.133	-0.043
341		017.580833	+25.457778	5.80	1.47	K7III	0.000	-0.114
342		017.856667	+64.202778	5.55	-0.07	B9.5V	0.040	-0.013
343	33The Cas	017.775833	+55.149722	4.33	0.17	A7V	0.229	-0.022
344		017.547917	+15.674167	6.06	1.49	M0III	0.031	-0.021
345	32 Cas	017.922500	+65.018889	5.57	-0.09	B9IV	0.023	-0.016
346	32 Cet	017.550000	-8.906111	6.40	1.04	K0III	-0.013	-0.036
347	33 Cet	017.640000	+2.445556	5.95	1.51	K4III	0.000	-0.015
348	45 And	017.792917	+37.724167	5.81	-0.10	B7III-IV	-0.012	-0.007
349	82 Psc	017.778333	+31.424722	5.16	0.23	F0V	-0.011	-0.014
350		017.530833	-57.694444	6.41	0.89	G6II-III	-0.006	-0.121
351	84Chi Psc	017.863333	+21.034722	4.66	1.03	G8.5III-IIIa	0.038	-0.011
352	83Tau Psc	017.915000	+30.089722	4.51	1.09	K0.5IIIb	0.072	-0.035
353	34 Cet	017.931250	-2.251111	5.94	1.40	K4III	-0.062	-0.026
354		018.291250	+61.705833	6.41	0.01	B9V	0.033	-0.021
355		018.141667	+45.337778	6.11	1.64	M1III	0.021	0.026
356		018.247917	+30.064167	6.19	1.00	G9III+G1V	0.020	-0.034
357		019.127917	+79.910000	6.26	0.42	F5V s	-0.055	0.059
358		018.097500	-30.802222	6.52	0.48	F7IV	0.061	-0.077
359		018.189167	-37.856389	5.92	0.28	F0III	0.090	-0.034
360	85Phi Psc	018.437083	+24.583611	4.65	1.04	K0III	0.017	-0.023
361	86Zet Psc	018.432917	+7.575278	5.24	0.32	A7IV	0.144	-0.056
362	86Zet Psc	018.438750	+7.578333	6.30	0.49	F7V	0.147	-0.052
363		018.520833	+28.529722	6.43	1.70	S3+/2-	0.079	-0.049
364	87 Psc	018.531667	+16.133611	5.98	-0.08	B8III	-0.027	-0.026
365		019.050417	+71.743889	7.83	0.78	K1V	0.006	0.004
366	37 Cet	018.600000	-7.923056	5.13	0.46	F5V	0.127	0.273
367	88 Psc	018.676667	+6.995278	6.03	1.08	gG6	-0.011	-0.024
368	38 Cet	018.705000	-0.973889	5.70	0.42	F5V	-0.012	0.201
369		019.102083	+48.082222	6.61	-0.05	B9IIIpSi	0.010	0.001
370	Nu Phe	018.796250	-45.531389	4.96	0.58	F8V	0.669	0.183
371		019.078333	+33.114722	6.02	1.15	K1III	0.016	-0.033
372		019.271250	+44.901944	6.34		K5	0.014	-0.045
373	39 Cet	019.151250	-2.500278	5.41	0.90	G5IIIe+dA	-0.104	-0.063
374		019.350417	+31.744722	6.73		K0	-0.052	0.003
375		020.081250	+77.570556	6.31	0.92	G5III	-0.018	0.086
376		019.542500	+47.419722	6.25	1.35	K0	0.018	-0.002
377	Kap Tuc	018.942083	-68.876111	4.86	0.47	F6IV	0.399	0.107
378	89 Psc	019.450000	+3.614444	5.16	0.07	A3V	-0.046	-0.025
379		019.695833	+37.386111	6.46	0.23	A5m	-0.011	-0.014
380		019.265000	-66.398056	6.24	0.05	A0V	0.044	0.002
381		020.496250	+76.238889	6.38	0.28	F0IVn	0.063	-0.032
382	34Phi Cas	020.020417	+58.231667	4.98	0.68	F0Ia	0.000	-0.002
383	90Ups Psc	019.866667	+27.264167	4.76	0.03	A3V	0.025	-0.013
384	35 Cas	020.271667	+64.658333	6.34	0.09	A2Vnn	0.057	-0.019
385	42 Cet	019.951250	-0.508889	5.87	0.64	G8III+A7V	0.012	-0.014
386		020.945000	+78.725833	6.07	0.39	A0Iab	-0.009	-0.003
387		020.143750	-3.246944	6.23	1.02	K1III	-0.013	0.006
388		020.115833	-11.238889	6.15	1.11	K1III	-0.047	-0.074
389	91 Psc	020.280833	+28.738056	5.23	1.39	gK5	0.027	-0.078
390	46Xi And	020.585000	+45.528889	4.88	1.08	K0-IIIb	0.032	0.009
391		020.840000	+58.143056	6.45		F4V	0.139	-0.094
392		020.654167	+1.726389	6.20	1.52	K5IIIab	0.066	-0.048
393	43 Cet	020.645000	-0.449722	6.49	1.08	gK0	0.023	-0.014
394		020.627083	-19.081389	6.35	0.48	F6IV	-0.056	-0.071
395	47 And	020.919167	+37.715000	5.58	0.26	A2Vm	0.083	-0.022
396		020.906250	+34.245833	6.29	0.83	G8IV	0.229	0.116
397		020.853750	+20.468889	5.97	1.71	K5	-0.009	-0.007
398		021.443750	+70.980000	6.49		A0Vnn	0.016	-0.013
399	36Psi Cas	021.483333	+68.130000	4.74	1.05	K0III	0.074	0.026
400		020.879167	-30.945556	5.84	1.61	K5III	-0.012	-0.046
401	44 Cet	021.010417	-8.007500	6.21	0.23	F0V	0.174	-0.070
402	45The Cet	021.005833	-8.183333	3.60	1.06	K0III-IIIb	-0.079	-0.218
403	37Del Cas	021.454167	+60.235278	2.68	0.13	A5III-IV	0.297	-0.051
404		021.085833	-6.914722	5.91	0.41	F3V	0.042	0.003
405		021.165833	-15.660278	6.14	0.91	G5	0.012	-0.005
406		021.202917	-2.848611	6.15	0.96	G8III	0.013	-0.030
407		021.398750	+23.511667	6.18	0.43	F5III	0.032	-0.021
408		021.170000	-41.492500	5.42	1.04	K0III	0.022	-0.038
409		021.577500	+43.457778	5.96	0.49	F7V	0.103	-0.060
410		021.536250	+34.579722	6.31	0.47	F7V	0.230	-0.087
411		021.174583	-44.528333	6.26	1.14	K1II	-0.009	-0.018
412	46 Cet	021.405000	-14.598889	4.90	1.23	K2.5IIIb	0.039	-0.018
413	93Rho Psc	021.563750	+19.172222	5.38	0.39	F2V:	-0.024	0.010
414	94 Psc	021.673750	+19.240278	5.50	1.11	K1III	0.050	-0.061
415		021.775833	+34.377500	6.27	0.46	F7IVb vs	0.154	-0.011
416		021.613750	-0.398611	6.41	1.24	K0IV	0.044	-0.001
417	48Ome And	021.914167	+45.406667	4.83	0.42	F5IV	0.351	-0.107
418		021.860833	+41.100556	6.46	0.27	A7m	0.003	-0.001
419		021.722917	+3.535278	6.58	-0.04	B9V+A8V	0.004	-0.035
420		021.272083	-64.369444	5.93	1.56	K5III	0.023	-0.019
421	47 Cet	021.715000	-13.056667	5.66	0.35	F0IIIDel Del	0.016	0.009
422		021.945833	+40.335556	6.60	-0.04	A0III	0.015	-0.019
423		021.742083	-32.543056	5.79	3.86	C6II	-0.011	-0.031
424	1Alp UMi	037.952917	+89.264167	2.02	0.60	F7:Ib-II	0.038	-0.015
425		021.944167	-10.901667	6.13	1.32	K4III-IV	0.180	0.019
426		022.095417	+7.961389	6.20	1.12	K1III	0.112	-0.003
427	38 Cas	022.807500	+70.264722	5.81	0.47	F6V	0.137	-0.077
428		022.717917	+66.098056	6.14	0.08	A2V s	0.084	-0.010
429	Gam Phe	022.091250	-43.318333	3.41	1.57	M0-IIIa	-0.014	-0.209
430	49 And	022.525833	+47.007222	5.27	1.00	K0III	0.008	-0.044
431		022.180417	-33.763611	6.58	0.30	F0IV	-0.055	-0.025
432	97 Psc	022.470417	+18.355556	6.02	0.14	A4IV	0.063	-0.003
433	48 Cet	022.400417	-21.629444	5.12	0.02	A1V	0.056	0.006
434	98Mu Psc	022.546250	+6.143889	4.84	1.37	K4III	0.294	-0.048
435		022.376667	-46.756389	6.31	1.66	M2III	-0.012	0.013
436		022.595417	-26.207778	5.93	1.34	K4III	0.045	0.002
437	99Eta Psc	022.870833	+15.345833	3.62	0.97	G7IIIa	0.028	-0.006
438		023.031667	+34.800000	6.39	-0.12	B7IIIpHgMn	-0.008	-0.002
439		023.357500	+58.327500	5.70	1.52	K0Ib+B9V	0.011	0.002
440	Del Phe	022.812917	-49.072778	3.95	0.99	K0III	0.142	0.151
441		022.930417	-30.283333	5.82	1.08	K0III	0.009	-0.067
442	39Chi Cas	023.482917	+59.231944	4.71	1.00	G9IIIb	-0.037	-0.021
443		022.912917	-45.575556	6.17	0.06	A2V	0.000	0.006
444		023.264583	-9.014722	6.59	-0.04	A0III	0.029	0.003
445		023.233333	-36.865278	5.51	1.02	K0III	0.002	-0.023
446		023.569167	+37.237222	5.88	-0.07	B9IV	0.009	-0.015
447		023.151250	-49.727778	6.28	0.46	F4V	-0.030	-0.077
448		023.428750	-7.025278	5.76	0.64	G2IV	0.180	-0.081
449		024.343750	+74.300833	6.58	0.03	B9Ve	0.027	-0.009
450		023.704583	+18.460556	5.89	1.52	M2IIIab	0.033	-0.069
451	49 Cet	023.657500	-15.676111	5.63	0.07	A3V	0.096	0.003
452		023.968750	+41.076389	6.38	1.11	K1III	0.139	-0.002
453		023.711250	-31.892222	6.12	1.11	K0-1III	-0.077	-0.036
454		024.113333	+48.722778	5.92	1.21	gK1	-0.012	-0.017
455	101 Psc	023.943333	+14.661389	6.22	-0.04	B9.5III	0.004	-0.011
456	40 Cas	024.628750	+73.040000	5.28	0.96	G8III	-0.013	-0.015
457		023.978333	+17.433611	5.80		F0IV	0.152	0.010
458	50Ups And	024.199167	+41.405556	4.09	0.54	F8V	-0.171	-0.382
459	50 Cet	023.995833	-15.400278	5.42	1.21	K2IIIaBa0.2CN1	0.023	0.011
460		023.813333	-58.139444	6.01	0.38	F2V	0.277	-0.035
461		024.531667	+57.977500	5.56	1.38	G5II	0.007	-0.006
462	Tau Scl	024.035000	-29.907500	5.69	0.33	F2V	0.100	0.040
463	102Pi Psc	024.274583	+12.141667	5.57	0.35	F0V	-0.066	0.043
464	51 And	024.498333	+48.628333	3.57	1.28	K3-III	0.065	-0.113
465		024.632083	+45.400000	6.36	0.04	B9pCrEu	-0.034	0.014
466		024.407083	-9.403889	6.24	0.53	F7V	0.259	0.093
467		023.413333	-78.504722	6.11	0.97	K0III	-0.034	-0.136
468		024.186667	-58.270833	6.18	1.61	M3III	0.022	0.003
469	52Chi And	024.837500	+44.386111	4.98	0.89	G8III	-0.022	0.012
470		025.054583	+53.868333	6.39	1.61	K5III	-0.011	-0.002
471		024.614167	-36.528333	5.94	1.05	K0IV	-0.018	-0.128
472	Alp Eri	024.428750	-57.236667	0.46	-0.16	B3Vpe	0.095	-0.035
473		024.715833	-21.275278	5.58	0.34	A4n	0.131	0.036
474		024.708333	-25.021944	6.70	-0.08	B9Vn	0.001	0.011
475	105 Psc	024.920000	+16.405833	5.97	1.12	K2III	0.077	-0.015
476		025.165833	+43.297778	5.61	0.21	sgA9	0.127	-0.037
477	53Tau And	025.145000	+40.576944	4.94	-0.09	B8III	0.013	-0.025
478	43 Cas	025.585417	+68.043056	5.59	-0.07	A0pSiSr	0.052	-0.009
479		024.700833	-53.438889	6.84	0.44	F5IV-V	-0.027	-0.046
480	42 Cas	025.732917	+70.622500	5.18	-0.04	B9V	0.077	-0.013
481		025.512500	+61.038333	6.71	-0.03	B8IIIpSi	0.015	-0.007
482		025.574167	+58.627778	6.37	-0.02	B8III	0.019	-0.010
483		025.446667	+42.613611	4.95	0.62	G1.5V	0.809	-0.154
484		025.326667	+25.745833	6.17	0.44	F2III	0.118	-0.040
485		025.413333	+30.047222	5.99	1.01	K0III	-0.015	-0.006
486		024.947500	-56.198056	5.87	0.90	K0V	0.310	-0.020
487		024.949167	-56.194722	5.76	0.87	K5V	0.279	0.020
488		025.743333	+61.421667	6.34	0.01	B7II	0.004	0.011
489	106Nu Psc	025.357917	+5.487500	4.44	1.36	K3IIIbBa0.1	-0.021	0.002
490		025.514583	+35.245556	5.64	-0.07	B9IV-V	0.049	-0.028
491	44 Cas	025.832083	+60.551111	5.78	-0.02	B8IIIn	0.008	-0.020
492		025.436250	-11.324722	5.75	0.44	F5V+F7V	0.043	-0.412
493	107 Psc	025.624167	+20.268611	5.24	0.84	K1V	-0.296	-0.672
494		025.363750	-38.133056	6.17	0.42	F2V	0.050	0.052
495		025.818750	+45.322222	6.34	1.01	K2IV	0.146	-0.017
496	Phi Per	025.915000	+50.688611	4.07	-0.04	B2Vep	0.026	-0.014
497	Pi Scl	025.535833	-32.326944	5.25	1.05	K0III	-0.065	-0.025
498		025.512500	-36.832500	5.72	-0.01	A1V	-0.028	-0.021
499		026.074583	+57.536389	6.21	0.10	A3V	0.039	-0.040
500		025.681250	-3.690278	4.99	1.38	K3II-III	-0.007	-0.032
501		025.421250	-50.038889	6.64	0.12	A3V	-0.023	-0.020
502		026.192083	+57.089167	6.25	0.04	A2V	0.014	-0.004
503		025.958333	+32.191667	6.34		G8III-IV	-0.022	-0.007
504		026.110417	+46.139722	6.35		K5III	-0.009	-0.028
505		025.450000	-60.789444	5.71	1.27	K2-3III	0.015	-0.041
506		025.622083	-53.740556	5.52	0.53	F9V	0.171	-0.093
507		025.978333	-4.765556	6.19	1.54	K0	-0.020	-0.032
508	109 Psc	026.232500	+20.083056	6.27	0.75	G3Va	-0.041	-0.109
509	52Tau Cet	026.017083	-15.937500	3.50	0.72	G8V	-1.718	0.856
510	110Omi Psc	026.348333	+9.157778	4.26	0.96	G8III	0.073	0.048
511		026.936667	+63.852222	5.63	0.81	K0V	0.582	-0.255
512		024.481667	-82.975000	5.87	0.61	G2V	0.119	0.120
513		026.497083	-5.733333	5.34	1.52	K4III	-0.007	-0.033
514	Eps Scl	026.411667	-25.052500	5.31	0.39	F1V	0.162	-0.057
515		026.647083	+17.413056	6.55	0.25	A9III	0.053	0.011
516	Tau1Hyi	025.338750	-79.148333	6.33	0.94	G6-8III	0.052	0.009
517		026.504167	-27.349167	6.39	0.36	F2Vn	0.095	-0.052
518		026.950000	+46.229722	6.32	0.43	F6V	0.014	-0.056
519		026.524167	-50.816389	5.49	1.60	M3III	0.034	-0.024
520		026.526250	-53.521944	5.04	0.04	A1V	0.127	0.056
521		027.162083	+37.952778	5.94	0.97	K0III	0.112	-0.029
522	4 Ari	027.045417	+16.955556	5.84	-0.03	B9.5V	0.053	-0.036
523		027.173333	+32.690278	5.79	0.55	F8V	-0.167	0.298
524		026.820000	-41.760000	6.18	1.54	K5-M0III	0.024	0.042
525		024.366667	-84.769722	5.69	0.94	G8III	0.034	0.021
526		027.315417	+47.896944	5.82	0.29	A3V	-0.010	-0.002
527		027.108333	+3.685556	5.91	0.97	G9III	-0.006	0.017
528		026.949167	-37.159722	6.32	1.02	K0III	0.008	0.011
529		027.737917	+51.933333	5.90	0.43	F5IV	0.041	-0.120
530	1 Ari	027.535417	+22.275278	5.86	0.74	K1III+A6V	-0.017	-0.008
531	53Chi Cet	027.396250	-10.686389	4.67	0.33	F3III	-0.146	-0.093
532		027.331250	-31.072778	6.34	1.22	K2-3III	0.101	-0.026
533	1 Per	027.997083	+55.147500	5.52	-0.18	B1.5V	0.014	-0.008
534		027.716667	+11.043333	5.94	0.30	F2V w	-0.070	-0.027
535		027.453333	-38.403889	6.37	0.52	F8V	-0.003	0.233
536	2 Per	028.039167	+50.792778	5.79	-0.07	B9IIIpHgMn	0.017	-0.026
537		027.584167	-47.816389	6.14	1.01	K1IV	0.124	0.051
538		028.211667	+51.474722	6.26		A3V	-0.011	-0.009
539	55Zet Cet	027.865000	-10.335000	3.73	1.14	K0IIIBa0.1	0.041	-0.039
540		028.452083	+55.598056	6.45	0.18	A5m	0.049	0.001
541		027.727083	-50.206111	5.94	0.14	A1Vp	-0.042	-0.003
542	45Eps Cas	028.598750	+63.670000	3.38	-0.15	B3III	0.032	-0.021
543	55 And	028.322083	+40.729722	5.40	1.32	gK1	-0.010	-0.006
544	2Alp Tri	028.270417	+29.578889	3.41	0.49	F6IV	0.011	-0.235
545	5Gam1Ari	028.382500	+19.295833	4.83		B9V	0.078	-0.112
546	5Gam2Ari	028.382500	+19.293611	4.75	-0.04	A1pSi	0.079	-0.104
547		028.217083	-16.929167	5.80	0.27	F0IIIn	0.042	-0.053
548	46Ome Cas	029.000000	+68.685278	4.99	-0.10	B8III	0.013	-0.011
549	111Xi Psc	028.388750	+3.187500	4.62	0.94	K0III	0.022	0.023
550	Tau2Hyi	026.943750	-80.176667	6.06	0.34	F0IV	-0.074	-0.071
551		028.724167	+40.701944	6.24	1.25	K2	0.047	-0.066
552		028.739583	+37.128333	6.26	1.17	K0	0.021	-0.010
553	6Bet Ari	028.660000	+20.808056	2.64	0.13	A5V	0.096	-0.111
554		028.346667	-38.594722	6.10	1.12	K1II	0.131	0.027
555	Psi Phe	028.411667	-46.302500	4.41	1.59	M4III	-0.086	-0.087
556		028.976667	+37.277778	5.89	1.63	gM0	0.004	-0.003
557	56 And	029.038750	+37.251667	5.67	1.06	K0III	0.182	0.006
558	Phi Phe	028.591667	-42.496944	5.11	-0.06	A3V	-0.028	-0.032
559	7 Ari	028.962500	+23.577222	5.74	1.19	K1III	0.009	-0.013
560		028.974167	+1.849722	6.01	0.56	F7V+G0V	0.158	0.184
561		029.638750	+61.698056	6.02	-0.04	B5III	0.014	-0.008
562		029.485000	+41.694444	6.78	-0.06	B8III	0.012	-0.014
563	8Iot Ari	029.337917	+17.817500	5.10	0.92	K1p	0.037	-0.018
564		029.432500	+27.804444	5.82	1.60	M2III	0.026	-0.058
565	56 Cet	029.167500	-22.526944	4.85	1.42	K4III	0.062	-0.029
566	Chi Eri	028.989583	-51.608889	3.70	0.85	G8IIIbCNIV	0.681	0.292
567		029.908333	+64.621389	5.26	0.01	A0Vn	0.033	-0.020
568	3 Per	029.640000	+49.204167	5.69	1.01	K0IV	0.010	0.038
569	9Lam Ari	029.482083	+23.596111	4.79	0.28	F0V	-0.090	-0.013
570	Eta2Hyi	028.733750	-67.647222	4.69	0.95	G8.5III	0.074	0.074
571		028.943333	-60.861389	6.06	0.37	F0IV-V	0.004	0.056
572		030.738333	+77.916389	6.04	1.14	K0	-0.004	-0.002
573		029.250417	-51.766111	6.10	0.48	F6-7V	0.359	0.248
574		029.291667	-47.385000	4.83	0.88	G8III	0.103	0.016
575	48 Cas	030.489167	+70.906944	4.54	0.16	A3IV	-0.067	0.004
576		029.611250	-33.066667	6.35	1.02	K0III	0.008	-0.020
577		029.898750	+21.058333	5.87	1.03	K0III-IV	0.139	-0.022
578		029.857917	+12.294722	6.09	0.19	A6V	0.008	-0.042
579		030.793750	+73.850556	6.23		A5III	-0.029	-0.005
580	50 Cas	030.858750	+72.421389	3.98	-0.01	A2V	-0.045	0.022
581	47 Cas	031.280833	+77.281389	5.38	0.31	F0Vn	0.125	-0.056
582	112 Psc	030.038333	+3.097222	5.88	0.62	G2IV	0.231	-0.251
583	57 Cet	029.942083	-20.824444	5.41	1.65	M1III	0.008	0.019
584		029.473333	-65.424722	6.37	0.90	G8II-III	-0.010	-0.013
585	59Ups Cet	030.001250	-21.077778	4.00	1.57	M0III	0.135	-0.024
586	52 Cas	030.719583	+64.901389	6.00	0.03	A1Vn	-0.002	-0.015
587		030.112083	-8.523611	5.51	1.52	M3III	0.096	-0.010
588		029.911667	-42.030556	5.57	1.06	K1III	-0.054	-0.103
589	53 Cas	030.751250	+64.390000	5.58	0.38	B8Ib	0.005	-0.005
590	4 Per	030.575417	+54.487500	5.04	-0.08	B8III	0.035	-0.002
591	Alp Hyi	029.692500	-61.569722	2.86	0.28	F0V	0.264	0.027
592	49 Cas	031.380000	+76.115000	5.22	0.95	G8III	-0.022	-0.021
593	Sig Hyi	028.960417	-78.348333	6.16	0.44	F5-6IV-V	0.096	0.060
594	Pi For	030.311250	-30.001667	5.35	0.88	G5III	-0.104	-0.109
595	113Alp Psc	030.511667	+2.763611	5.23		A3m	0.033	-0.005
596	113Alp Psc	030.511667	+2.763611	4.33	0.03	A0pSiSr	0.033	-0.005
597		032.355417	+81.295833	6.05	0.11	A1V	-0.036	0.006
598		031.167083	+65.103333	6.52	0.00	A0V	0.051	-0.032
599	3Eps Tri	030.741667	+33.283889	5.50	0.03	A2V	-0.016	-0.013
600		029.921250	-66.066389	6.10	1.17	K1III	0.032	0.006
601		030.646667	+13.476667	5.94	1.59	M2III	0.016	-0.010
602	Chi Phe	030.426667	-44.713611	5.14	1.49	K5III	-0.028	-0.053
603	57Gam1And	030.975000	+42.329722	2.26	1.37	K3-IIb	0.045	-0.052
654		034.215417	+57.055278	6.48	0.28	B1Iab	0.001	-0.002
604	57Gam2And	030.977917	+42.330833	4.84	0.03	B8V+A0V	0.037	-0.055
605	10 Ari	030.913750	+25.935556	5.63	0.54	F8IV	0.134	0.022
606		030.617083	-29.665000	6.42	0.14	A3III	-0.033	0.027
607	60 Cet	030.798750	+0.128333	5.43	0.15	A5III	0.079	0.017
608		030.744167	-15.305833	5.86	0.98	G3IV	0.028	0.011
609		030.927500	+18.253333	6.21	1.42	gK4	-0.007	-0.018
610	61 Cet	030.950833	-0.340278	5.93	0.88	G5II-III+G5V	0.079	-0.046
611		030.918750	-4.103611	5.62	1.59	K5I:	0.006	-0.068
612	Nu For	031.122500	-29.296944	4.69	-0.17	B9.5pSi	0.012	0.008
613	12Kap Ari	031.641250	+22.648333	5.03	0.11	A2m	0.018	-0.035
614		031.551250	+8.247500	6.31	1.65	M2III:	-0.005	-0.036
615	11 Ari	031.705000	+25.704722	6.15	-0.03	B9IV-Vn	0.017	-0.011
616		031.622083	+0.035000	6.28	0.90	K0	0.064	-0.010
617	13Alp Ari	031.793333	+23.462500	2.00	1.15	K2-IIICa-1	0.190	-0.148
618		032.168750	+58.423611	5.67	0.61	A1Ia	-0.011	0.003
619		032.140000	+44.459444	6.42		G8III-IV	0.016	-0.051
620	58 And	032.122083	+37.859167	4.82	0.12	A5IV-V	0.157	-0.044
621		032.532500	+53.843056	6.31	0.95	G8III	0.027	-0.043
622	4Bet Tri	032.385833	+34.987222	3.00	0.14	A5III	0.150	-0.040
623	14 Ari	032.355417	+25.939722	4.98	0.33	F2III	0.075	-0.039
624		032.346250	+17.224444	6.43		F5V	0.142	-0.181
625		032.190417	-17.779444	6.10	1.61	M2III	-0.002	-0.032
626		033.338333	+74.027778	6.29	0.91	G8III	0.048	-0.037
627	5 Per	032.870833	+57.645833	6.36	0.33	B5Ia	-0.013	0.005
628	59 And	032.720000	+39.039444	5.63	-0.02	B9V	-0.015	-0.018
629	59 And	032.723750	+39.043056	6.10	-0.07	A1Vn	-0.009	-0.026
630		032.395000	-24.345833	6.48	0.29	F4III	-0.027	-0.044
631	15 Ari	032.656667	+19.500278	5.70	1.65	M3IIIab	0.088	-0.028
632		032.288750	-43.516667	5.85	1.19	K1III	-0.048	-0.053
633	16 Ari	032.800000	+25.936944	6.02	1.36	gK4	-0.007	-0.010
634	5 Tri	032.854167	+31.526389	6.23	0.11	A1m	0.035	-0.013
635	64 Cet	032.837917	+8.569722	5.63	0.56	G0IV	-0.139	-0.112
636		032.520417	-43.815556	6.32	0.90	G8III	0.059	-0.009
637		032.606667	-50.824444	6.12	0.82	K1V	2.119	0.641
638		032.842500	-10.052222	6.01	0.39	F5V	-0.022	-0.166
639	63 Cet	032.899167	-1.825278	5.93	0.97	gG9	-0.008	-0.031
640	55 Cas	033.621250	+66.524444	6.07	0.63	G0II-III+B9V	-0.006	-0.006
641		033.422917	+58.561111	6.44	0.60	A3Iab	-0.012	0.020
642	6 Tri	033.092917	+30.303056	4.94	0.78	G5III+F5V	-0.064	-0.063
643	60 And	033.305417	+44.231667	4.83	1.48	K3.5IIIBa0.5:	-0.020	-0.016
644		033.156250	+24.167778	5.96	1.37	K0	0.041	-0.006
645		033.401250	+51.065833	5.31	0.93	G8III:	0.346	-0.171
646	17Eta Ari	033.200417	+21.210833	5.27	0.43	F5V	0.161	0.003
647		033.510833	+47.484167	6.06	0.40	F4V	-0.063	-0.059
648	19 Ari	033.263750	+15.279722	5.71	1.55	M0III	0.097	-0.023
649	65Xi 1Cet	033.250000	+8.846667	4.37	0.89	G6II-IIICN-2	-0.022	-0.009
650	66 Cet	033.197917	-2.393611	5.54	0.57	F8V	0.370	-0.069
651		033.253750	-21.000278	5.86	1.01	G9III	0.050	0.035
652	Mu For	033.227083	-30.723889	5.28	-0.02	B9V	0.018	0.006
653		033.991250	+47.811389	6.33		G9III-IV	0.062	-0.071
655	7 Tri	033.984167	+33.358889	5.28	-0.01	A0V	-0.017	-0.038
656	20 Ari	033.941667	+25.783056	5.79	0.44	F6IV-V	0.176	-0.063
657	21 Ari	033.928333	+25.043056	5.58	0.49	F6V	-0.088	-0.087
658		033.867917	-9.465556	6.55	-0.02	A0V	-0.003	0.031
659		033.633333	-41.166667	5.91	0.97	G8III	-0.013	-0.028
660	8Del Tri	034.263333	+34.224167	4.87	0.61	G0.5V	1.154	-0.245
661	8 Per	034.499583	+57.899722	5.75	1.17	K3III	0.063	0.005
662	7 Per	034.518750	+57.516667	5.98	1.05	G7III	-0.019	0.006
663		034.389167	+44.306944	6.70		M7-8Se	0.041	0.083
664	9Gam Tri	034.328750	+33.847222	4.01	0.02	A1Vnn	0.047	-0.051
665		034.293333	+23.767778	6.55	1.02	G9III	-0.033	-0.039
666	67 Cet	034.245833	-6.422222	5.51	0.96	G8.5III	0.093	-0.108
667	Pi 1Hyi	033.561250	-67.841667	5.55	1.55	M1III	0.037	0.037
668		035.053750	+64.337222	6.60	-0.03	B9.5V	-0.019	0.018
669	22The Ari	034.531250	+19.901111	5.62	0.01	A1Vn	-0.013	-0.002
670	62 And	034.820000	+47.380000	5.30	-0.01	A1V	-0.059	-0.008
671		034.795417	+46.472500	6.21		A4V	-0.014	-0.009
672		034.505833	+1.757778	5.58	0.60	G0.5IVb	0.368	0.369
673		034.844583	+48.955278	6.37		F4V	-0.093	0.068
674	Phi Eri	034.127500	-51.512222	3.56	-0.12	B8V-IV	0.096	-0.027
675	10 Tri	034.737500	+28.642500	5.03	0.04	A2V	0.011	-0.006
676		034.741667	+23.167778	6.46	0.34	A1V+F3III	0.000	-0.005
677		034.905417	+39.835000	6.63	-0.09	B8V	0.033	-0.010
678	Pi 2Hyi	033.868750	-67.746389	5.69	1.30	K2III	0.035	-0.016
679		035.172500	+47.310833	6.11	-0.08	B5V	0.007	-0.007
680		035.018333	+30.188333	6.47		K0	0.016	-0.023
681	68Omi Cet	034.836250	-2.977500	3.04	1.42	M7IIIe+Bep	-0.008	-0.237
682	63 And	035.242500	+50.151389	5.59	-0.13	B9pSi	0.034	-0.027
683		034.743750	-25.945556	6.34	0.73	G5V	-0.214	0.448
684		034.920000	-4.345556	6.50	0.08	A3V	0.041	0.005
685	9 Per	035.589167	+55.845556	5.17	0.37	A2Ia	-0.002	-0.002
686		034.852917	-41.848333	6.37	1.16	K2III	0.009	0.023
687		035.709583	+41.396389	5.82	0.27	F0III-IV	-0.077	-0.096
688		034.976250	-55.944722	5.81	1.55	K5III	0.026	0.020
689	69 Cet	035.485833	+0.395833	5.28	1.65	M2III	-0.013	-0.007
690		035.965833	+55.364444	6.28	0.86	F7Ib	0.006	-0.024
691	70 Cet	035.551667	-0.885000	5.42	0.31	F0Vn	-0.019	-0.048
692		035.505833	-10.777778	5.46	0.35	F0V	0.140	-0.085
693		035.520833	-17.662222	5.87	1.23	K0III	0.011	-0.060
694	64 And	036.103750	+50.006667	5.19	0.98	G8III	0.024	-0.039
695	Kap For	035.635833	-23.816389	5.20	0.60	G0Va	0.200	-0.062
696	10 Per	036.316667	+56.610000	6.25	0.31	B2Ia	-0.002	0.008
697		035.740833	-18.354444	6.22	0.94	G5	0.149	-0.109
698		035.549167	-43.200000	6.31	1.00	K0III	0.064	0.035
699	65 And	036.405833	+50.278611	4.71	1.53	K4+III	0.027	-0.010
700		035.777083	-37.576389	6.53	1.61	K2III	-0.014	-0.037
701		035.727500	-51.092222	5.92	0.22	A5V	0.022	0.061
702	24Xi Ari	036.204167	+10.610556	5.47	-0.10	B7IV	0.020	-0.017
703		036.083750	-25.847500	6.44	1.32	K3III	0.036	0.013
704	71 Cet	036.243333	-2.780000	6.33	0.00	A0III	-0.001	-0.007
705	Del Hyi	035.437083	-68.659444	4.09	0.03	A3V	-0.050	0.002
706		036.140833	-40.840556	6.18	0.66	G2V	0.222	0.111
707	Iot Cas	037.266667	+67.402500	4.52	0.12	A5pSr	-0.017	0.011
708	72Rho Cet	036.487500	-12.290556	4.89	-0.03	B9.5Vn	-0.010	-0.009
709	66 And	036.965833	+50.569722	6.12	0.41	F4V	0.036	-0.093
710		036.501250	-15.341111	5.83	0.15	A6VpSrCr	-0.058	-0.047
711		036.779167	+27.013333	6.18	1.43	K5III	-0.055	-0.065
712	11 Tri	036.865417	+31.801389	5.54	1.12	gK1	-0.027	-0.028
713		036.646667	-20.042778	5.88	1.26	K2III	0.088	0.099
714	Lam Hor	036.224583	-60.311944	5.35	0.39	F2III	-0.068	-0.133
715	Kap Hyi	035.717917	-73.645833	5.01	1.09	K1III	-0.083	0.010
716		037.354167	+55.536389	6.51	0.09	A2pShell	0.033	-0.010
717	12 Tri	037.041667	+29.669444	5.29		F0III	-0.015	-0.087
718	73Xi 2Cet	037.039583	+8.460000	4.28	-0.06	B9III	0.040	-0.009
719		037.000000	+1.960833	6.45	0.97	K0III	-0.002	-0.012
720	13 Tri	037.202083	+29.931944	5.89	0.58	G0V	-0.069	0.074
721	Kap Eri	036.746250	-47.703889	4.25	-0.14	B5IV	0.023	-0.010
722		036.359583	-66.494722	6.41	1.54	M5III	-0.029	-0.019
723		037.306667	+23.468889	6.19	0.15	A5m	0.081	-0.028
724	Phi For	037.007083	-33.811111	5.14	0.10	A2V	0.020	0.007
725		037.397083	+9.565833	6.07	1.02	K2III	-0.012	0.012
726		037.569167	+33.833889	6.25	1.07	K1III	0.070	-0.057
727		037.147500	-31.102500	6.11	1.11	K2IIICNII	-0.034	-0.019
728		037.635000	+25.235000	5.92	0.41	F6IV	0.066	-0.078
729	26 Ari	037.660000	+19.855278	6.15	0.25	A9V	0.078	-0.033
730		037.480833	-22.682778	6.77	0.19	A9V	0.077	0.006
731	27 Ari	037.726667	+17.703889	6.23	0.90	G5III-IV	0.031	-0.084
732		037.688333	+0.255278	6.00	0.17	A7III-IV s	-0.053	-0.071
733		037.557500	-25.186389	6.51	0.29	dA9n	0.090	0.031
734		037.018333	-64.299722	6.37	-0.04	A0V	0.037	0.001
735		037.636667	-22.545556	6.10	1.61	M1III	0.008	-0.033
736	14 Tri	038.025833	+36.147222	5.15	1.47	K5III	0.046	0.012
737		037.875417	+2.267222	5.25	1.27	K3III	0.027	-0.004
738		038.218750	+34.542500	5.83	1.07	K0III	-0.066	-0.012
739	75 Cet	038.039167	-1.035000	5.35	1.02	gG3	-0.026	-0.037
740	76Sig Cet	038.021667	-15.244722	4.75	0.45	F4IV	-0.070	-0.120
741	29 Ari	038.225417	+15.034722	6.04	0.54	F8V	-0.028	0.037
742		038.061667	-36.427500	6.30	1.02	G8III	0.065	0.009
743		039.508333	+72.818333	5.16	0.88	G8III	-0.030	0.016
744	Lam1For	038.279167	-34.650000	5.90	1.06	K0III	-0.015	-0.020
745		038.417500	-20.001944	6.21	1.10	K0	-0.041	-0.079
746		038.866250	+39.664444	6.36	-0.10	B9pHgMn	0.026	-0.026
747		039.400417	+65.745556	5.78	1.56	K5III	0.042	-0.005
748		038.911667	+37.312222	5.71	1.39	K3III	0.004	-0.009
749	Ome For	038.461250	-28.232500	4.90	-0.05	B9.5V	-0.019	-0.013
750	15 Tri	038.945000	+34.687500	5.35	1.66	M3IIIa	0.030	-0.049
751		038.767083	+7.471389	6.18	1.06	gG6	-0.006	-0.108
752	77 Cet	038.677917	-7.859444	5.75	1.40	gK4	0.063	-0.065
753		039.020417	+6.886944	5.82	0.98	K3V	1.811	1.451
754	78Nu Cet	038.968750	+5.593333	4.86	0.87	G8III	-0.026	-0.025
755		038.477500	-51.093611	6.24	0.52	F6V	-0.004	-0.030
756		039.238333	+38.732778	5.90	0.48	F5V	0.145	-0.194
757		039.178750	+31.607500	6.10	1.05	K0	-0.042	-0.004
758		039.260417	+34.263889	5.30	1.55	M4IIIe	0.058	-0.029
759	80 Cet	039.000000	-7.831667	5.53	1.59	M0III	-0.033	-0.059
760		039.336667	+39.895833	6.54	-0.12	B5V	0.006	-0.019
761		039.276667	+32.891944	6.25	0.48	F8V	0.065	0.063
762		038.390000	-62.586944	6.77	-0.06	B9V	0.026	0.010
763	31 Ari	039.157917	+12.447500	5.68	0.49	F7V	0.286	-0.089
764	30 Ari	039.240417	+24.648333	7.09	0.50	F4V	0.143	0.000
765	30 Ari	039.252083	+24.647500	6.50	0.41	F6III	0.136	-0.006
766		039.146250	+7.729722	5.81	1.04	gK0	-0.049	-0.031
767	Iot1For	039.038750	-30.044722	5.75	1.02	G8-K0III	-0.013	0.001
768		039.574167	+37.726667	6.18	0.47	F6III	-0.040	-0.044
769		039.615833	+38.089444	6.30	-0.03	B9.5V	-0.009	0.001
770		039.503333	+7.695278	6.39	0.44	F6IV	0.086	-0.044
771	81 Cet	039.424167	-3.396111	5.65	1.02	gG5	0.041	-0.045
772	Lam2For	039.244167	-34.578333	5.79	0.66	G5IV	-0.015	-0.270
773	32Nu Ari	039.704167	+21.961389	5.43	0.16	A7V	-0.008	-0.017
774		041.948333	+81.448333	5.78	1.30	G8pBa3	0.010	-0.076
775		039.653750	+3.443056	6.21	1.00	G9III	0.043	0.002
776	Mu Hyi	037.918750	-79.109444	5.28	0.98	G8III	0.121	-0.056
777	Iot2For	039.577917	-30.194167	5.83	0.48	F4V	0.100	-0.077
778	Eta Hor	039.351667	-52.543056	5.31	0.27	A6V	0.100	-0.019
779	82Del Cet	039.870833	+0.328611	4.07	-0.22	B2IV	0.014	-0.004
780		039.603333	-37.990556	6.49	0.52	G0IV	0.111	-0.063
781	83Eps Cet	039.890833	-11.872222	4.84	0.45	F5V+F6V	0.146	-0.236
782	33 Ari	040.171250	+27.060833	5.30	0.09	A3V	0.067	-0.031
783		040.065417	+6.111944	6.25	0.40	F3V:	0.052	-0.003
784		040.051250	-9.453056	5.78	0.52	F6V	-0.151	-0.086
785	11 Per	040.761667	+55.105833	5.77	-0.13	B7IIIpHg	0.034	-0.027
786		040.010417	-30.633889	6.52	1.04	K0III	-0.004	-0.068
787		040.748750	+53.526111	5.84	1.12	K0II-III	0.068	-0.030
788	12 Per	040.562083	+40.193889	4.91	0.59	F9V	-0.019	-0.186
789		039.950000	-42.891667	4.75	0.06	A2V	0.106	-0.027
790	84 Cet	040.307917	-0.695833	5.71	0.52	F7IV	0.214	-0.136
791		041.207083	+67.824722	5.95	0.10	A5III	0.015	-0.033
792		040.757917	+48.265556	6.48		G5II	0.007	0.002
793	34Mu Ari	040.591667	+20.011667	5.69	-0.02	A0Vnp:	0.029	-0.043
794	Iot Eri	040.166667	-39.855556	4.11	1.02	K0III	0.138	-0.032
795		040.451250	-3.213333	6.05	1.17	gG9	-0.019	0.002
796		040.391667	-14.549444	5.98	0.43	F5III:	-0.032	0.042
797		040.620417	+10.741667	6.30	0.06	A2V	-0.025	-0.022
798		039.882083	-64.281944	6.55	-0.08	B8V	0.025	0.013
799	13The Per	041.050000	+49.228333	4.12	0.49	F8V	0.336	-0.089
800	14 Per	041.021667	+44.296944	5.43	0.90	G0Ib-IICa1CH-1	0.004	-0.007
801	35 Ari	040.862917	+27.707222	4.66	-0.13	B3V	0.008	-0.012
802	Zet Hor	040.165000	-54.550000	5.21	0.40	F4IV	0.036	-0.001
803		040.963333	+25.638056	6.35	0.08	A2Vp:	-0.011	-0.005
804	86Gam Cet	040.825000	+3.235833	3.47	0.09	A3V	-0.142	-0.152
805		040.527500	-38.383889	6.01	0.92	G8III	0.018	0.001
806	Eps Hyi	039.897500	-68.266944	4.11	-0.06	B9V	0.086	-0.002
807		040.535417	-46.524444	6.10	0.88	K1III	0.015	-0.100
808	36 Ari	041.079583	+17.763889	6.46	1.07	K2III	0.039	-0.038
809	37Omi Ari	041.137083	+15.311667	5.77	-0.01	B9Vn	-0.002	-0.019
810	Iot Hor	040.639583	-50.800278	5.41	0.56	G0V	0.334	0.222
811	89Pi Cet	041.030833	-13.858611	4.25	-0.14	B7V	-0.008	-0.015
812	38 Ari	041.240000	+12.445833	5.18	0.24	A7III-IV	0.122	-0.084
813	87Mu Cet	041.235417	+10.114167	4.27	0.31	F0IV	0.284	-0.036
814		040.834583	-40.527500	6.36	-0.02	B9V	0.019	0.024
815		042.231250	+69.634167	6.18	0.18	A3V	0.000	0.032
816		041.337083	+4.711667	6.03	0.31	gF0	0.068	-0.043
817		041.085417	-32.525000	6.22	0.04	A1V	0.020	-0.031
818	1Tau1Eri	041.275833	-18.572500	4.47	0.48	F6V	0.330	0.038
819		041.742917	+35.983611	6.25	0.93	G8III	0.050	-0.005
820		041.764583	+35.555000	6.30		A9V	-0.043	-0.047
821		041.044583	-52.570556	6.15	0.09	A2V	-0.012	-0.015
822		041.318750	-46.287222	6.85	1.36	K2III	-0.003	-0.014
823		040.860833	-66.714444	6.26	0.53	F5V	0.108	-0.070
824	39 Ari	041.977083	+29.247222	4.51	1.11	K1.5III	0.149	-0.123
825		042.378333	+57.084167	6.25	0.89	A5Ia	0.004	-0.010
826		041.688333	-21.639722	6.49	0.38	F3IV	0.091	0.009
827		041.796667	-22.485556	6.47	0.39	F2	-0.021	-0.038
828	40 Ari	042.133750	+18.283611	5.82	1.20	K1III	0.044	-0.036
829		042.994583	+68.888611	5.80	0.64	F5:Ib-II	-0.006	-0.004
830		042.191250	+25.188056	5.86	-0.07	A0V	0.059	-0.004
831		042.362917	+37.326111	6.45	0.43	F6III-IV	0.009	-0.016
832		041.983333	-12.460556	6.90	1.56	M4III	0.007	-0.038
833	Gam Hor	041.364583	-63.704444	5.74	0.93	G8III-IV	0.022	-0.009
834	15Eta Per	042.674167	+55.895556	3.76	1.68	K3-Ib-IIa	0.017	-0.014
835	Eta1For	041.890417	-35.550833	6.51	0.96	K0-1III	-0.041	-0.039
836	42Pi Ari	042.322917	+17.464167	5.22	-0.06	B6V	-0.001	-0.015
837	Zet Hyi	041.385833	-67.616667	4.84	0.06	A2IV-V	0.069	0.046
838	41 Ari	042.495833	+27.260556	3.63	-0.10	B8Vn	0.067	-0.118
839		042.939583	+58.314722	6.45	0.10	A1m	-0.066	0.015
840	16 Per	042.646250	+38.318611	4.23	0.34	F2III	0.197	-0.105
841	Bet For	042.272500	-32.405833	4.46	0.99	K0-IIIFe-0.5	0.090	0.155
842		042.923750	+46.841944	5.88	0.89	G8III	-0.025	-0.028
843	17 Per	042.878333	+35.059722	4.53	1.56	K5+III	0.009	-0.061
844	Gam1For	042.462500	-24.560278	6.14	1.07	K1III	-0.043	-0.127
845	Gam2For	042.475833	-27.941667	5.39	0.02	A0V	0.047	0.028
846		043.216667	+52.997778	6.36	0.07	B8III	0.002	-0.011
847	43Sig Ari	042.873333	+15.081944	5.49	-0.09	B7V	0.031	-0.026
848	Eta2For	042.561667	-35.843611	5.92	0.90	K0III	0.058	0.021
849		043.338333	+48.569444	6.26	1.18	G5I	0.015	-0.027
850	2Tau2Eri	042.759583	-21.004167	4.75	0.91	K0III	-0.046	-0.019
851	Eta3For	042.668333	-35.676111	5.47	1.25	K5III	0.006	-0.061
852	Nu Hor	042.256250	-62.806667	5.26	0.10	A2V	0.091	0.021
853		042.699583	-39.931667	6.36	0.05	A0V	0.055	0.007
854	18Tau Per	043.564583	+52.762500	3.95	0.74	G4III+A4V	0.000	-0.005
855	20 Per	043.427500	+38.337500	5.33	0.41	F4IV	0.047	-0.077
856		043.298750	+16.483333	6.31		F5III	0.055	-0.062
857		043.133750	-12.769444	6.04	0.87	K2V	0.394	-0.175
858		042.980417	-30.814444	6.40	0.48	F8IV-V	-0.116	0.106
859		043.210417	-9.441111	6.32	0.19	A7IV	0.074	0.050
860		043.987083	+61.521111	5.59	0.45	F4V	0.142	0.032
861		044.103333	+64.332500	6.24	2.03	K3Ib	0.006	-0.002
862		043.397083	-22.376389	5.95	1.04	K0III	0.090	-0.080
863	Psi For	043.393333	-38.436944	5.92	0.44	F6IV	0.063	0.031
864		044.210833	+51.260833	6.22	1.57	K5III	-0.011	-0.039
865		044.139167	+47.163889	6.02	1.34	gK3	0.004	0.000
866		043.080000	-62.909722	6.03	1.25	K1III	0.072	0.001
867	45Rho2Ari	043.952083	+18.331667	5.91	1.47	M6-III:	-0.008	-0.017
868		043.470417	-49.890278	4.00	2.11	M7IIIe	0.135	0.014
869	46Rho3Ari	044.108750	+18.023056	5.63	0.43	F6V	0.276	-0.213
870		044.057500	+8.381667	5.97	0.48	F7IV	0.068	-0.087
871		043.527083	-50.871389	6.21	1.58	K4III	0.010	0.006
872	Nu Hyi	042.618750	-75.066944	4.75	1.33	K3III	-0.037	-0.027
873	21 Per	044.322083	+31.934167	5.11	-0.01	B9pSi	0.003	-0.031
874	3Eta Eri	044.107083	-8.898056	3.89	1.11	K1-IIIbBa0.2:	0.079	-0.220
875		044.155833	-3.712222	5.17	0.08	A1Vn	-0.035	-0.044
876		044.509583	+38.615000	6.04	1.41	gK3	-0.007	-0.016
877		044.269167	+4.501111	6.11	1.69	M4IIIab	0.017	0.023
878	47 Ari	044.521667	+20.668611	5.80	0.41	F5IV	0.233	-0.031
879	22Pi Per	044.690417	+39.662778	4.70	0.06	A2Vn	0.024	-0.043
880		043.587083	-64.435556	6.56	1.39	K2-3III	0.009	-0.004
881		046.532500	+79.418611	5.49	1.57	M1III+F7IV	-0.039	0.009
882	24 Per	044.765417	+35.183056	4.93	1.23	K2III	-0.046	0.006
883	4 Eri	044.348750	-23.861944	5.45	0.23	A5V	0.098	-0.030
884		044.304583	-29.855278	6.29	0.47	A2-3V:+G:	0.012	-0.005
885		044.957917	+47.220833	5.47	0.89	G5:III*	0.021	0.024
886		044.916250	+41.033056	5.89	1.44	K2	0.019	-0.039
887	48Eps Ari	044.802917	+21.340278	4.63	0.04	A2V s	-0.017	-0.005
888	48Eps Ari	044.802917	+21.340278	4.63	0.04	A2V s	-0.017	-0.005
889	6 Eri	044.523750	-23.606111	5.84	1.33	K2III	0.060	0.050
890		045.217500	+52.351667	5.28	-0.05	B7V	0.028	-0.026
891		045.222500	+52.352222	6.74	0.00	B9V	0.014	-0.021
892		044.675000	-2.782500	5.23	0.00	A2IV	-0.030	-0.056
893		044.386250	-38.191111	6.41	-0.03	A0Vn	0.007	0.005
894		045.049167	+38.131667	6.11	-0.06	B8Vne	0.006	-0.028
895		044.697500	-9.776389	6.14	0.22	A2m	0.010	-0.011
896	91Lam Cet	044.928750	+8.907500	4.70	-0.12	B6III	0.004	-0.014
897	The1Eri	044.565417	-40.304722	3.24	0.14	A4III	-0.045	0.019
898	The2Eri	044.567917	-40.304444	4.35	0.08	A1V	-0.064	0.018
899	5 Eri	044.921667	-2.465000	5.56	-0.08	B9.5V	-0.002	-0.022
900		044.777500	-28.906944	6.14	1.04	K1III	0.018	-0.044
901	Zet For	044.900417	-25.274167	5.71	0.40	F2V	0.180	0.087
902		045.183750	+10.870278	5.95	1.59	K6	0.080	-0.039
903		044.909583	-32.507222	6.31	0.00	A0V	0.010	0.011
904	7 Eri	045.212500	-2.878611	6.11	1.77	M1III	0.020	0.006
905	49 Ari	045.475417	+26.462222	5.90	0.14	A3m	-0.012	0.000
906		047.928333	+81.470556	5.95	0.15	A7III-IV	-0.040	-0.009
907	8Rho1Eri	045.291667	-7.662778	5.75	1.05	K0II	0.098	-0.070
908		045.467917	+5.336111	6.25	1.05	K0	0.036	0.015
909	Bet Hor	044.699167	-64.071389	4.99	0.13	A3-5IIIm:	0.022	0.001
910	93 Cet	045.593750	+4.352778	5.61	-0.10	B7V	0.014	0.005
911	92Alp Cet	045.570000	+4.089722	2.53	1.64	M1.5IIIa	-0.009	-0.078
912		045.483750	-9.961389	5.83	1.11	gG6	0.046	0.000
913		045.538750	-6.494722	6.19	0.60	G0IV-V	0.087	-0.148
914	Eps For	045.407083	-28.091667	5.89	0.79	G5IV	0.279	-0.437
915	23Gam Per	046.199167	+53.506389	2.93	0.70	G8III+A2V	0.000	-0.005
916		045.876250	+28.269722	6.36		F0V	0.083	-0.020
917	9Rho2Eri	045.676250	-7.685278	5.32	0.94	K0II-III	0.047	-0.001
918		046.385000	+56.705833	4.76	1.02	G9.5III	-0.014	0.067
919	11Tau3Eri	045.597917	-23.624444	4.09	0.16	A4IV	-0.145	-0.054
920		046.416250	+56.068611	6.11	1.02	G9III	-0.003	-0.039
921	25Rho Per	046.294167	+38.840278	3.39	1.65	M4II	0.130	-0.106
922		046.829167	+64.057778	5.89	-0.03	B9V	-0.015	0.006
923		046.336667	+40.582500	6.05	1.01	K0III	-0.053	0.001
924		046.169583	+15.856111	6.49		K3III	-0.001	-0.093
925	10Rho3Eri	046.068333	-7.600833	5.26	0.20	A8V	0.056	0.013
926		046.158750	+1.863611	6.05	1.04	K0III	0.028	-0.003
927	52 Ari	046.361250	+25.255278	6.80	-0.02	B7V	0.002	-0.008
928	52 Ari	046.361250	+25.255278	7.00		B7V	0.003	-0.008
929		045.732917	-46.975000	5.82	1.30	K2-3III	0.029	0.003
930		047.016250	+52.213333	6.31	-0.01	B5V	0.032	-0.026
931		046.598750	+13.187222	5.62	1.08	K3III	0.000	-0.063
932		047.984583	+74.393611	4.87	0.02	A2Vnn	0.012	-0.090
933		046.947500	+47.308333	6.41	0.12	A3Vnn	0.005	-0.008
934	Mu Hor	045.903333	-59.737778	5.11	0.34	F0IV	-0.073	-0.067
935		046.639583	-6.088611	5.27	1.60	M3III	0.006	-0.008
936	26Bet Per	047.042083	+40.955556	2.12	-0.05	B8V	0.004	-0.001
937	Iot Per	047.266667	+49.613333	4.05	0.59	G0V	1.263	-0.091
938	53 Ari	046.857083	+17.880000	6.11	-0.12	B1.5V	-0.025	0.008
939	The Hyi	045.564167	-71.902500	5.53	-0.14	B3V+A0IV	0.025	0.014
940	54 Ari	047.088333	+18.795000	6.27	1.58	M0III	0.047	-0.016
941	27Kap Per	047.374167	+44.857222	3.80	0.98	K0III	0.177	-0.157
942		047.161250	+8.470833	6.28	1.06	G9III	-0.015	0.069
943		046.962083	-27.831111	6.19	0.16	A5V	0.075	-0.020
944	55 Ari	047.402917	+29.076944	5.72	0.12	B8III	0.019	-0.014
945		047.536667	+27.820000	6.42	0.01	A0V	0.005	-0.048
946		047.612500	+26.896389	6.02	1.28	K3III	0.004	0.070
947	28Ome Per	047.822500	+39.611667	4.63	1.11	K1III	-0.023	0.005
948		047.662083	+11.872500	5.98	-0.06	B8V	0.041	-0.026
949		048.110000	+47.725833	6.33	1.43	K5III	0.074	-0.083
950		048.040000	+42.376111	6.15	-0.09	B4V	0.028	-0.013
951	57Del Ari	047.907500	+19.726667	4.35	1.03	K2III	0.152	-0.011
952		047.841250	+13.047778	6.12	1.02	K0IIIp	-0.013	0.015
953		047.647500	-23.738333	6.38	0.93	K0IV	0.058	0.033
954	56 Ari	048.059167	+27.256944	5.79	-0.12	B9pSi	0.010	-0.017
955		047.828333	-3.811667	6.05	1.66	M1III	-0.006	-0.014
956		048.350000	+48.176944	5.90	0.97	G9III	0.030	-0.022
957		047.820000	-16.025278	6.26	1.20	K0	-0.014	-0.020
958		048.110000	+6.660833	5.56	1.08	K1IIIep+A6V	-0.009	-0.004
959		046.955000	-69.265556	6.15	1.02	K1III	-0.025	-0.016
960		047.614167	-48.734167	6.12	1.12	K1III	0.034	-0.027
961		050.082083	+77.734722	5.45	0.19	A6V	0.059	-0.061
962	94 Cet	048.193333	-1.196111	5.06	0.57	F8V	0.196	-0.067
963	Alp For	048.017917	-28.986944	3.87	0.52	F8V	0.339	0.640
964		048.950000	+57.140833	5.79	0.73	A0Ia	-0.004	0.003
965		053.083750	+84.911111	5.61	0.92	G3IIp:+F0:V	0.063	-0.136
966		048.736250	+42.503889	6.07	1.07	K2III	0.070	0.012
967		049.381667	+65.658611	6.36	0.09	A3V	-0.010	0.010
968		048.107500	-44.419722	5.93	0.44	F7III+A0V	0.093	-0.017
969		049.050833	+50.937778	5.03	1.15	G6Ib-IIa	-0.007	-0.016
970		048.256250	-35.943889	6.27	-0.08	B8V	0.003	-0.001
971		048.835417	+30.556667	5.52	0.01	A1V s	-0.006	0.007
972	58Zet Ari	048.725417	+21.044444	4.89	-0.01	A1V	-0.028	-0.073
973		049.019583	+45.345833	6.16	1.67	M2III	0.054	-0.045
974		048.408333	-29.804167	6.16	1.05	K1IICNIII	0.027	-0.002
975		048.945833	+32.856389	6.31	0.37	F4V vw	-0.035	0.009
976		049.007917	+34.688611	6.25	0.28	A1m	0.043	-0.034
977		048.138333	-57.321667	5.74	2.28	C5II	0.019	0.009
978		049.146250	+32.183611	6.06	0.99	G8IV	-0.018	-0.108
979		049.297500	+40.483333	6.45		B9VpSi	0.015	-0.023
980		048.750833	-26.100278	6.25	0.04	A5V	-0.019	-0.015
981		046.883333	-78.989444	5.57	0.30	F2II-III	0.071	0.066
982	30 Per	049.447500	+44.025000	5.47	-0.06	B8V	0.032	-0.029
983		049.003750	-5.918611	6.17	-0.02	B9V	0.007	-0.004
984	13Zet Eri	048.958333	-8.819722	4.80	0.23	A5m	-0.002	0.046
985		049.997500	+65.652222	4.84	-0.15	B2.5Ven	0.015	-0.013
986		049.440833	+39.283333	5.96	0.07	A2IV	0.022	-0.020
987	29 Per	049.657500	+50.222222	5.15	-0.06	B3V	0.029	-0.026
988	14 Eri	049.148750	-9.154444	6.14	0.40	F1V	-0.005	0.048
989	31 Per	049.781667	+50.095000	5.03	-0.06	B5V	0.023	-0.025
990		049.047083	-30.827500	6.65	-0.07	A0V	0.030	0.004
991		049.682500	+34.222778	4.82	1.49	K2IICN1	0.003	-0.006
992	95 Cet	049.593333	-0.930278	5.38	1.04	G9IV	0.252	-0.052
993		049.511667	-28.796944	5.91	0.33	F3V+A8-9	0.185	-0.015
994	15 Eri	049.592083	-22.511389	4.88	0.90	G6III	0.018	0.012
995	59 Ari	049.982500	+27.071111	5.90	0.86	G6IV	-0.026	-0.075
996	96Kap1Cet	049.840417	+3.370278	4.83	0.68	G5V	0.271	0.092
997		049.671667	-18.559722	5.71	0.37	F0IV	0.136	-0.053
998		049.360833	-47.751667	5.85	1.24	K2III	-0.005	0.021
999		050.085000	+29.048333	4.47	1.55	K2II-III	-0.008	-0.016
1000	60 Ari	050.106667	+25.662778	6.12	1.24	gK3	0.017	-0.087
1001		050.469167	+49.070833	5.93	0.43	F6V	0.191	-0.070
1002	32 Per	050.360417	+43.329444	4.95	0.04	A3V	-0.063	-0.006
1003	16Tau4Eri	049.879167	-21.757778	3.69	1.62	M3.5IIIaCa-1	0.052	0.033
1004		049.895000	-24.123056	5.61	1.66	M2III	0.001	-0.025
1005	61Tau1Ari	050.306667	+21.146944	5.28	-0.07	B5IV	0.025	-0.024
1006	Zet1Ret	049.442500	-62.575278	5.54	0.64	G2.5VFe1Hdel 1	1.339	0.648
1007	97Kap2Cet	050.278333	+3.675556	5.69	0.97	G8.5III	0.051	-0.026
1008		049.982083	-43.069722	4.27	0.71	G8V	3.043	0.725
1009		051.168750	+64.586111	5.23	2.08	M0II	-0.005	0.001
1010	Zet2Ret	049.553750	-62.506389	5.24	0.60	G1V	1.336	0.645
1011		050.805000	+49.213333	5.29	-0.07	B5V	0.022	-0.020
1012	62 Ari	050.549583	+27.607500	5.52	1.10	G5III	0.009	-0.014
1013		050.188333	-26.606389	6.39	0.54	F7V	0.043	0.024
1014		049.495833	-66.926944	6.05	0.13	A3V	0.055	0.007
1015	63Tau2Ari	050.688333	+20.741944	5.09	1.24	K3III	-0.044	-0.022
1016		050.350000	-23.635278	5.52	0.88	G6.5IIbCN-1Hdel -1	-0.021	-0.029
1017	33Alp Per	051.080833	+49.861111	1.79	0.48	F5Ib	0.024	-0.025
1018		050.567917	-25.587778	6.35	0.01	A0V	0.009	-0.002
1019		051.123750	+33.535833	5.61	-0.03	A0V	0.038	-0.028
1020		051.451667	+53.921667	6.51	0.29	A9III-IV	0.088	-0.030
1021		050.388750	-47.776944	6.39	1.00	K0III	-0.002	-0.023
1022	64 Ari	051.077083	+24.724167	5.50	1.19	gK4	0.015	-0.050
1023		050.912917	+4.881944	6.38	0.86	G5III	0.006	-0.008
1024		050.824167	-7.794167	6.20	0.70	G2V	0.010	-0.222
1025	Iot Hyi	048.990000	-77.388333	5.52	0.44	F4III	0.109	0.061
1026		051.289167	+41.257222	6.51		A0V	-0.005	0.001
1027	65 Ari	051.108750	+20.803611	6.08	-0.04	A1V	-0.002	-0.006
1028		051.042083	+12.629444	6.04	1.23	K0III-IV	0.028	-0.021
1029		051.489167	+49.120833	6.09	-0.07	B7V	0.026	-0.022
1030	1Omi Tau	051.203333	+9.028889	3.60	0.89	G6IIIFe-1	-0.066	-0.078
1031		050.935833	-32.707222	6.50	1.37	K3III	0.023	-0.005
1032		052.581250	+71.863889	6.32	1.80	M2III	0.010	0.005
1033		052.098333	+60.255556	6.49	0.02	B9V+A1	0.018	-0.021
1034		052.012917	+49.062778	4.98	-0.09	B5V	0.024	-0.028
1035		052.267083	+59.940278	4.21	0.41	B9Ia	-0.003	-0.004
1036		051.763333	+18.756389	6.57	0.15	A3Vnp	0.043	-0.006
1037		052.218333	+49.848333	5.58	-0.04	B6Vn	0.028	-0.026
1038	2Xi Tau	051.792500	+9.732778	3.74	-0.09	B9Vn	0.060	-0.039
1039		051.827917	+12.735000	6.28	-0.02	A0V s	0.007	-0.019
1040		052.478750	+58.878611	4.54	0.56	A0Ia	0.006	-0.002
1041		052.086667	+33.807500	5.61	0.02	A2V	0.037	-0.057
1042	Chi1For	051.482500	-35.920833	6.39	0.08	A1IV	0.029	-0.007
1043		052.547083	+59.366111	6.13	0.08	A2V	0.036	-0.047
1044	34 Per	052.342083	+49.508889	4.67	-0.09	B3V	0.026	-0.027
1045		051.593750	-27.317500	5.93	0.94	G5III	0.008	0.049
1046		052.500833	+55.451944	5.09	0.05	A1V	-0.046	-0.009
1047		052.359167	+46.937778	6.24	0.13	B7V	0.018	-0.035
1048	66 Ari	052.110833	+22.804167	6.03	0.95	K0IV	-0.001	-0.104
1049		051.548750	-41.636944	6.32	0.06	A0V	0.015	0.027
1050		052.004167	-11.286667	5.73	1.10	K2III	0.002	-0.049
1051		052.654167	+48.103611	5.82	-0.04	B8V	0.032	-0.029
1052	35Sig Per	052.643750	+47.995278	4.36	1.35	K3III	0.004	0.020
1053		051.010417	-69.624722	6.15	0.48	G0-5+A3-5V	0.029	0.015
1054	Chi2For	051.889167	-35.681389	5.71	1.29	K2III	0.081	0.002
1055		053.801667	+73.346944	6.57	0.03	A0Vn	0.013	-0.026
1056		052.872500	+49.209722	6.29	0.09	A0Vn	-0.005	0.001
1058	Chi3For	052.047917	-35.853333	6.50	0.13	A1V	0.030	-0.003
1059		052.954583	+49.400833	6.39	0.09	B9III	0.012	-0.005
1060		052.412917	-6.805000	5.99	1.02	G5	-0.096	-0.104
1061	4 Tau	052.602083	+11.336389	5.14	-0.03	A0Vn	-0.008	-0.018
1062		052.400000	-12.674722	5.59	0.17	A5IV	0.005	0.004
1063		053.035833	+48.023611	5.47	-0.10	B8IIIpMn	0.020	-0.025
1064		051.400833	-69.336389	5.96	0.42	F3-5IV	-0.002	0.063
1065		052.836667	+27.571944	5.96		A2V	0.041	-0.029
1066	5 Tau	052.718333	+12.936667	4.11	1.12	K0II-IIIFe-0.5	0.020	-0.002
1067		052.689167	+6.188611	5.94	0.96	G8III	0.045	-0.016
1068		053.383750	+58.765000	6.40	0.14	A4III	0.008	-0.057
1069	36 Per	053.109583	+46.056944	5.31	0.40	F4III	-0.054	-0.079
1070	17 Eri	052.654583	-5.075278	4.73	-0.09	B9V s	0.014	0.007
1071		053.421667	+57.868889	6.37	0.51	F7V	0.007	0.040
1072		053.162917	+44.855556	6.41	0.03	B2IV	0.011	-0.013
1073		053.412500	+54.974722	5.98	0.11	A3V	-0.048	-0.005
1074		053.166667	+35.461667	5.90	-0.06	B1V	-0.010	0.001
1075		052.479167	-42.634167	5.78	0.22	A5V	-0.075	-0.001
1076		052.556667	-41.370000	6.12	0.48	F7V	-0.009	-0.175
1077		053.753333	+60.041111	6.46	0.39	F3V	-0.035	0.013
1078		053.396250	+39.899444	5.81	0.11	A5m	0.019	-0.046
1079	6 Tau	053.150000	+9.373611	5.77	-0.08	B9IV	0.033	-0.044
1080		054.853333	+75.739722	6.27	0.97	G9III-IV	-0.015	0.006
1081		052.654167	-47.375278	5.99	0.11	A1V	0.069	0.011
1082		052.974583	-25.614167	6.38	0.12	A3V	0.082	-0.019
1083	Kap Ret	052.344583	-62.937500	4.72	0.40	F5IV-V	0.383	0.372
1084	18Eps Eri	053.232500	-9.458333	3.73	0.88	K2V	-0.974	0.021
1085		053.534583	+17.832778	6.17	0.89	K1IVFe-1	0.089	-0.315
1086	7 Tau	053.610833	+24.464444	5.92	0.13	A3V+A3V	0.008	-0.024
1087	37Psi Per	054.122500	+48.192778	4.23	-0.06	B5Ve	0.024	-0.026
1088	19Tau5Eri	053.447083	-21.632778	4.27	-0.11	B8V+B8V	0.048	-0.027
1089		053.705000	+6.417778	6.49	0.63	G0	-0.007	-0.017
1090		053.145000	-50.378611	5.68	1.10	K2III	0.097	0.079
1091		053.655833	-9.868611	6.25	0.02	A2V	0.018	-0.004
1092		052.715000	-66.489722	5.83	-0.06	B8V	0.010	-0.002
1093		053.486667	-31.080278	6.20	0.48	F5V	-0.021	0.062
1094		054.582083	+56.932778	6.30	-0.13	B9p	0.022	-0.032
1095		053.639583	-31.874722	6.40	1.40	K3III	0.014	0.001
1096		053.215000	-61.016944	6.41	1.04	K0III	0.080	0.036
1097		054.500833	+42.583056	6.42	-0.06	B8Vn	0.024	-0.021
1098		053.990417	-11.193611	5.57	0.91	gG7	0.030	0.084
1099		054.197083	+0.587778	5.71	0.92	G9V	-0.026	-0.164
1100	20 Eri	054.072500	-17.466944	5.23	-0.13	B9.5p	0.029	-0.010
1101	10 Tau	054.218333	+0.401667	4.28	0.58	F9IV-V	-0.233	-0.483
1102		054.449167	+15.430833	6.39	0.17	A5IV	0.015	-0.020
1103		054.750417	+20.915833	6.50	0.15	Am,A5-F0	0.005	-0.026
1104		053.602917	-65.764444	6.75	0.17	A3V	0.044	0.006
1105		055.538750	+63.216667	5.10	1.63	S3.5/2	-0.020	0.017
1106		054.273750	-40.274722	4.58	1.04	K1III	-0.005	-0.030
1107		062.506250	+86.626111	5.86	0.37	F5IV	0.139	-0.084
1108		054.621667	-7.391667	5.85	0.98	gG5	-0.009	-0.055
1109		052.495000	-78.351944	5.70	0.93	G8III	-0.017	-0.028
1110		054.857083	+16.536667	6.16	1.00	K0III	0.041	-0.034
1111	21 Eri	054.754583	-5.626111	5.96	0.92	K1V	-0.015	-0.205
1112		055.677917	+59.969444	5.76	1.71	K3IIb	-0.005	0.002
1113		055.282917	+37.580000	5.57	-0.07	B7Vne	0.023	-0.030
1114	Tau For	054.698750	-27.943056	6.01	-0.02	A0V	0.025	0.023
1115	12 Tau	054.962917	+3.056944	5.57	0.94	gG6	-0.041	0.008
1116		054.909583	-3.393056	6.23	1.04	G5	-0.022	-0.073
1117		054.855833	-10.437222	6.19	1.03	G5	-0.021	-0.104
1118	11 Tau	055.192917	+25.329444	6.11	0.06	A2IV	0.008	-0.015
1119		054.997917	-1.120556	6.12	1.00	K1III-IV	0.024	0.016
1120		055.047500	-15.226667	6.33	0.88	G5	-0.005	-0.014
1121	22 Eri	055.159583	-5.210556	5.53	-0.15	B9IIIpSi4200	-0.003	-0.001
1122	39Del Per	055.731250	+47.787500	3.01	-0.13	B5IIIe	0.028	-0.034
1123	40 Per	055.593750	+33.965000	4.97	-0.01	B0.5V	-0.005	-0.009
1124		056.503750	+67.201667	5.80	0.35	F0IV	0.081	-0.113
1125		055.307500	-11.803056	6.49	0.36	F5II	0.073	0.013
1126	13 Tau	055.578750	+19.700278	5.69	-0.01	B9Vne	0.001	-0.014
1127		056.026667	+48.523611	6.06	1.55	K4III	-0.005	-0.010
1128		055.343333	-19.584722	6.59	0.09	A3V	-0.002	-0.007
1129		056.509583	+63.345000	4.80	0.80	G0III+A3V	-0.004	-0.013
1130		056.170417	+46.099722	6.11	0.28	A7IV	-0.004	-0.024
1131	38Omi Per	056.079583	+32.288333	3.83	0.05	B1III	0.007	-0.011
1132	14 Tau	055.946667	+19.665000	6.14	1.01	G8III	0.116	-0.054
1133		056.130833	+36.460000	5.59	0.06	A2m	0.048	-0.040
1134	Del For	055.562083	-31.938333	5.00	-0.16	B5IV	0.009	0.014
1135	41Nu Per	056.298333	+42.578611	3.77	0.42	F5II	-0.014	-0.002
1136	23Del Eri	055.812083	-9.763333	3.54	0.92	K0+IV	-0.092	0.745
1137		056.117083	+20.928611	6.10	0.01	A0V	0.014	-0.020
1138		057.307500	+70.871111	5.44	0.09	A2m	0.024	-0.065
1139		055.890833	-10.485556	5.60	0.22	A5m	-0.014	-0.017
1140	16 Tau	056.200833	+24.289444	5.46	-0.04	B7IV	0.011	-0.046
1141		056.497083	+45.681944	5.66	-0.07	B6V	0.023	-0.018
1142	17 Tau	056.218750	+24.113333	3.70	-0.11	B6III	0.019	-0.046
1143		055.708750	-37.313611	4.59	1.20	K2.5III	-0.088	-0.077
1144	18 Tau	056.290417	+24.839167	5.64	-0.07	B8V	0.020	-0.047
1145	19 Tau	056.302083	+24.467222	4.30	-0.11	B6IV	0.018	-0.045
1146	24 Eri	056.127083	-1.163056	5.25	-0.10	B7V	0.002	-0.007
1147		056.884167	+55.922500	6.10	-0.03	B9Vnn	0.031	-0.015
1148	Gam Cam	057.589583	+71.332222	4.63	0.03	A2IVn	0.017	-0.042
1149	20 Tau	056.456667	+24.367778	3.87	-0.07	B8III	0.020	-0.046
1150	25 Eri	056.235417	-0.296667	5.55	1.42	K4III	0.057	-0.001
1151	21 Tau	056.476667	+24.554722	5.76	-0.04	B8V	0.011	-0.042
1152	22 Tau	056.512083	+24.528056	6.43	-0.02	A0Vn	0.014	-0.044
1153	29 Tau	056.418333	+6.050000	5.35	-0.12	B3V	0.019	-0.013
1154		054.125000	-78.323056	6.29	1.15	K2III	-0.021	0.001
1155		057.380000	+65.526111	4.47	1.88	M2+IIab	-0.007	-0.013
1156	23 Tau	056.581667	+23.948333	4.18	-0.06	B6IVe	0.021	-0.045
1157		056.025833	-40.660278	6.45	1.06	K1III	0.008	-0.086
1158		057.402917	+63.297222	5.85	0.18	A5Vn	-0.018	-0.051
1159		056.539583	+6.803056	5.91	0.99	G9III	0.019	-0.071
1160		057.076250	+50.736667	6.14	0.06	B8Vne	0.014	-0.006
1161		057.331667	+57.118056	6.46	0.06	A0Vn	0.018	-0.027
1162	26Pi Eri	056.535417	-12.101667	4.42	1.63	M2III	0.048	0.058
1163		056.969167	+33.600000	6.57	0.08	B2.5V	-0.006	-0.002
1164		056.953750	+32.195000	6.25	0.47	G0	-0.032	-0.047
1165	25Eta Tau	056.871250	+24.105000	2.87	-0.09	B7IIIe	0.019	-0.046
1166		057.924167	+68.507500	6.32	-0.08	B9IVp	0.017	-0.016
1167		056.210833	-48.061389	6.49	1.02	G8-K0III	0.028	-0.081
1168		056.140833	-54.273889	6.30	1.04	K1III	0.023	0.065
1169		056.315833	-47.359722	5.73	0.96	K1III	-0.011	-0.020
1170		057.284167	+43.963056	6.02	0.29	A9IV	0.001	0.021
1171	Sig For	056.614167	-29.338056	5.90	0.12	A3V	0.004	0.012
1172		057.087083	+23.421111	5.45	-0.07	B8V	0.023	-0.050
1173	27Tau6Eri	056.712083	-23.249722	4.23	0.42	F3III	-0.158	-0.529
1174	30 Tau	057.067917	+11.143333	5.07	-0.13	B3V+F5V	0.028	-0.022
1175	Bet Ret	056.050000	-64.806944	3.85	1.13	K2+III	0.313	0.076
1176		057.518750	+44.967778	5.66	0.76	G2III+F2:V	-0.028	-0.028
1177	42 Per	057.385833	+33.091389	5.11	0.07	A3V	-0.029	-0.001
1178	27 Tau	057.290417	+24.053333	3.63	-0.09	B8III	0.018	-0.047
1179		056.833750	-29.901944	6.55	0.49	F8V	0.182	-0.069
1180	28 Tau	057.296667	+24.136667	5.09	-0.08	B8Vpe	0.013	-0.050
1181	28Tau7Eri	056.915000	-23.874722	5.24	0.07	A2	0.043	0.048
1182		057.162083	+0.227778	5.91	1.23	K3III	0.063	-0.006
1183		057.431250	+23.711667	6.17	-0.05	B8V	0.014	-0.049
1184	Rho For	056.983333	-30.167778	5.54	0.98	G6III	0.028	-0.230
1185		057.479167	+22.244444	6.07	-0.01	B8III	0.015	-0.037
1186		056.956667	-36.105833	6.21	-0.10	B8V	0.021	0.008
1187		057.149167	-20.903056	5.81	1.64	K5III	-0.015	-0.025
1188		057.578750	+25.579444	5.26	0.21	A2V+A5V	0.038	-0.109
1189		057.147500	-37.622222	5.40	0.01	A1V	0.059	-0.013
1190		057.149583	-37.620556	4.73	-0.03	B9V	0.079	-0.025
1191		057.973750	+34.359167	5.77	0.00	B1V	0.002	-0.007
1192		058.430417	+57.975000	5.80	0.18	A5m	0.081	-0.096
1193		057.902500	+22.031667	6.83		K0III	0.013	-0.019
1194		057.815833	+13.045833	6.30	-0.07	B9pSi	0.022	-0.030
1195		057.363750	-36.200278	4.17	0.95	G9II-III	-0.046	-0.051
1196		059.125833	+71.821667	6.34	0.30	A5m	-0.057	-0.008
1197		058.017917	+31.168333	6.25	0.20	A5V	-0.026	-0.045
1198		058.411250	+48.650556	5.76	1.05	K0III	0.036	-0.029
1199	31 Tau	058.000833	+6.534722	5.67	0.06	B5V	0.009	-0.008
1200		057.656667	-36.425278	6.86	-0.04	B9.5V	0.004	0.020
1201		058.291667	+17.326944	5.97	0.34	F4V	0.142	-0.030
1202	30 Eri	058.173333	-5.361389	5.48	-0.10	B8V	-0.011	-0.011
1203	44Zet Per	058.532917	+31.883611	2.85	0.12	B1Ib	0.006	-0.010
1204		059.356250	+63.072222	5.03	-0.09	B9.5V	0.010	0.005
1205		059.284583	+61.108889	5.00	1.45	K3I-II+A3V:	-0.004	-0.015
1206		058.304167	-18.434444	6.22	0.88	gK+F	0.011	0.000
1207		058.992500	+47.871389	5.37	-0.08	B6V	0.019	-0.018
1208	Gam Hyi	056.809583	-74.238889	3.24	1.62	M2III	0.047	0.114
1209		058.845833	+31.045833	6.10	0.29	O9.5ep	-0.013	-0.007
1210	43 Per	059.152083	+50.695278	5.28	0.41	F5IV	0.091	-0.130
1211	32 Eri	058.572500	-2.952778	6.14	0.09	A2V	0.029	0.008
1212	32 Eri	058.572917	-2.954722	4.79	0.94	G8III	0.029	0.002
1213	33Tau8Eri	058.427500	-24.612500	4.65	-0.13	B6V	0.023	-0.016
1214		058.412083	-34.732222	5.11	-0.13	B6V	0.031	-0.004
1215		059.119583	+35.081111	5.49	-0.03	B1.5V	0.005	-0.001
1216		058.388750	-46.893611	5.93	1.24	K2III	0.034	-0.043
1217		058.817917	-12.099167	6.00	0.32	A5pSrCrEu	-0.055	-0.040
1218	32 Tau	059.217083	+22.478056	5.63	0.30	F2IV	0.069	-0.116
1219		058.596667	-40.357222	5.71	0.60	K0III+A3V	-0.012	-0.003
1220	45Eps Per	059.463333	+40.010278	2.89	-0.18	B0.5V+A2V	0.018	-0.026
1221	33 Tau	059.265833	+23.175556	6.06	0.02	B9.5IV	0.009	-0.018
1222		059.360000	+24.461944	6.16	1.37	K0	0.001	-0.012
1223		059.512917	+34.814444	6.53	0.23	A8V	0.013	-0.018
1224		059.257083	+6.040000	6.09	0.06	A2Vn	0.036	-0.067
1225		059.157917	-9.750833	6.19	0.28	F1V	0.042	0.006
1226		059.621250	+38.840278	6.30	1.08	gK1	0.038	-0.041
1227		058.641667	-52.690556	6.46	0.16	A4V	0.031	-0.041
1228	46Xi Per	059.741250	+35.791111	4.04	0.01	O7.5III(n)((f))	0.002	0.000
1229		059.916667	+38.820556	6.38	0.10	A1Vp:	-0.006	0.000
1230		062.511667	+80.698611	5.10	0.56	G8III+A6V	-0.017	-0.002
1231	34Gam Eri	059.507500	-13.508611	2.95	1.59	M0.5IIICa-1Cr-1	0.061	-0.111
1232		059.717917	-5.470000	5.83	1.00	G9V	-0.055	-0.180
1233		059.919583	+10.330833	6.37	0.42	F5V	0.170	0.004
1234		060.311250	+36.990000	6.41	-0.01	A0V	-0.022	0.015
1235		059.875417	-12.574167	5.60	1.48	K5III	-0.011	-0.032
1236		059.016667	-63.463611	6.14	1.10	K1-2III	0.072	0.047
1237		060.153750	+17.296667	6.32	0.06	A0V	0.000	-0.033
1238		060.203333	+18.193889	5.89	0.32	F4V	0.132	-0.028
1239	35Lam Tau	060.170000	+12.490278	3.47	-0.12	B3V+A4IV	-0.006	-0.012
1240	36Tau9Eri	059.981250	-24.016389	4.66	-0.13	B6V+B9.5V	0.015	0.015
1241		061.512917	+68.680000	5.87	1.54	K2III	0.002	-0.001
1242		061.113333	+59.155556	5.06	0.50	F0II	-0.002	0.001
1243		060.442083	+9.997778	5.67	0.02	B5V	0.005	-0.005
1244	35 Eri	060.383333	-1.549722	5.28	-0.15	B5V	0.025	-0.016
1245		059.678750	-57.102500	6.05	0.44	F2IV	0.029	0.006
1246		060.169583	-30.490833	5.93	0.04	A2V	0.052	0.004
1247	Del Ret	059.686250	-61.400278	4.56	1.62	M2IIIab	0.011	-0.018
1248		061.662500	+65.520833	6.17	0.14	A3m	0.030	-0.021
1249		060.652917	-0.268889	5.38	0.50	F5V	0.149	-0.251
1250		060.065417	-51.564722	6.51	1.64	M1III	0.027	0.014
1251	38Nu Tau	060.789167	+5.989167	3.91	0.03	A1V	0.005	-0.003
1252	36 Tau	061.090417	+24.105833	5.47	0.86	G0III+A4V	-0.004	-0.014
1253	40 Tau	060.935833	+5.435556	5.33	-0.08	B3V	0.003	-0.010
1254		060.985833	+8.197222	5.46	0.37	F2V	0.169	0.023
1255		061.652500	+54.008611	6.31	0.99	K0III-IV	0.055	-0.099
1256	37 Tau	061.173750	+22.081944	4.36	1.07	K0+III-IIIaFe-0.2	0.090	-0.059
1257		061.041250	+2.826944	5.36	0.50	F6IV	0.147	-0.125
1258		060.852917	-20.144167	6.46	-0.18	B2.5V	0.003	-0.014
1259		060.903333	-20.158333	7.01	1.22	K2II	0.020	0.006
1260		061.962917	+62.330000	6.99	0.42	B0III	-0.023	-0.010
1261	47Lam Per	061.645833	+50.351389	4.29	0.02	A0IVn	-0.015	-0.036
1262	39 Tau	061.334167	+22.008889	5.90	0.62	G5V	0.169	-0.136
1263		061.036250	-16.588889	6.39	1.26	K2	0.093	-0.063
1264	Gam Ret	060.224167	-62.159444	4.51	1.65	M4III	0.002	0.026
1265		061.094583	-12.792500	5.61	1.08	gK0	0.010	0.013
1266	Iot Ret	060.325833	-61.078889	4.97	1.42	K4III	0.067	0.092
1267		061.170833	-20.381667	6.13	1.16	K0	0.028	-0.009
1268	41 Tau	061.651667	+27.600000	5.20	-0.13	B9pSi	0.019	-0.053
1269	42Psi Tau	061.752083	+29.001389	5.23	0.34	F1V	-0.092	0.007
1270		062.365000	+59.908056	6.28	1.14	G8IIa	0.000	-0.005
1271		055.633750	-85.262222	6.41	-0.01	B9.5IV	0.013	0.010
1272		061.485417	-8.856111	6.26	0.06	A3V	0.024	-0.008
1273	48 Per	062.165417	+47.712500	4.04	-0.03	B3Ve	0.021	-0.030
1274		061.444583	-20.512222	6.34	0.92	G5	-0.020	0.012
1275		061.405833	-27.651667	5.59	0.31	F1IV	0.205	0.094
1276		062.343333	+54.828889	6.18		F5V	0.081	-0.093
1277	49 Per	062.063750	+37.727778	6.09	0.95	K1III	-0.112	-0.191
1278	50 Per	062.152500	+38.039722	5.51	0.46	F7V	0.167	-0.202
1279		061.925000	+15.162778	6.01	0.40	F3V	0.132	-0.024
1280		061.997500	+17.339722	5.89	1.50	K5IIIb	0.007	-0.015
1281		063.437083	+72.126389	6.03	1.01	K1III	0.013	-0.027
1282		063.215000	+68.501667	6.32	1.18	K0	-0.045	0.026
1283	43Ome1Tau	062.291667	+19.609167	5.50	1.07	K2III	0.104	-0.033
1284		062.256667	+13.398333	5.95	0.05	B9.5V	0.016	-0.014
1285		061.854583	-42.916944	6.59	0.93	K0III	-0.005	0.004
1286		062.745833	+33.586667	5.72	1.44	K1II-III	-0.004	-0.009
1287	44 Tau	062.707917	+26.480833	5.41	0.34	F2IV-V	-0.033	-0.036
1288		062.324167	-16.385833	5.37	-0.15	B4V	0.002	0.005
1289		067.054167	+83.807778	5.57	-0.13	B5V	-0.014	0.010
1290	37 Eri	062.593750	-6.923889	5.44	0.94	G8III	-0.003	-0.013
1291		062.141250	-45.864722	6.59	0.38	F2V	0.075	0.021
1292	45 Tau	062.834583	+5.523056	5.72	0.36	F4V	0.149	0.005
1293		062.698750	-8.819722	5.70	1.06	gG9	0.038	0.009
1294		061.840000	-64.222500	6.38	0.64	G3V	0.213	0.324
1295		063.130833	+17.277500	6.09	1.08	K0III	0.052	-0.018
1296		063.757500	+57.460278	6.08	0.61	A4III	-0.002	0.003
1297		063.213333	+22.413611	6.12	0.19	B9IIIp:Si:	-0.005	-0.010
1298	38Omi1Eri	062.966250	-6.837500	4.04	0.33	F2II-III	0.010	0.082
1299		062.690833	-35.273889	6.44	1.07	K1+IIIaCH-1.5	-0.019	-0.035
1300		062.900833	-20.356111	5.79	0.18	A2m	0.050	0.052
1301		063.498333	+37.966944	6.45		G9III	-0.058	0.000
1302	Del Hor	062.710833	-41.993611	4.93	0.33	A9V	0.196	0.063
1303	51Mu Per	063.724583	+48.409444	4.14	0.95	G0Ib	0.005	-0.018
1304		067.500417	+83.340556	5.46	0.87	G8III	-0.055	0.105
1305		064.223333	+61.850278	5.70	-0.14	B5Vn	0.011	-0.010
1306	52 Per	063.722083	+40.483611	4.71	1.01	G5Ib+A2V	0.008	-0.026
1307		063.395000	+10.212222	6.23	0.05	B8Vn	0.045	-0.026
1308		063.380417	+8.890556	6.51	0.16	A2m	0.016	-0.027
1309	46 Tau	063.387917	+7.716111	5.29	0.36	F2V+F5V	-0.002	0.006
1310		063.457917	+12.753333	6.25	1.16	K0	0.019	-0.028
1311	47 Tau	063.485000	+9.263611	4.84	0.80	G5III+A7V?	-0.010	-0.038
1312		063.409167	-1.149722	6.44	-0.13	B5IV	0.007	-0.004
1313		064.284167	+57.860556	5.71	1.09	K1III	0.030	-0.034
1314		064.179583	+53.611944	5.19	0.05	A2Vn	-0.017	0.002
1315		063.651250	+10.011111	5.22	-0.10	B9Vn	0.002	-0.026
1316		063.131667	-44.368333	6.71	1.48	K3-4III	0.045	0.003
1317		066.761667	+80.824167	5.43	1.17	gG6	0.003	-0.019
1318	39 Eri	063.598750	-10.256389	4.87	1.17	K3III	-0.009	-0.162
1319	48 Tau	063.942917	+15.400556	6.32	0.40	F5V	0.116	-0.029
1320	49Mu Tau	063.883750	+8.892222	4.29	-0.06	B3IV	0.021	-0.024
1321		063.857500	+6.199722	6.93	0.70	G5IV	-0.106	-0.107
1322		063.871667	+6.186667	6.31	0.59	G0IV	-0.060	-0.116
1323		063.398750	-40.357778	6.37	1.46	K3III	0.016	0.028
1324		064.560833	+50.295556	4.61	0.04	A2V	0.047	-0.054
1325	40Omi2Eri	063.817917	-7.652778	4.43	0.82	K1-V	-2.242	-3.414
1326	Alp Hor	063.500417	-42.294444	3.86	1.10	K1III	0.046	-0.209
1327		065.167917	+65.140556	5.27	0.81	G5IIb	-0.036	-0.003
1328		064.534167	+42.141111	6.22	-0.08	B9V	0.029	-0.034
1329	50Ome2Tau	064.315000	+20.578611	4.94	0.26	A3m	-0.044	-0.058
1330		064.805417	+50.048889	5.45	0.22	A7V	0.061	-0.052
1331	51 Tau	064.596667	+21.579167	5.65	0.28	F0V	0.094	-0.037
1332		064.330000	-6.471944	5.94	1.08	gG8	-0.019	0.002
1333		065.047917	+50.920833	5.55	-0.01	B1.5IV	0.000	-0.006
1334		064.602083	+9.486667	6.54	0.16	A4III	-0.023	-0.034
1335		065.448333	+60.735556	5.39	1.49	M0III	0.054	-0.117
1336	Alp Ret	063.606250	-62.473889	3.35	0.91	G8II-III	0.045	0.045
1337		065.060000	+41.808056	5.92	0.94	K0III	0.011	-0.026
1338	Gam Dor	064.006667	-51.486667	4.25	0.30	F4III	0.106	0.182
1339	53 Tau	064.858750	+21.142222	5.35	-0.08	B9IV	0.030	-0.042
1340		063.702917	-62.191944	5.45	1.10	K0III	0.010	0.088
1341	56 Tau	064.902917	+21.773611	5.38	-0.14	A0pSi	0.030	-0.040
1342		065.465833	+56.506667	5.88		A3V	-0.014	0.015
1343	54 Per	065.102500	+34.566667	4.93	0.94	G8III	-0.025	-0.005
1344		065.041667	+31.953333	6.16	1.71	K5	0.002	-0.008
1345		064.566250	-20.715556	6.00	1.67	G8III	-0.013	0.012
1346	54Gam Tau	064.948333	+15.627500	3.65	0.99	K0-IIIabCN1	0.115	-0.025
1347	41Ups4Eri	064.473750	-33.798333	3.56	-0.12	B9V	0.067	-0.008
1348	52Phi Tau	065.088750	+27.350833	4.95	1.15	K1III	-0.025	-0.080
1349		064.906250	+10.121389	6.31	1.43	K0	0.002	-0.040
1350	53 Per	065.388333	+46.498889	4.85	-0.03	B4IV	0.025	-0.035
1351	57 Tau	064.990417	+14.035278	5.59	0.28	F0IV	0.116	-0.021
1352		065.741250	+59.616389	6.19		A4V	0.030	-0.038
1353		064.655833	-22.970278	6.07	0.30	Am	0.047	0.029
1354		065.104583	+18.742500	6.12	0.37	F3:V	0.108	-0.043
1355	Eps Ret	064.120417	-59.301944	4.44	1.08	K2IVa	-0.051	-0.164
1356	58 Tau	065.151250	+15.095278	5.26	0.22	F0V	0.108	-0.024
1357		064.087917	-60.948611	6.37	0.07	ApEuCrSr:	0.041	0.019
1358		065.220000	+13.864167	6.17	0.46	F6V	0.113	-0.025
1359		064.762500	-33.905000	6.37	0.13	A3V	0.017	-0.006
1360		065.171667	+6.130833	5.77	0.92	G8III-IV	-0.012	-0.051
1361		065.204167	+9.225556	6.53	0.15	A4V	0.054	0.039
1362		065.161250	-6.245556	6.27	0.91	G8IV:	0.103	-0.044
1363		065.178333	-7.592500	5.85	-0.13	B5III	0.002	-0.001
1364		064.819167	-44.268056	5.34	1.08	K2III	0.063	-0.046
1365		064.666667	-52.860000	6.09	0.49	F7IV-V	0.051	0.073
1366		065.362917	-0.098056	5.86	1.32	K3III	-0.016	-0.123
1367		065.162500	-20.639722	5.38	-0.02	A2V	0.025	-0.011
1368	60 Tau	065.514583	+14.077222	5.72	0.32	A3m	0.113	-0.026
1369	59Chi Tau	065.645417	+25.629167	5.37	-0.05	B9V	0.017	-0.023
1370		065.595000	+20.821389	5.91	1.66	M0IIIab+A,F	0.001	0.001
1371		065.899583	+42.428056	6.23	0.00	A1pSi	0.024	-0.032
1372	The Ret	064.417500	-63.255556	5.87	-0.07	B9III-IV	0.002	0.027
1373	61Del1Tau	065.733750	+17.542500	3.76	0.98	K0-IIICN0.5	0.107	-0.030
1374		065.380417	-25.728333	6.01	0.35	F0IV-V	0.048	-0.050
1375		065.885000	+20.982222	5.99	0.03	B8IV-V	0.016	-0.028
1376	63 Tau	065.854167	+16.777222	5.64	0.30	A1m	0.104	-0.028
1377	55 Per	066.121667	+34.130556	5.73	-0.06	B8V	0.019	-0.044
1378	62 Tau	065.999167	+24.301111	6.36	0.17	B3V	0.006	-0.010
1379	56 Per	066.155833	+33.959722	5.76	0.40	F4V	0.043	-0.072
1380	64Del2Tau	066.024167	+17.443889	4.80	0.15	A7V	0.110	-0.038
1381	66 Tau	065.966250	+9.460833	5.12	0.07	A3V	-0.015	-0.008
1382		066.753750	+57.585278	6.32	0.04	A0III	0.009	-0.012
1383	42Xi Eri	065.920000	-3.745556	5.17	0.08	A2V	-0.050	-0.057
1384		065.773750	-24.892222	5.83	1.51	K5	0.018	-0.015
1385		066.237917	+19.041667	5.98	0.37	F4V	0.105	-0.044
1386		065.782083	-35.545000	6.39	1.24	K1III	-0.006	0.000
1387	65Kap1Tau	066.342083	+22.293889	4.22	0.13	A7IV-V	0.096	-0.048
1388	67Kap2Tau	066.354167	+22.199722	5.28	0.25	A7V	0.109	-0.054
1389	68Del3Tau	066.372500	+17.928056	4.29	0.05	A2IV	0.108	-0.028
1390		066.526250	+31.438889	5.28	0.97	K1III	0.076	-0.110
1391	70 Tau	066.405417	+15.940833	6.46	0.49	F7V	0.107	-0.028
1392	69Ups Tau	066.577083	+22.813611	4.28	0.26	A8Vn	0.107	-0.046
1393	43 Eri	066.009167	-34.016944	3.96	1.49	K4III	0.069	0.051
1394	71 Tau	066.586667	+15.618333	4.49	0.25	F0V	0.112	-0.023
1395	Eta Ret	065.472083	-63.386389	5.24	0.96	G8III	0.089	0.173
1396	73Pi Tau	066.651667	+14.713611	4.69	0.98	G7IIIaFe-1	-0.002	-0.033
1397		066.587917	+8.590278	6.06	0.02	B6IV	-0.001	-0.006
1398		066.235000	-34.757778	6.55	0.44	F2III	-0.013	-0.110
1399	72 Tau	066.822917	+22.996389	5.53	-0.10	B7V	0.006	-0.017
1400		066.752917	+2.079444	6.23	1.09	K1III	0.065	-0.047
1401		068.377917	+72.528611	5.94	0.30	A8m	0.027	-0.089
1402		066.870000	+11.212500	5.88	0.05	B8IV	-0.003	-0.003
1403		067.003333	+21.620000	5.72	0.27	Am	0.095	-0.038
1404		066.329583	-44.160833	6.39	0.44	F6V	0.035	0.067
1405		066.050833	-57.071389	6.29	0.66	G4V	-0.098	-0.077
1406		067.216250	+30.361389	6.40	0.52	F7V	0.010	-0.023
1407	75 Tau	067.110000	+16.359722	4.97	1.13	K2III	0.006	0.028
1408	76 Tau	067.097500	+14.740833	5.90	0.32	F0IV	0.108	-0.024
1459		069.121667	+23.340833	6.02	0.38	F5IV	0.112	-0.055
1409	74Eps Tau	067.154167	+19.180278	3.53	1.01	G9.5IIICN0.5	0.107	-0.038
1410		066.737500	-24.081389	6.11	0.14	A2	-0.003	-0.015
1411	77The1Tau	067.143750	+15.962222	3.84	0.95	K0IIIbFe-0.5	0.103	-0.027
1412	78The2Tau	067.165417	+15.870833	3.40	0.18	A7III	0.103	-0.025
1413		067.015000	+1.858611	6.15	1.02	G9III	0.027	0.004
1414	79 Tau	067.209167	+13.047500	5.03	0.23	A7V	0.105	-0.016
1415		067.133750	+1.380833	5.55	-0.10	B3V	0.019	-0.021
1416		066.272083	-61.238333	5.94	1.54	K4-5III	-0.024	0.014
1417	1 Cam	068.007500	+53.910833	5.77	0.18	B0III	0.000	-0.003
1418		066.775000	-46.947500	6.10	0.46	F5-6V	0.068	-0.275
1419		067.659583	+32.458056	6.21	-0.04	B9.5Vn	-0.004	-0.011
1420		067.428750	+10.521667	6.79	0.09	B5V	0.004	0.001
1421		067.162500	-19.458333	5.96	1.22	K1III	0.028	-0.090
1422	80 Tau	067.535833	+15.638056	5.58	0.32	F0V	0.102	-0.024
1423		067.278750	-13.048333	5.60	-0.23	B1Vne	0.002	0.000
1424		067.850000	+40.010278	6.26	0.04	B8V	-0.006	-0.014
1425		067.510000	+10.262500	6.48	1.03	G8III	-0.007	-0.067
1426	Del Men	064.496250	-80.213889	5.69	0.84	K2-3III+A	0.018	0.061
1427		067.640417	+16.193889	4.78	0.17	A6IV	0.107	-0.027
1428	81 Tau	067.662083	+15.691944	5.48	0.26	A5m	0.103	-0.023
1429		067.039167	-41.960000	6.44	1.64	M1III	-0.011	-0.006
1430	83 Tau	067.655417	+13.724444	5.40	0.26	F0V	0.106	-0.023
1431		067.540417	-13.592222	6.24	1.00	G5	-0.025	0.009
1432	85 Tau	067.965833	+15.851667	6.02	0.34	F4V	0.101	-0.027
1433		067.333333	-46.515278	6.16	1.06	K1III	0.046	0.030
1434	57 Per	068.353750	+43.063889	6.09	0.38	F0V	0.004	0.004
1435		066.941250	-62.520833	5.75	1.01	K0III	-0.019	0.014
1436		068.020000	+5.410000	6.39	0.42	F5V	0.114	0.009
1437	45 Eri	067.969583	-0.043889	4.91	1.32	K3II-III	0.003	-0.009
1438		067.857917	-13.645000	6.21	0.12	A3V	-0.011	-0.063
1439		067.667917	-35.653611	5.96	1.00	K0II	0.000	0.031
1440		069.100833	+64.261667	5.94	-0.03	A1V	-0.026	-0.009
1441		068.155833	-3.209167	5.81	-0.14	B9III	-0.005	-0.006
1442		068.387083	+18.016667	6.25	0.07	B9IVn	0.011	-0.024
1443	Del Cae	067.708750	-44.953889	5.07	-0.19	B2IV-V	0.007	-0.008
1444	86Rho Tau	068.462083	+14.844444	4.65	0.25	A8V	0.103	-0.027
1445		068.658333	+28.961111	5.88	-0.06	B9pHg	0.002	-0.025
1446		068.450417	+9.413056	6.01	1.06	G8III	-0.016	-0.043
1447		068.341667	-10.785833	6.06	1.38	K0	-0.005	0.015
1448		068.534583	+5.568611	5.68	0.05	A2V s	-0.010	-0.005
1449	46 Eri	068.478333	-6.738889	5.72	-0.13	B9pSi	0.000	-0.007
1450		068.559167	-6.837778	6.09	1.38	K2III	-0.018	-0.037
1451	47 Eri	068.548333	-8.231389	5.11	1.70	M3III	-0.018	-0.001
1452		068.548750	-8.970278	5.26	1.47	K4III	-0.037	-0.111
1453	50Ups1Eri	068.377500	-29.766667	4.51	0.98	K0IIICN-1	-0.102	-0.275
1454	58 Per	069.172500	+41.264722	4.25	1.22	K4III+A3V	-0.005	-0.016
1455		068.927917	+19.881667	6.36		G5II-III+A-F	-0.001	-0.017
1456	Nu Men	065.241250	-81.580000	5.79	0.35	F0-2III	0.003	0.127
1457	87Alp Tau	068.980000	+16.509167	0.85	1.54	K5+III	0.063	-0.190
1458	88 Tau	068.913750	+10.160833	4.25	0.18	A5m	0.055	-0.046
1460		068.808333	-9.736667	6.37	0.11	A1m	0.021	-0.023
1461		068.752083	-19.920556	6.13	1.17	K3III	0.081	0.081
1462		069.006667	-3.611944	6.33	-0.10	B7III	-0.007	-0.013
1463	48Nu Eri	069.079583	-3.352500	3.93	-0.21	B2III	0.002	-0.005
1464	52Ups2Eri	068.887500	-30.562222	3.82	0.98	G8IIIa	-0.045	-0.012
1465	Alp Dor	068.499167	-55.045000	3.27	-0.10	A0IIISi	0.051	-0.003
1466	2 Cam	069.992083	+53.473056	5.35	0.32	A8V	0.046	-0.092
1467	3 Cam	069.977917	+53.079722	5.05	1.07	K0III	-0.002	-0.013
1468		071.501250	+76.611111	6.49	0.51	F7V	0.064	-0.136
1469		069.307083	+0.998333	5.31	-0.12	B7V	-0.004	-0.004
1470		069.623333	+26.940000	6.47		F2V:	0.047	-0.058
1471		069.565833	+20.684722	5.92	-0.05	B8V	-0.015	-0.007
1472	89 Tau	069.539167	+16.033333	5.79	0.31	F0V	0.093	-0.023
1473	90 Tau	069.539583	+12.510833	4.27	0.12	A6V	0.103	-0.013
1474	51 Eri	069.400417	-2.473333	5.23	0.28	F0V	0.042	-0.061
1475		068.391667	-62.823611	5.79	1.04	K1III	-0.115	-0.023
1476		069.212083	-30.716667	6.30	-0.10	B9IV-V	-0.011	0.013
1477		069.846250	+25.218333	6.22	0.16	A5Vn	0.017	-0.015
1478	91Sig1Tau	069.788333	+15.799722	5.07	0.15	A4m	0.039	-0.072
1479	92Sig2Tau	069.818750	+15.918056	4.69	0.15	A5Vn	0.083	-0.018
1480		069.775833	+7.870833	5.39	0.26	A5m	0.094	-0.003
1481	53 Eri	069.545000	-14.303889	3.87	1.09	K2IIIb	-0.075	-0.156
1482		070.350417	+48.300833	5.67	-0.02	A0V	0.042	-0.042
1483		069.723333	-12.123056	5.01	0.07	A2IV	-0.053	-0.011
1484	93 Tau	070.014167	+12.197778	5.46	-0.12	B8IV	-0.001	-0.008
1485		065.712083	-82.899167	6.76	0.20	A7IV-V	-0.018	0.003
1486		070.825417	+59.520833	6.50		A7IV	0.033	-0.049
1487		069.832083	-14.359167	5.45	1.06	K1IVa	0.122	-0.127
1488		069.946667	-1.052778	6.10	0.94	K0	0.025	-0.018
1489		070.459583	+38.280278	5.99	0.57	G0V	0.241	-0.093
1490		070.332500	+28.615000	5.78	-0.03	A2V	0.034	-0.030
1491		072.209583	+75.941111	6.06	0.28	A9IV	0.035	-0.135
1492		069.190000	-62.077500	5.40	1.58	M8eIII:	-0.064	-0.084
1493		070.840000	+49.973889	5.87	0.02	B9III	-0.004	-0.016
1494	59 Per	070.726250	+43.365000	5.29	0.00	A1Vn	0.039	-0.052
1495		070.028333	-24.482500	5.58	0.92	G6III	-0.067	0.018
1496	54 Eri	070.110417	-19.671667	4.32	1.61	M4III	0.021	-0.096
1497	94Tau Tau	070.561250	+22.956944	4.28	-0.13	B3V	-0.002	-0.016
1498		069.767917	-51.672778	6.44	1.32	K2III	0.017	0.017
1499	95 Tau	070.807500	+24.088889	6.13	0.54	F7IV-V	0.017	-0.022
1500		071.053750	+40.786944	6.08	0.06	B8IVne	0.003	-0.007
1501		070.951250	+32.865278	6.45		A8V	-0.035	-0.042
1502	Alp Cae	070.140417	-41.863889	4.45	0.34	F2V	-0.141	-0.077
1503	Bet Cae	070.514583	-37.144444	5.05	0.37	F1V	0.049	0.193
1504		070.076250	-58.943611	6.53	0.68	G5V	0.070	0.186
1505	55 Eri	070.894167	-8.793611	6.82	0.39	F4IIIpSr	0.021	-0.012
1506	55 Eri	070.896250	-8.796111	6.70	0.92	G8III	0.032	-0.024
1507		071.107500	+11.146111	5.40	0.25	F0V	0.100	-0.015
1508	56 Eri	071.022083	-8.503611	5.90	-0.11	B2Ve	0.003	-0.002
1509		070.788750	-30.765556	5.68	1.41	K2III	-0.030	-0.067
1510		072.651667	+70.941667	6.37	-0.08	A0IV	0.001	-0.020
1511	4 Cam	072.001250	+56.757222	5.30	0.25	A3m	0.050	-0.148
1512		071.427083	+23.628056	6.35	0.06	B5III	0.007	-0.015
1513		071.033333	-18.666667	5.53	0.02	A3V	0.051	-0.018
1514		071.685000	+40.312778	5.97	0.93	G9III	-0.001	-0.029
1515		072.029167	+55.602500	6.26		F0	0.075	-0.102
1516	Lam Pic	070.693333	-50.481389	5.31	0.98	K0-1III	-0.031	0.030
1517		071.570000	+18.735000	6.01	1.21	K4III	0.072	-0.065
1518		070.934167	-41.064722	6.25	1.46	K3-4III	0.003	0.010
1519		071.507083	+11.705556	5.37	0.19	A2m	0.068	-0.006
1520	57Mu Eri	071.375417	-3.254722	4.02	-0.15	B5IV	0.016	-0.013
1521		071.267500	-21.283611	5.72	1.47	gK2	0.018	-0.025
1522		071.600417	-2.954444	6.33	0.04	A2V	0.012	-0.047
1523		075.086250	+81.193889	5.07	1.28	K3III	-0.001	0.024
1524		071.456667	-34.005000	6.86	0.00	A0V	0.040	0.018
1525		071.607500	-28.087500	6.19	0.19	A3IV	0.001	0.016
1526		071.480833	-39.356667	6.05	1.07	K1III	-0.059	-0.020
1527		073.021667	+63.505278	5.44	1.57	M3IIIab	0.037	-0.096
1528		072.329167	+32.588333	5.86	0.24	A8m	0.018	-0.031
1529		072.303333	+31.437222	5.58	1.12	K2III	0.017	-0.108
1530	Kap Dor	071.087917	-59.732778	5.27	0.20	A8-9III-IV	0.033	0.039
1531		069.590417	-77.656111	6.05	1.10	K2III	-0.010	-0.018
1532	58 Eri	071.901250	-16.934444	5.51	0.63	G2.5V	0.133	0.170
1533		072.477500	+37.488333	4.88	1.44	K3.5IIIBa0.2:	-0.038	0.040
1534		072.185833	+3.588333	6.03	1.19	K1III	-0.001	-0.017
1535		072.788750	+48.740833	5.66	0.99	G9III	-0.040	-0.031
1536		072.151250	-5.673889	5.78	0.62	F8V	0.305	-0.243
1537	96 Tau	072.433750	+15.904167	6.08	1.60	gK3	0.005	-0.010
1538	59 Eri	072.135417	-16.329444	5.77	0.55	F6V	0.004	0.036
1539	Zet Cae	071.956667	-30.020278	6.37	1.07	K1IV	0.039	0.094
1540		071.241250	-63.229722	6.46	1.08	K0-1III	-0.013	-0.005
1541	Mu Men	070.766250	-70.931111	5.54	-0.12	B8II-IIISi:	0.008	0.033
1542	9Alp Cam	073.512500	+66.342778	4.29	0.03	O9.5Ia	0.000	0.006
1543	1Pi 3Ori	072.460000	+6.961389	3.19	0.45	F6V	0.466	0.012
1544	2Pi 2Ori	072.652917	+8.900278	4.36	0.01	A1Vn	0.004	-0.032
1545		072.425833	-13.769722	6.26	0.44	F5V	-0.122	-0.172
1546		073.290833	+52.840833	6.41		A2V	-0.008	-0.021
1547	97 Tau	072.843750	+18.839722	5.10	0.21	A7IV-V	0.080	-0.035
1548		072.140833	-43.980000	6.72	0.95	G8III	0.018	0.022
1549	60 Eri	072.548333	-16.217222	5.03	0.98	K0III	0.041	0.054
1550		073.199167	+42.586667	5.71	0.11	A3III	-0.006	-0.001
1551	2 Aur	073.158333	+36.703056	4.78	1.41	K2.5IIIbBa0.4	-0.027	-0.007
1552	3Pi 4Ori	072.801667	+5.605000	3.69	-0.17	B2III+B2IV	-0.001	0.001
1553		072.930833	+9.975000	6.11	0.08	B5V	0.001	-0.008
1554		073.196250	+27.897500	5.97	0.37	F2IV	0.041	-0.032
1555	5 Cam	073.762917	+55.259167	5.52	0.04	B9.5V	-0.012	-0.010
1556	4Omi1Ori	073.133333	+14.250556	4.74	1.84	S3.5/1-	0.000	-0.057
1557		072.567500	-41.320833	6.07	0.37	F2-3V	0.006	0.065
1558		073.713750	+44.060833	6.08	-0.02	A0V	0.027	-0.053
1559		072.867500	-34.906389	5.86	0.08	A1Vn	0.026	-0.022
1560	61Ome Eri	073.223750	-5.452778	4.39	0.25	F4III+A6III	-0.023	0.021
1561		074.029583	+52.869444	5.75	0.11	A2V s	-0.003	0.008
1562	5 Ori	073.345000	+2.508056	5.33	1.64	M1III	0.034	-0.019
1563	Iot Pic	072.730000	-53.461389	5.61	0.33	F0IV	-0.091	0.083
1564	Iot Pic	072.734583	-53.459722	6.42		F4V:	-0.092	0.081
1565		073.482500	+1.569444	6.61	0.04	A1Vn	0.009	-0.003
1566		073.742917	+19.485278	6.37	0.29	F3IV	0.060	-0.038
1567	8Pi 5Ori	073.562917	+2.440556	3.72	-0.18	B3III+B0V	0.000	0.000
1568	7 Cam	074.321667	+53.752222	4.47	-0.02	A1V	-0.024	0.007
1569	6 Ori	073.695417	+11.426111	5.19	0.12	A3V	-0.009	0.032
1570	7Pi 1Ori	073.724167	+10.150833	4.65	0.09	A0Vp	0.046	-0.132
1571		073.699167	+7.779167	5.33	1.22	gK1	-0.021	-0.027
1572		075.583750	+74.269167	6.06	1.57	K5III	0.021	0.034
1573		074.082917	+36.168889	6.07	0.41	B2Ib	-0.017	0.013
1574		073.711250	+0.467500	5.99	-0.12	B5V	0.000	0.003
1575		074.065000	+24.592222	6.37	0.33	F0	-0.026	-0.017
1576		073.959583	+15.040000	5.81	-0.08	B9V	0.018	-0.021
1577	3Iot Aur	074.248333	+33.166111	2.69	1.53	K3II	0.003	-0.018
1578		073.993333	+5.399167	6.50	0.02	A0V	-0.004	-0.009
1579		073.778333	-16.740556	5.70	0.96	gG9	0.008	0.001
1580	9Omi2Ori	074.092917	+13.514444	4.07	1.15	K2-IIIFe-1	-0.074	-0.047
1581		073.827500	-16.417778	5.72	0.88	gG4	0.010	0.045
1582	62 Eri	074.100833	-5.171389	5.51	-0.13	B6V	-0.008	-0.007
1583		073.875833	-25.727778	6.72	0.27	F0-2III	0.018	0.028
1584		073.728333	-39.628611	6.10	1.42	K3III	-0.003	0.022
1585		074.342917	+17.153611	5.48	1.31	gK1	-0.013	-0.007
1586	99 Tau	074.452917	+23.948611	5.79	1.11	gG8	0.008	-0.007
1587		076.054167	+73.763889	6.66		K0	0.021	-0.016
1588	8 Cam	074.942917	+53.155556	6.08	1.46	K4III	-0.014	-0.009
1589		076.165833	+74.066944	5.96		A1V	0.013	-0.016
1590	98 Tau	074.539167	+25.050278	5.81	0.00	A0V	0.022	-0.048
1591		074.321667	-1.067222	6.23	0.42	F2	-0.037	-0.028
1592	4Ome Aur	074.814167	+37.890278	4.94	0.04	A1V	0.040	-0.101
1593		075.399583	+61.078056	6.03	0.41	F4V	0.008	-0.175
1594		075.710000	+66.822778	6.19	0.48	dF6	0.066	-0.345
1595		074.436667	-14.231389	6.15	-0.21	B1V	0.010	0.011
1596		074.545000	-2.212500	6.35	0.10	A2V	-0.003	0.025
1597		073.720833	-58.547222	6.12	0.44	F3V	0.101	0.077
1598		073.377083	-66.675556	6.41	1.63	M0-1III	0.000	0.010
1599	5 Aur	075.076250	+39.394722	5.95	0.41	F5V	-0.017	0.004
1600		074.747500	+14.542778	6.09	0.04	B7V	0.006	-0.017
1601	10Pi 6Ori	074.637083	+1.714167	4.47	1.40	K2-II	-0.002	-0.003
1602	6 Aur	075.096667	+39.655000	6.58		K4I	0.002	0.006
1603	10Bet Cam	075.854583	+60.442222	4.03	0.92	G1Ib-IIa	-0.006	-0.016
1604		074.755417	-16.375833	5.66	0.43	F3V+F9V	-0.141	0.148
1605	7Eps Aur	075.492083	+43.823333	2.99	0.54	F0Iae+B	-0.001	-0.004
1606		073.272917	-72.407500	6.28	0.52	F6V	-0.052	0.276
1607		074.902083	-14.805833	7.71	5.74	C6IIe	0.021	0.020
1608	63 Eri	074.960000	-10.263333	5.38	0.80	G4V	0.020	-0.135
1609		075.135833	+3.615278	7.03		B9Vn	0.025	0.001
1610		075.141250	+3.616111	6.66	-0.07	B9Vn	0.007	-0.012
1611	64 Eri	074.982500	-12.537500	4.79	0.26	F0IV	0.045	-0.091
1612	8Zet Aur	075.619583	+41.075833	3.75	1.22	K4II+B8V	0.009	-0.022
1613		075.165833	-2.065556	6.32	0.28	A8IV	-0.019	0.008
1614		075.204167	-5.753333	6.22	1.06	K3V	0.551	-1.094
1615		075.827500	+41.441667	6.14	0.16	A2IIIShell?	0.002	-0.004
1616		082.950000	+85.938611	6.51	0.32	A5m	0.013	-0.079
1617	65Psi Eri	075.359583	-7.173889	4.81	-0.19	B3V	0.003	0.008
1618		075.459583	+0.722222	5.92	1.27	K0	0.001	-0.012
1619		075.500000	+1.608889	6.24	-0.04	B8V	-0.009	0.012
1620	102Iot Tau	075.773750	+21.590000	4.64	0.16	A7V	0.066	-0.042
1621		075.356667	-20.051944	4.91	-0.05	B9.5Vn	0.034	-0.015
1622	11 Cam	076.535417	+58.972500	5.08	-0.08	B2.5Ve	-0.005	-0.008
1623	12 Cam	076.550833	+59.021111	6.08	1.12	K0III	-0.001	-0.031
1624		076.623750	+61.170000	6.04	1.37	K5II	0.036	-0.075
1625		075.689583	-4.209722	5.85	1.21	K3	0.055	0.016
1626		076.060417	+30.494722	6.14	1.21	K0II-III	0.001	-0.005
1627		076.153750	+32.320278	6.62	0.27	A4m	-0.011	-0.070
1628		075.540833	-26.275000	5.02	1.07	K1III	0.089	-0.073
1629	Eta Men	073.796667	-74.936944	5.47	1.52	K4III	0.024	0.059
1630		076.591667	+54.405833	7.24		G5	-0.014	0.028
1631		075.393750	-39.718056	6.03	0.88	G5III	-0.001	0.030
1632		076.157917	+27.696111	6.60	0.24	F0III	0.019	-0.031
1633		076.090000	+21.278056	6.19	1.32	K0	0.020	-0.015
1634	1 Lep	075.687083	-22.795000	5.75	1.20	K1IV	0.059	0.023
1635		075.595000	-31.771389	5.94	1.17	G8III	-0.002	0.082
1636		077.402917	+69.639444	6.41	1.11	K1III	0.056	-0.063
1637	9 Aur	076.669167	+51.597778	5.00	0.33	F0V	-0.030	-0.173
1638	11 Ori	076.142083	+15.404167	4.68	-0.06	A0pSi	0.016	-0.034
1639		076.503750	+35.936389	6.52	0.16	A5V	-0.011	-0.010
1640		075.966667	-14.369444	6.41	-0.18	B2.5IV	-0.009	0.033
1641	10Eta Aur	076.628750	+41.234444	3.17	-0.18	B3V	0.029	-0.068
1642		076.383750	+19.806389	6.44	0.21	A5m	-0.009	-0.022
1643		078.093333	+73.946667	5.43	-0.12	B9pSi	0.000	-0.025
1644		076.706667	+43.174722	6.20	0.43	F2IIp:	0.005	0.000
1645		075.972083	-24.387778	5.61	0.10	A3m	0.024	-0.028
1646		076.227083	-3.039722	6.05	-0.11	B5IV	0.001	-0.001
1647		077.435417	+64.919444	6.41	0.40	F6V	-0.015	-0.182
1648		076.348750	+1.177500	6.17	3.45	C6II	0.012	-0.007
1649	Eta1Pic	075.702500	-49.151389	5.38	0.42	F2V	-0.044	0.024
1650		078.648333	+76.472778	6.37	-0.02	A0V	-0.007	-0.008
1651		075.975000	-41.745000	6.31	0.53	F8V	0.027	0.152
1652	Gam1Cae	076.101667	-35.483333	4.55	1.20	K3III	0.129	-0.051
1653	Gam2Cae	076.108750	-35.705278	6.34	0.30	F1III	0.028	0.038
1654	2Eps Lep	076.365417	-22.371111	3.19	1.46	K5III	0.025	-0.074
1655		076.317500	-26.152500	5.73	1.17	K2III	0.007	-0.065
1656	104 Tau	076.862500	+18.645000	5.00	0.65	G4V	0.537	0.016
1657	66 Eri	076.690417	-4.655000	5.12	-0.06	B9V+A1V	0.016	0.008
1658	106 Tau	076.951667	+20.418333	5.30	0.09	A5V	-0.047	-0.034
1659	103 Tau	077.027500	+24.265278	5.50	0.06	B2V	0.000	-0.004
1660	105 Tau	076.981250	+21.704722	5.89	0.19	B2Ve	0.005	-0.006
1661		076.652917	-13.121944	6.05	-0.06	A0V	0.019	0.035
1662	13 Ori	076.909583	+9.471944	6.17	0.62	G1IV	-0.003	-0.378
1663	Eta2Pic	076.241667	-49.577778	5.03	1.49	K5III	0.071	-0.003
1664	14 Ori	076.970417	+8.498333	5.34	0.33	Am	0.024	-0.065
1665		076.854167	-12.490556	5.97	0.60	F7V	0.140	-0.080
1666	67Bet Eri	076.962500	-5.086389	2.79	0.13	A3III	-0.095	-0.081
1667		076.252500	-54.407500	6.27	1.54	M2III	0.002	0.000
1668		077.678750	+46.962222	5.68	0.42	F5V	0.055	-0.147
1669		077.578750	+37.301944	6.02	0.72	K3:+B2II:	0.004	-0.006
1670		077.437917	+28.030556	6.01	0.27	A5m	0.054	-0.060
1671		077.084167	-8.665000	5.78	-0.06	B8V	0.005	-0.012
1672	16 Ori	077.331667	+9.829444	5.43	0.24	A2m	0.064	-0.007
1673	68 Eri	077.181667	-4.456111	5.12	0.44	F2V	0.044	0.017
1674	Zet Dor	076.377500	-57.472778	4.72	0.52	F7V	-0.030	0.115
1675		078.263333	+61.850000	6.17	0.02	A2III	0.011	0.006
1676	15 Ori	077.425000	+15.597222	4.82	0.32	F2IV	0.002	-0.013
1677	Bet Men	075.679167	-71.314444	5.31	1.00	G8III	-0.005	0.004
1678	14 Cam	078.380417	+62.691389	6.50	0.21	A7Vn	-0.036	0.006
1679	69Lam Eri	077.286667	-8.754167	4.27	-0.19	B2IVne	0.002	-0.004
1680		077.061667	-35.718333	6.52	1.08	K1III	0.009	0.001
1681		077.513333	-0.565278	6.10	1.10	K0III	0.001	-0.053
1682		075.055000	-78.300278	6.29	1.51	K5-M0III	-0.023	-0.012
1683		079.555417	+73.268056	5.74		A0V	-0.005	-0.033
1684		077.923333	+16.045556	5.18	1.49	K5III	0.005	0.007
1685		077.741667	-2.253889	6.25	0.98	K1-IVa	0.075	-0.145
1686		080.639583	+79.231111	5.05	0.47	F6V	-0.082	0.161
1687		077.830000	-2.490833	5.90	0.46	F5V	0.079	0.001
1688		078.797083	+59.405556	6.15	1.18	K2III-IV	0.012	-0.014
1689	11Mu Aur	078.357083	+38.484444	4.86	0.18	A4Vm	-0.018	-0.075
1690		077.922500	+0.514722	6.67	-0.07	B9Vn	0.015	0.003
1691		077.938750	+1.036944	5.89	0.66	G5III	-0.012	-0.015
1692		078.684583	+53.213889	6.20	0.07	A0V	0.000	0.001
1693		077.845000	-11.849167	5.68	1.46	M6III	0.028	0.056
1694		077.685417	-25.909444	6.41	1.25	K1III	-0.015	0.059
1695		076.891667	-63.399722	5.20	1.65	M3III	0.015	-0.047
1696	3Iot Lep	078.074583	-11.869167	4.45	-0.10	B8V	0.027	-0.015
1697		078.200833	-6.057222	5.91	0.96	G7III	0.027	-0.032
1698	17Rho Ori	078.322917	+2.861111	4.46	1.19	K0.5III	0.001	-0.006
1699		077.899583	-37.395278	6.57	1.62	K5III	0.007	0.004
1700		076.538750	-73.037778	6.27	-0.01	A1V	0.016	0.064
1701		078.381667	+1.968056	6.09	0.42	A5V	0.010	0.012
1702	5Mu Lep	078.232917	-16.205556	3.31	-0.11	B9IIIpHgMn	0.043	-0.026
1703		078.446667	+0.560278	6.32	1.46	M0V	0.003	-0.025
1704		078.388750	-8.147778	6.37	-0.13	B5V	0.002	0.000
1705	4Kap Lep	078.307917	-12.941389	4.36	-0.10	B9V	-0.014	-0.009
1706	14 Aur	078.851667	+32.687778	5.02	0.23	A9IVDel Del	-0.024	0.014
1707		079.324167	+53.586111	6.50	1.66	M7IIIe	0.016	-0.021
1708	13Alp Aur	079.172500	+45.998056	0.08	0.80	G5IIIe+G0III	0.076	-0.425
1709		078.683750	+5.156111	5.50	1.37	gK4	-0.001	0.004
1710		078.499583	-14.606667	6.21	0.37	F2III	-0.003	0.009
1711	108 Tau	078.865417	+22.284722	6.27	0.08	A2V	-0.008	-0.011
1712		079.075833	+34.311944	5.96	0.22	O9.5V	0.008	0.030
1713	19Bet Ori	078.634583	-8.201667	0.12	-0.03	B8Ia:	0.000	-0.001
1714		085.952917	+85.668056	6.60		A2V	-0.016	0.002
1715		078.443750	-35.825556	6.98	1.47	K4III	0.036	-0.051
1716	Xi Men	074.712083	-82.470556	5.85	0.93	G8-K0III	-0.011	0.004
1717		078.826667	-1.409167	6.15	0.39	F0IV	-0.043	0.037
1718	18 Ori	079.017083	+11.341389	5.56	-0.04	A0V	-0.009	-0.005
1719	15 Cam	079.865833	+58.117222	6.13	-0.03	B5V	0.004	-0.021
1720		080.094167	+62.653611	5.61	1.75	K4I:	-0.003	-0.002
1721		078.620000	-35.977222	5.76	1.01	G8III	0.016	0.004
1722		079.566250	+42.792222	5.48	1.65	M4III	0.038	-0.023
1723		078.851250	-26.943333	5.07	-0.10	B9V	0.010	-0.018
1724		079.171250	+1.947222	6.42	-0.02	A0V	-0.011	-0.009
1725		079.668333	+40.465000	6.18	1.37	K0	0.017	-0.015
1726	16 Aur	079.544583	+33.371667	4.54	1.27	K2.5IIIbFe-1	0.045	-0.160
1727		078.472083	-52.031111	6.05	1.39	K3III	-0.004	-0.024
1728	17 Aur	079.578750	+33.767222	6.14	-0.06	B9.5V	0.012	-0.030
1729	15Lam Aur	079.785417	+40.099167	4.71	0.63	G1.5IV-VFe-1	0.519	-0.664
1730		078.945833	-34.926667	6.66	0.15	A2III-IV	-0.018	0.026
1731		079.200417	-17.141667	6.56	-0.16	B3IV	-0.012	0.022
1732		079.750000	+33.748333	5.41	-0.19	A0pSi	0.011	-0.025
1733		080.009583	+44.425556	6.62		K0	0.004	-0.010
1734	18 Aur	079.848333	+33.985556	6.49	0.24	A7V	0.009	-0.010
1735	20Tau Ori	079.401667	-6.844444	3.60	-0.11	B5III	-0.015	-0.008
1736		080.163750	+46.963889	6.54	0.60	GIII+A2V	0.002	-0.002
1737		079.417500	-13.519722	5.50	0.93	sgG9	-0.012	-0.046
1738		080.061667	+41.086111	5.52	0.11	A3V	-0.002	-0.058
1739	109 Tau	079.819167	+22.096389	4.94	0.93	G8III	0.012	-0.083
1740	19 Aur	080.003750	+33.958056	5.03	0.27	A5II	0.001	0.002
1741		079.811250	+20.134722	6.08	1.01	G8II-III+G1IV-V	-0.039	-0.027
1742		078.912083	-52.181944	6.49	1.21	K2III	0.022	0.027
1743	Omi Col	079.371250	-34.895278	4.83	1.00	K0IV	0.090	-0.337
1744	The Dor	078.439167	-67.185278	4.83	1.28	K2.5IIIa	0.019	0.036
1745		082.357083	+77.977500	6.56	0.14	A7III	0.011	-0.017
1746	21 Ori	079.796667	+2.595833	5.34	0.41	F5II	-0.017	-0.047
1747		079.710000	-18.130000	5.96	0.58	G0V	0.381	0.058
1748		079.896667	-1.412222	6.34	-0.11	B1.5Vn	-0.007	-0.006
1749	20Rho Aur	080.451667	+41.804444	5.23	-0.15	B3V	0.018	-0.037
1750		080.247083	+27.957222	6.33	0.04	B9IV	-0.013	-0.016
1751	16 Cam	080.865833	+57.544444	5.28	-0.03	A0Vn	0.013	-0.055
1752		080.302917	+29.570000	5.76	0.06	A1V s	0.004	0.004
1753		079.822917	-18.520000	6.36	-0.16	B3V	0.012	0.010
1754		079.826250	-18.509722	6.54	-0.11	B8/9III/IV	0.005	-0.002
1755		080.235833	+19.814167	6.18	1.23	K0III	-0.006	-0.015
1756	6Lam Lep	079.893750	-13.176667	4.29	-0.26	B0.5IV	-0.001	-0.003
1757	7Nu Lep	079.996250	-12.315556	5.30	-0.12	B7IVnn	-0.006	0.009
1758		079.848750	-27.368889	5.99	-0.04	A0V	0.000	-0.010
1759		080.110000	-5.366667	6.39	-0.03	B8III	-0.011	0.029
1760		080.709583	+41.029444	5.54	0.12	A3V	-0.013	0.005
1761		080.330417	+4.011944	6.57	-0.09	B5Vp	-0.003	-0.009
1762		080.112083	-21.239444	4.71	-0.05	A0V	0.005	0.000
1763		080.431667	+8.428611	5.80	-0.13	B1V	0.003	-0.006
1764		080.382500	-0.416389	5.68	-0.12	B3V	-0.003	0.002
1765	22 Ori	080.440417	-0.382500	4.73	-0.17	B2IV-V	0.000	-0.001
1766		080.085833	-34.698889	6.34	0.33	F2IV-V	-0.007	-0.004
1767	Zet Pic	079.842083	-50.606111	5.45	0.51	F7III-IV	0.028	0.224
1768	22 Aur	080.845417	+28.936667	6.46	-0.04	B9V s	0.019	-0.030
1769		080.462500	-13.756111	6.56	-0.09	B8V	0.008	-0.007
1770	23 Ori	080.708333	+3.544444	5.00	-0.15	B1V	-0.004	-0.002
1771		080.442500	-24.773056	5.06	0.67	G7II-III+A7IV-V	-0.024	-0.013
1772		080.320417	-34.345278	6.09	-0.19	B5IVnpe	0.009	0.001
1773	21Sig Aur	081.163333	+37.385556	4.99	1.42	K4III	0.001	-0.008
1774	110 Tau	080.907083	+16.699444	6.08	0.14	A2IV	-0.029	-0.017
1775		081.159583	+31.223889	6.28	1.24	K1III	-0.043	-0.009
1776		081.160417	+31.143056	5.94	0.04	B9III	-0.011	-0.007
1777		080.879583	+5.322500	6.35	0.12	A2V	-0.024	-0.003
1778		080.827083	-8.415833	5.90	-0.03	B8III	0.003	-0.016
1779		081.304167	+34.855278	6.55	1.11	K1pIII-IV+F6V	-0.007	-0.039
1780	111 Tau	081.105833	+17.383333	4.99	0.53	F8V	0.246	-0.009
1781		080.926250	-0.159722	5.70	-0.21	B1.5V	-0.009	0.003
1782		080.964167	-0.867222	6.11	0.50	F7V	-0.004	-0.009
1783	8 Lep	080.875833	-13.927222	5.25	-0.21	B2IV	0.002	0.004
1784	29 Ori	080.986667	-7.808056	4.14	0.96	G8IIIFe-0.5	-0.015	-0.043
1785		080.800000	-26.705833	6.49	0.50	F6V	0.029	0.009
1786		081.150833	+2.352778	6.32	-0.15	B4IVn	0.011	-0.007
1787	27 Ori	081.120417	-0.891389	5.08	0.96	G9III-IVFe-1	-0.005	0.132
1788	28Eta Ori	081.119167	-2.396944	3.36	-0.17	B1V+B2e	0.002	0.000
1789	25Psi1Ori	081.186667	+1.846389	4.95	-0.20	B1Vpe	0.001	0.001
1790	24Gam Ori	081.282917	+6.349722	1.64	-0.22	B2III	-0.009	-0.014
1791	112Bet Tau	081.572917	+28.607500	1.65	-0.13	B7III	0.022	-0.175
1792		081.118333	-16.976111	5.65	0.00	A1V	0.015	-0.027
1793		080.850000	-39.678611	5.71	1.62	M1III	0.028	0.003
1794		081.726250	+35.457222	6.15	1.45	K2	-0.018	-0.011
1795		081.703750	+34.391667	5.94	0.14	A0III	0.007	-0.011
1796		081.713750	+33.262778	6.15	1.15	K0	0.013	0.000
1797		080.912500	-37.336667	6.82	1.04	K1III	0.034	0.008
1798	113 Tau	081.523750	+16.700278	6.25	-0.08	B2Vn	-0.009	-0.003
1799		081.256667	-10.329167	5.61	1.56	K5III	-0.017	-0.022
1800		081.380000	-0.544167	6.57	-0.05	B9pHgSi	0.012	-0.007
1801	Kap Pic	080.592083	-56.134444	6.11	-0.10	B8-9V	-0.005	0.020
1802	17 Cam	082.542500	+63.067222	5.42	1.71	M1IIIa	-0.006	-0.005
1803		081.445833	+0.520833	6.16	-0.18	B2.5V	-0.005	0.019
1804		081.784583	+30.208611	5.74	0.16	B9Ib	0.008	-0.010
1805	24Phi Aur	081.912083	+34.475833	5.07	1.40	K3IIICN+2	-0.003	-0.047
1806		081.510000	-5.518333	6.23	-0.06	B9.5Vn	0.013	0.008
1807		081.661667	+6.869167	6.42	-0.02	A0Vn	0.003	-0.012
1808	115 Tau	081.792083	+17.962222	5.42	-0.10	B5V	0.005	-0.022
1809		081.807500	+15.257778	6.16	0.08	A1IV	-0.014	-0.002
1810	114 Tau	081.908750	+21.936944	4.88	-0.15	B2.5IV	0.002	-0.007
1811	30Psi2Ori	081.709167	+3.095556	4.59	-0.21	B2IV	0.002	-0.004
1812		081.499167	-19.695556	5.89	0.40	F2V	0.004	-0.022
1813		081.231667	-44.225833	6.08	1.20	K1III	0.003	0.005
1814	116 Tau	081.940000	+15.874167	5.50	0.01	B9.5Vn	0.006	-0.022
1815		078.107083	-81.541667	6.51	1.11	K1III	0.011	0.050
1816	117 Tau	082.006667	+17.238889	5.77	1.63	M1III	0.020	-0.049
1817		081.770000	-11.900833	6.35	0.51	dF7	0.019	-0.049
1818	The Pic	081.192500	-52.316389	6.27	0.07	A0V	-0.012	-0.031
1819		082.145000	+13.678889	6.35	0.15	A4V	0.014	-0.018
1820		082.006667	+1.298333	6.41	-0.18	B2V	0.018	0.003
1821	118 Tau	082.318750	+25.150556	5.47	-0.04	B8.5V	0.010	-0.032
1822		082.419167	+29.186389	6.24	0.45	F6III	0.022	-0.054
1823		081.902083	-21.375556	6.07	1.04	gG7	0.013	0.036
1824		082.702500	+41.461944	6.00	1.11	K0IIIp	0.002	-0.035
1825		082.687917	+39.825833	6.37	0.97	G9III	0.021	-0.041
1826		082.236250	-3.307500	6.39	-0.01	A0Vn	-0.035	-0.015
1827		081.772083	-40.943611	5.87	0.23	A7m	0.011	0.096
1828	18 Cam	083.140833	+57.221111	6.48	0.57	F8V	0.113	-0.222
1829	9Bet Lep	082.061250	-20.759444	2.84	0.82	G5II	-0.004	-0.089
1830		082.348333	-3.446389	5.79	1.15	K1-III	-0.044	-0.008
1831		082.680833	+22.462500	6.29	1.18	K0	0.043	-0.016
1832		082.608750	+15.360278	5.94	0.14	A3Vn	-0.027	-0.050
1833		082.478333	+1.789167	5.78	-0.20	B2V	0.008	-0.004
1834	31 Ori	082.433333	-1.092222	4.71	1.57	K5III	0.004	-0.023
1835		082.063750	-37.230556	5.57	0.02	A1V	0.009	0.074
1836	Lam Dor	081.580417	-58.912500	5.14	1.00	G6III	-0.008	0.028
1837		082.582500	+4.204167	6.21	1.27	K2IIIe	0.002	-0.048
1838		082.277917	-30.116667	6.75	1.06	G8/K0III	-0.003	0.014
1839	32 Ori	082.696250	+5.948056	4.20	-0.14	B5V	0.012	-0.034
1840		082.586250	-7.434722	6.33	-0.19	B2IV-V	-0.013	0.001
1842	33 Ori	082.810417	+3.292222	5.46	-0.18	B1IV+B1.5V	0.001	0.003
1843	25Chi Aur	083.182083	+32.191944	4.76	0.34	B5Iab	-0.002	-0.003
1844		084.932083	+75.043889	6.17	1.57	M0III	-0.008	0.025
1845	119 Tau	083.053333	+18.594444	4.38	2.07	M2Iab-Ib	0.002	-0.001
1846		083.369583	+42.108889	6.55	-0.02	B9IIIp:Hg:	-0.001	-0.001
1847		083.059167	+17.058056	5.46	-0.04	B7IIIe	-0.002	-0.009
1848		082.837083	-6.708333	6.22	-0.17	B2V	0.010	0.000
1849	10 Lep	082.781667	-20.863611	5.55	0.00	A0V	0.005	-0.044
1850		083.364583	+32.801111	6.48	0.09	A2m	0.008	-0.063
1851	34Del Ori	083.002083	-0.284444	6.85	-0.16	B2V	0.009	-0.004
1852	34Del Ori	083.001667	-0.299167	2.23	-0.22	O9.5II	0.001	-0.002
1853		084.317500	+66.696111	6.26		A8Vn	-0.010	-0.031
1854		083.408333	+34.725833	6.27	0.15	A3IV	-0.038	-0.008
1855	36Ups Ori	082.982500	-7.301389	4.62	-0.26	B0V	-0.001	-0.005
1856		082.539583	-47.077778	5.46	0.62	G3IV	0.025	-0.137
1857	19 Cam	084.312917	+64.154722	6.15	0.01	A0V	0.003	-0.070
1858	120 Tau	083.381667	+18.540278	5.69	0.01	B2IV-Ve	-0.002	0.000
1859		081.750000	-68.622778	6.03	0.34	F0IV-V	0.001	-0.019
1860		083.411667	+20.474167	6.18	-0.07	B6V	-0.004	-0.012
1861		083.172083	-1.591944	5.35	-0.19	B1IV	-0.001	-0.009
1862	Eps Col	082.802917	-35.470556	3.87	1.14	K1IIIa	0.022	-0.035
1863		083.280000	-1.718333	6.46	-0.09	B4Vn	-0.025	-0.040
1864	35 Ori	083.476250	+14.305556	5.64	-0.14	B3V	-0.001	-0.009
1865	11Alp Lep	083.182500	-17.822222	2.58	0.21	F0Ib	0.001	0.002
1866		084.146667	+54.428889	5.73	1.63	M0III	-0.013	-0.002
1867		082.322500	-62.314444	6.59	1.53	K4-5III	0.010	-0.023
1868		083.380833	-1.156111	5.34	-0.18	B1V	-0.004	0.000
1869		084.066250	+47.715278	6.11	0.26	dF0	0.012	-0.018
1870		082.900417	-45.925278	5.86	1.35	K3III	0.028	0.038
1871		083.490000	+1.407778	6.59	-0.17	B2V	0.009	0.004
1872	38 Ori	083.569583	+3.766944	5.36	0.05	A2V	-0.031	-0.018
1873		083.516250	-1.035556	6.22	-0.17	B2.5V	0.007	0.001
1874		083.516667	-1.470556	5.93	1.55	K5III	-0.012	-0.033
1875	121 Tau	083.862917	+24.039444	5.38	-0.09	B2.5IV	0.010	-0.024
1876	37Phi1Ori	083.705000	+9.489444	4.41	-0.16	B0III	0.002	-0.004
1877		083.213750	-38.513056	5.48	1.22	K2III	0.040	-0.002
1878		083.981250	+27.662222	6.27	1.54	K0	-0.025	-0.039
1879	39Lam Ori	083.784583	+9.934167	3.54	-0.18	O8III((f))	0.000	-0.006
1880	39Lam Ori	083.785417	+9.935000	5.61	0.04	B0.5V	0.001	-0.006
1881		083.280833	-35.139722	5.78	1.07	K0III	0.097	-0.041
1882		082.566250	-63.927778	6.19	0.22	F0IV	0.009	0.054
1883		083.805833	+10.240000	5.60	0.12	B9IIIpHg:Mn:	0.022	-0.008
1884		084.218333	+40.182222	6.09	1.03	G3Ib+F	-0.002	-0.010
1885		090.334167	+85.182222	6.11	1.57	M0III	0.011	0.000
1886		083.753750	-6.009167	5.67	-0.23	B1V	-0.011	0.000
1887		083.761250	-6.001944	4.78	-0.25	B0.5V	0.004	0.002
1888		083.467083	-29.848889	6.53	-0.02	A0V	0.014	0.021
1889		084.125833	+25.939444	6.49	0.43	F5III	0.014	0.003
1890		083.840833	-4.493333	6.56	-0.13	B1.5V	-0.011	0.030
1891		083.843750	-4.425278	6.24	-0.15	B2.5V	0.022	-0.027
1892	42 Ori	083.846667	-4.838333	4.59	-0.19	B1V	0.004	0.000
1893	41The1Ori	083.816250	-5.387222	6.73	0.02	B0.5V	0.005	0.002
1894	41The1Ori	083.817083	-5.385278	7.96	0.24	B0V	0.005	0.002
1895	41The1Ori	083.818750	-5.389722	5.13	0.02	O6p	0.004	0.002
1896	41The1Ori	083.822083	-5.387778	6.70	0.09	B0.5Vp	0.005	0.002
1897	43The2Ori	083.845417	-5.416111	5.08	-0.09	O9.5Vp	0.001	0.005
1898		083.879583	-4.364722	6.38	-0.14	B2.5IV	0.002	-0.021
1899	44Iot Ori	083.858333	-5.910000	2.77	-0.24	O9III	0.000	0.001
1900		083.899167	-3.252778	6.40	-0.12	B3IV	-0.008	0.000
1901	45 Ori	083.914583	-4.855833	5.26	0.24	F0III	0.009	0.011
1902		084.286667	+26.924167	5.83	-0.07	B9IV-V	0.011	-0.025
1903	46Eps Ori	084.053333	-1.201944	1.70	-0.19	B0Ia	0.001	-0.002
1904		084.440417	+33.559167	6.33	1.31	K0	0.003	0.000
1905	122 Tau	084.265833	+17.040278	5.54	0.22	F0V	0.045	-0.031
1906		084.062500	-5.648056	6.54	-0.18	B3V	0.000	-0.004
1907	40Phi2Ori	084.226250	+9.290556	4.09	0.95	K0IIIbFe-2	0.091	-0.305
1908		084.268333	+11.035000	5.94	1.58	K4III	0.051	-0.018
1909		083.814167	-33.080000	5.78	1.12	K2IIIa	0.020	0.109
1910	123Zet Tau	084.411250	+21.142500	3.00	-0.19	B4IIIpe	0.000	-0.021
1911		084.148750	-6.065000	5.72	-0.22	B1V	-0.005	-0.012
1912		083.435000	-54.902222	6.43	0.55	F8V	0.072	0.011
1913		084.330417	+8.951944	6.12	-0.17	B2IV-V	0.001	-0.001
1914	26 Aur	084.658750	+30.492500	5.40	0.45	F9III+B9.5V	-0.019	-0.009
1915		084.042917	-28.707778	6.26	0.13	A2/3III/V:	0.023	0.000
1916		085.610000	+65.697778	5.60	1.24	gK5	-0.006	-0.018
1917		083.248333	-64.227500	5.34	1.04	G8-K0III	0.041	-0.010
1918		084.364167	-5.938333	6.05	-0.22	B1V	0.015	0.002
1919		084.286667	-11.775556	6.11	0.05	A2V	0.020	-0.020
1920		084.504583	+7.541389	5.88	-0.07	B8III	0.007	-0.017
1921		084.739167	+26.617778	6.37		G9III	0.024	-0.018
1922	Bet Dor	083.406250	-62.489722	3.76	0.82	F6Ia	0.002	0.009
1923		084.472500	-4.813611	6.19	-0.04	B2IV-V	0.004	0.021
1924		084.826667	+29.215278	5.96	0.16	B2IV-V	0.012	-0.004
1925		085.334583	+53.481111	6.23	0.84	K1V	0.002	-0.518
1926	Nu 1Col	084.318750	-27.871389	6.16	0.34	F0IV	0.014	-0.061
1927		084.011250	-47.313889	6.11	1.16	K2III+F	-0.014	-0.017
1928	125 Tau	084.934167	+25.896944	5.18	-0.15	B3IV	0.012	-0.024
1929		084.862500	+21.762778	6.34	0.06	A1Vn	-0.004	-0.036
1930		083.760000	-58.871111	6.75	1.45	K4III	-0.035	0.017
1931	48Sig Ori	084.686667	-2.600000	3.81	-0.24	O9.5V	0.002	0.001
1932		084.696250	-2.594167	6.65	-0.19	B2Vp	-0.018	0.012
1933		084.657500	-6.573889	5.96	-0.23	B1.5IV	-0.015	0.003
1934	47Ome Ori	084.796250	+4.121389	4.57	-0.11	B3IIIe	0.001	-0.003
1935	Nu 2Col	084.435833	-28.689444	5.31	0.46	F4V	-0.034	0.052
1936		083.740000	-61.175833	6.32	0.85	G5IV	0.006	-0.022
1937	49 Ori	084.721250	-7.213056	4.80	0.13	A4V	-0.012	-0.053
1938		085.149583	+31.358056	6.04	0.04	B9.5III-IVp:	-0.007	-0.020
1939		085.175417	+31.920833	6.11	2.12	M2IIIS	0.010	0.006
1940		084.880000	-3.564722	6.00	0.27	A8V s	-0.002	-0.003
1941	24 Cam	085.756667	+56.581667	6.05	0.95	K0III	0.014	0.031
1942		084.878333	-9.706667	6.50	-0.10	B7V	0.008	-0.014
1943	23 Cam	086.035833	+61.476667	6.15	0.90	gG5	-0.005	0.001
1944		084.817917	-17.849444	6.38	-0.12	B7V	0.001	0.003
1945		085.337500	+29.487500	6.43	-0.11	B8IV	0.019	-0.029
1946	126 Tau	085.323750	+16.533889	4.86	-0.13	B3IV	0.008	-0.018
1947		084.681667	-40.707500	5.82	-0.09	B8V	-0.005	0.009
1948	50Zet Ori	085.189583	-1.942778	2.05	-0.21	O9.7Ib	0.003	-0.002
1949	50Zet Ori	085.190000	-1.942778	4.21		B0III	0.004	-0.002
1950		085.155417	-2.825000	6.22	-0.20	B1.5V	0.008	0.010
1951		085.477500	+23.326389	6.59	-0.06	B8p	-0.016	-0.014
1952		085.210833	-1.128889	4.95	-0.21	B2IV-V	-0.012	-0.006
1953	Gam Men	082.970417	-76.341111	5.19	1.13	K2III	0.111	0.283
1954		085.516250	+22.660278	6.36		K2	-0.011	-0.021
1955		085.273333	+0.337778	5.93	0.30	F0IV	0.015	0.028
1956	Alp Col	084.912083	-34.074167	2.64	-0.12	B7IVe	0.007	-0.026
1957		085.191667	-10.409444	6.52	-0.16	B9.5IIIpSi4200	-0.030	-0.030
1958		084.957500	-32.629167	5.45	0.92	G6-8III	-0.022	-0.029
1959		085.417917	-2.896111	6.42	0.30	A9IV-V	0.041	0.030
1960		084.227917	-66.560278	6.31	-0.07	B9.5V	-0.022	0.010
1961		085.831250	+23.204167	6.21	-0.06	B2.5Ve	-0.001	-0.022
1962		085.422917	-16.725556	6.21	-0.13	B3IVp	-0.005	0.009
1963	51 Ori	085.619167	+1.474722	4.91	1.17	K1III	-0.058	-0.015
1964		083.686250	-73.741389	5.78	1.71	M3III	-0.003	0.033
1965		085.559583	-17.530278	6.15	1.38	K0	-0.036	0.007
1966		085.362500	-33.400556	6.34	-0.04	A0V	0.014	-0.002
1967		085.724167	-6.796111	6.02	0.40	F3V	-0.003	0.068
1968	12 Lep	085.557917	-22.373611	5.87	0.11	A2	-0.004	0.018
1969	26 Cam	086.626667	+56.115556	5.94	0.17	A4Vn	0.019	-0.056
1970		085.788750	-1.613056	6.31	1.47	K4III	0.003	-0.026
1971	27Omi Aur	086.475000	+49.826389	5.47	0.03	A2VpCr	-0.010	0.001
1972		085.548333	-30.535556	6.19	0.01	A0V	0.002	0.007
1973		085.562917	-34.667778	5.29	-0.05	B9.5V	-0.008	0.051
1974		086.456250	+40.507222	6.58	0.25	A3Del Del	-0.031	-0.005
1975		085.840000	-18.557500	5.73	-0.01	A0V s	0.016	-0.015
1976		087.270417	+62.808056	6.13		A4V	-0.007	-0.010
1977		086.414167	+20.695000	6.95	3.03	C5II	-0.001	0.000
1978		086.257917	+4.008056	6.09	0.31	gF0n	0.020	-0.019
1979		086.811250	+42.526667	6.29	1.35	K0	0.009	-0.088
1980		086.118333	-20.126389	6.34	0.58	G0	-0.016	0.046
1981		085.875833	-39.406944	6.25	0.37	F3V	0.051	-0.002
1982		086.110417	-22.421667	6.15	0.94	K2V	-0.309	-0.353
1983	13Gam Lep	086.115833	-22.448333	3.60	0.47	F6V	-0.293	-0.370
1984		085.921250	-45.833056	6.39	0.29	A9V	0.029	0.091
1985	129 Tau	086.689583	+15.822500	6.00	-0.06	B8IIIpHgMn:	0.004	-0.004
1986		086.511667	-4.268333	6.34	1.05	K1III+G0IV	0.000	-0.068
1987		086.717083	+9.522222	5.79	0.88	G8III	-0.034	-0.065
1988		086.645833	+1.168056	5.95	0.78	G4V	-0.073	-0.148
1989	131 Tau	086.805000	+14.488333	5.72	0.04	A3Vn	0.010	-0.039
1990	130 Tau	086.859167	+17.729167	5.49	0.30	F0III	-0.005	-0.006
1991	Iot Men	083.901250	-78.820833	6.05	-0.02	B8III	0.008	0.017
1992	29 Cam	087.641667	+56.918889	6.54		A4IV-V	-0.009	-0.008
1993	133 Tau	086.928750	+13.899722	5.29	-0.17	B2IV-V	0.002	-0.012
1994		088.231250	+68.471389	6.20	0.95	G9III	0.005	-0.051
1995	29Tau Aur	087.293750	+39.181111	4.52	0.94	G8IIIFe-1	-0.025	-0.022
1996	Mu Col	086.499583	-32.306389	5.17	-0.28	O9.5V	0.009	-0.025
1997		087.093333	+20.869444	6.07	-0.08	B9Vn	0.014	-0.016
1998	14Zet Lep	086.738750	-14.821944	3.55	0.10	A3Vn	-0.016	-0.001
1999	52 Ori	087.000833	+6.454167	5.27	0.23	A5V	0.007	-0.019
2000		086.781667	-16.237778	6.17	0.89	G2Ib-II	-0.034	0.003
2001		086.861250	-10.533056	6.03	0.16	A4V	-0.029	-0.024
2002	132 Tau	087.254167	+24.567500	4.86	1.01	G8III	-0.004	-0.023
2003		087.735000	+51.514722	6.29	1.05	K1III	0.167	-0.030
2004	53Kap Ori	086.939167	-9.669722	2.06	-0.17	B0.5Ia	0.002	-0.002
2005		086.769583	-28.639167	6.22	-0.15	B5V	0.006	0.006
2006	30 Cam	088.072500	+58.964167	6.14	-0.04	A0V s	0.007	-0.023
2007		087.145417	-4.094722	5.97	0.64	G4V	0.062	-0.225
2008		086.614167	-46.597222	5.31	1.04	K0-1II	0.012	0.004
2009		086.827500	-35.674722	6.32	1.18	K1III	-0.008	0.041
2010	134 Tau	087.387083	+12.651111	4.91	-0.07	B9IV	-0.020	-0.024
2011	31Ups Aur	087.760000	+37.305556	4.74	1.62	M0+III-IIIbFe-0.5	0.035	-0.047
2012	32Nu Aur	087.872500	+39.148611	3.97	1.13	G9.5III*	-0.005	0.007
2013		087.742083	+27.967778	5.56	0.97	gG7	-0.009	0.012
2014		087.510833	+9.871111	5.80	0.87	G8III	0.005	-0.010
2015	Del Dor	086.193333	-65.735556	4.35	0.21	A7V	-0.031	0.008
2016	135 Tau	087.620417	+14.305556	5.52	1.01	gG9	0.006	-0.035
2017		086.992083	-40.652500	6.61	1.12	K1III	0.007	0.032
2018		087.857083	+32.125000	6.25	1.75	M3III	0.001	0.007
2019		087.554583	+4.423333	5.97	1.36	gK2	0.005	-0.039
2020	Bet Pic	086.821250	-51.066389	3.85	0.17	A5V	0.011	0.085
2021		087.402083	-14.483611	5.49	0.88	gG6	-0.025	-0.044
2022	Pi Men	084.290833	-80.469167	5.65	0.60	G1V	0.305	1.054
2023		086.804167	-54.360833	6.18	1.40	K3III	-0.016	-0.009
2024		087.625000	+2.024444	5.98	0.91	G8III+A0IV	0.001	-0.015
2025		088.164583	+39.574444	6.45	0.09	A2V	-0.026	-0.016
2026		087.472917	-22.971667	5.87	0.06	A2	-0.014	0.025
2027	31 Cam	088.740833	+59.888333	5.20	0.02	A2V	0.001	-0.019
2028		088.167083	+33.917500	5.98	1.60	M1.5II-III	0.020	0.008
2029	30Xi Aur	088.711667	+55.706944	4.99	0.05	A2V	-0.013	0.020
2030		088.097500	+19.868056	6.06	0.54	G2IIIe+B8III	-0.002	0.003
2031	55 Ori	087.841667	-7.518056	5.35	-0.20	B2IV-V	-0.001	0.003
2032		087.392083	-44.875278	6.38	1.27	K1III	-0.004	0.011
2033	137 Tau	088.092917	+14.171667	5.59	-0.05	B9pSiCrEu	-0.020	-0.005
2034	136 Tau	088.331667	+27.612222	4.58	-0.02	A0V	0.003	-0.012
2035	15Del Lep	087.830417	-20.879167	3.81	0.99	K0IIIFe-1.5CH0.5	0.227	-0.649
2036		087.869167	-22.926111	6.17	1.02	K0	-0.001	-0.018
2037	56 Ori	088.110000	+1.855000	4.78	1.38	K1.5IIb	-0.007	-0.012
2038		088.329583	+20.299167	6.71	-0.07	B9V	0.005	-0.010
2039		088.031667	-9.041389	5.97	0.10	A2Vnp	-0.027	0.052
2040	Bet Col	087.740000	-35.768333	3.12	1.16	K2III	0.059	0.401
2041		089.395833	+66.096111	6.25	1.36	K0	0.048	-0.016
2042	Gam Pic	087.457083	-56.166667	4.51	1.10	K1III	0.083	-0.076
2043		087.997917	-29.448611	6.45	1.48	K3III	-0.004	0.020
2044		087.619167	-52.767778	6.35	0.76	K0-1III+A4V+A	-0.025	0.015
2045		089.060000	+51.803889	6.49		A5V	-0.009	-0.008
2046		088.745833	+31.701667	5.90	0.14	A5IV	-0.043	-0.176
2047	54Chi1Ori	088.595417	+20.276111	4.41	0.59	G0V	-0.189	-0.084
2048		088.555833	+10.586944	6.12	1.47	G9II	0.006	0.008
2049		087.721667	-52.108889	5.17	0.99	G8III	0.006	-0.078
2050		088.634167	+11.762500	6.59	0.03	A2V	0.008	-0.068
2051		088.565417	+3.225278	6.31	1.29	K0	0.053	-0.061
2052	57 Ori	088.736250	+19.749722	5.92	-0.17	B2V	-0.003	-0.004
2053		088.138333	-37.631111	5.63	1.04	K1III	0.033	-0.031
2054		089.270417	+49.029444	6.47	0.99	G8III	0.019	-0.016
2055		088.198750	-38.525833	6.70	1.08	K1III	0.004	-0.004
2056	Lam Col	088.278750	-33.801389	4.87	-0.15	B5V	-0.004	0.033
2057		088.683750	+0.968333	6.00	1.34	K0III	0.003	-0.003
2058		088.644583	-4.063889	6.57	-0.18	B1.5V	-0.001	0.020
2059		082.557917	-84.785000	6.20	-0.02	B9.5IV-V	-0.008	0.046
2060		088.489167	-19.638333	6.69	0.10	A4V	-0.025	0.004
2061	58Alp Ori	088.792917	+7.406944	0.50	1.85	M1-2Ia-Iab	0.026	0.009
2062	Lam Men	086.950417	-72.702222	6.53	1.08	K0III	-0.011	0.022
2063		088.955417	+20.175000	5.40	0.99	M6.5IIIe	0.000	-0.014
2064	Eps Dor	087.473333	-66.901111	5.11	-0.14	B6V	-0.016	0.016
2065		088.681667	-11.773889	5.66	1.53	K5III	0.066	0.039
2066		089.140833	+28.942222	6.32	0.30	A2II	0.003	-0.001
2067		089.014583	+13.925278	6.60	0.65	G5IV	0.384	-0.467
2068		088.558750	-29.147778	6.36	0.37	F3V	-0.020	-0.051
2069		088.345417	-42.921389	6.55	1.37	K3III	0.012	0.009
2070		088.876250	-4.616389	5.87	1.18	gK2	0.040	-0.017
2071		088.897500	-4.788333	6.28	0.06	A2III	-0.011	-0.019
2072		088.084583	-57.156111	5.94	0.66	F7IV	0.024	-0.078
2073		087.845833	-64.033611	6.36	0.86	G8III	-0.011	0.016
2074		089.233750	+24.249722	6.02	0.39	A0Ia	0.002	0.000
2075		089.116667	+9.509722	5.99	-0.07	A0IV	0.000	-0.001
2076		089.206250	+11.521111	5.87	1.10	K2III	0.106	-0.058
2077	33Del Aur	089.881667	+54.284722	3.72	1.00	K0-III	0.081	-0.125
2078		091.288750	+75.585833	6.40		K5	0.009	-0.010
2079		089.940417	+55.320833	6.44	0.31	A5m	-0.015	-0.088
2080		089.950417	+54.547222	6.14	1.20	K2III	0.011	-0.035
2081		089.840833	+49.924444	5.89	1.23	G5III	-0.002	-0.009
2082		088.718750	-39.958056	5.57	1.51	M0III	-0.014	0.016
2083		088.544583	-50.361944	6.52	0.90	G8IV	0.086	0.569
2084	139 Tau	089.498750	+25.953889	4.82	-0.06	B0.5II	0.000	-0.002
2085	16Eta Lep	089.101250	-14.167778	3.71	0.33	F1III	-0.042	0.139
2086		089.059583	-22.840278	5.96	1.11	K0V	0.119	0.021
2087	Xi Col	088.874583	-37.120833	4.97	1.11	K1III	0.032	-0.026
2088	34Bet Aur	089.882083	+44.947500	1.90	0.03	A2IV	-0.057	0.000
2089		088.671250	-49.626944	6.10	-0.13	B3V	-0.009	0.016
2090		089.143750	-23.215556	6.36	1.07	K0	0.014	0.026
2091	35Pi Aur	089.983750	+45.936944	4.26	1.72	M3II	0.000	-0.005
2092	Sig Col	089.087083	-31.382500	5.50		F2III	-0.002	0.006
2093		089.475833	+1.224444	6.22	1.48	M0III	-0.069	0.008
2094		088.709167	-52.635278	5.29	0.31	F0VDel Del	-0.005	0.248
2095	37The Aur	089.930417	+37.212500	2.62	-0.08	A0pSi	0.048	-0.081
2096		090.079167	+44.591944	6.22		K2III+K0III	-0.026	-0.041
2097		089.548750	-0.994167	6.22	1.14	K0	0.007	-0.025
2098		089.204167	-31.976111	6.44	1.07	G8III	0.002	0.019
2099		089.721667	+12.808611	5.70	0.89	K2III+A5V	-0.014	0.021
2100	59 Ori	089.601667	+1.836944	5.90	0.21	A5mDel Del	0.005	-0.008
2101	36 Aur	090.244167	+47.901944	5.73	-0.01	B9.5pSiFe	0.006	-0.018
2102		088.525417	-63.090000	4.65	1.05	K1III-IV	0.138	0.537
2103	60 Ori	089.706667	+0.553056	5.22	0.01	A1V s	-0.013	0.002
2104		088.549583	-64.482222	6.63	0.38	F0III	-0.003	0.064
2105		090.429583	+48.959444	5.96	1.45	K0	0.005	-0.015
2106	Gam Col	089.384167	-35.283333	4.36	-0.18	B2.5IV	0.000	0.009
2107	1 Mon	089.754167	-9.382222	6.12	0.29	F2IV	0.014	0.012
2108	2 Mon	089.767917	-9.558333	5.03	0.19	A6IIIm vs	0.009	-0.050
2109		089.907083	-1.444444	6.63	-0.07	B8IIIn	-0.009	-0.020
2110		090.292500	+31.034722	5.98	0.08	A2V	-0.001	0.009
2111		090.251667	+27.572222	6.05	0.25	B9Iab	-0.001	-0.004
2112		090.702917	+49.905556	6.05	-0.06	B9.5IV	0.024	-0.046
2113		090.014167	-3.074167	4.53	1.22	K1.5IIIFe-1.5	0.012	-0.076
2114		089.310000	-53.426111	6.45	1.48	K5-M0III	0.016	-0.014
2115		090.723333	+43.378611	6.42		K0	0.020	-0.024
2116		090.423333	+22.400833	6.37	-0.07	B8V	-0.011	-0.020
2117		089.656667	-44.034444	5.81	1.07	G8II	-0.001	0.014
2118		090.073750	-12.899722	6.22	0.36	F0	-0.007	-0.039
2119	38 Aur	090.825000	+42.911667	6.10	0.97	K0II	0.112	-0.141
2120	Eta Col	089.786667	-42.815278	3.96	1.14	K0III	0.022	-0.014
2121		091.284583	+59.393056	6.34	1.10	K1III-IV	0.005	-0.051
2122		090.729583	+32.635833	6.24	0.42	F4V	0.076	-0.209
2123		091.121250	+51.573333	6.45	0.18	A7III	0.005	-0.042
2124	61Mu Ori	090.595833	+9.647500	4.12	0.16	A2V	0.015	-0.028
2125	Kap Men	087.569583	-79.361389	5.47	-0.08	B9V	-0.009	0.066
2126		091.663333	+63.453611	6.39		K0	-0.030	0.006
2127		090.571250	+1.694444	6.59	-0.05	B8V	0.004	0.007
2128	3 Mon	090.460000	-10.598056	4.95	-0.12	B5III	-0.007	0.000
2129		090.304583	-25.417778	6.05	0.02	A1V	-0.008	-0.018
2130	64 Ori	090.863750	+19.690556	5.14	-0.11	B8III	-0.001	-0.017
2131		090.318333	-33.911667	5.55	1.58	K5III	0.015	-0.020
2132	39 Aur	091.264167	+42.981667	5.87	0.30	F3V	-0.039	-0.143
2133		090.852917	+11.680833	6.08	-0.04	A0V s	-0.016	-0.015
2134	1 Gem	091.030000	+23.263333	4.16	0.82	G7III	-0.008	-0.100
2135	62Chi2Ori	090.980000	+20.138333	4.63	0.28	B2Ia	0.002	-0.006
2136		090.640833	-14.497222	6.20	0.96	G5	0.011	0.012
2137		091.260833	+37.964167	6.34		K0III+A2	0.003	-0.007
2138		090.205000	-51.216389	5.67	0.20	Am	-0.021	0.094
2139		091.391667	+33.599167	6.23	-0.08	B9pSi	0.008	-0.013
2140		090.814583	-26.284444	5.04	1.34	K3III	0.056	0.092
2141		091.535417	+35.387500	6.12	0.60	G0V	-0.131	-0.302
2142		091.056250	-6.709167	5.21	-0.06	B2Ven	-0.005	-0.003
2143	40 Aur	091.646250	+38.482778	5.36	0.25	A4m	0.007	-0.049
2144	63 Ori	091.242500	+5.420000	5.67	1.04	gG7	0.000	0.003
2145	66 Ori	091.243333	+4.158611	5.63	1.04	G4III	-0.001	-0.005
2146		091.593750	+29.512500	6.08	1.73	M3II+F7V	0.015	-0.006
2147		091.862083	+41.854167	6.12	1.22	K0III	0.007	-0.021
2148	17 Lep	091.246250	-16.484444	4.93	0.24	A2eShell	-0.006	-0.001
2149		091.084583	-32.172500	5.65	-0.19	B2.5V	-0.015	0.119
2150		091.362500	-10.242778	5.87	0.37	dF4	0.014	0.024
2151		090.538333	-60.096944	6.45	1.58	M4III	0.010	0.004
2152	37 Cam	092.496250	+58.935833	5.36	1.09	G8III	0.024	0.023
2153		092.095833	+41.055556	6.36	1.05	G9III	-0.016	-0.053
2154		091.661250	-4.193889	5.38	-0.13	B5IV	-0.007	-0.004
2155	18The Lep	091.538750	-14.935278	4.67	0.05	A1Vn	-0.018	0.014
2156		091.440417	-24.195556	6.95	1.63	M6III	0.024	-0.018
2157		091.118333	-45.036667	6.35	0.52	G0IV-V	-0.080	0.244
2158		091.167500	-45.078889	5.93	0.49	F4V	-0.070	0.255
2159	67Nu Ori	091.892917	+14.768333	4.42	-0.17	B3V	0.006	-0.021
2160		091.362917	-35.513611	5.80	0.02	A1V	0.007	0.018
2161		091.716250	-11.173611	6.66	-0.15	B3V	-0.002	0.001
2162		091.195417	-48.458611	6.58	0.72	G6V	-0.092	-0.038
2163		091.633333	-23.110556	5.47	0.08	Am	-0.023	-0.023
2164		091.522917	-29.758611	5.81	0.05	A1V	0.013	-0.041
2165	36 Cam	093.212917	+65.718333	5.32	1.34	K1.5IIIbCN-0.5	0.006	-0.033
2166		091.740000	-21.812778	5.78	1.64	M4III	0.004	-0.016
2167		092.196667	+8.670000	6.55	-0.07	B9V	0.032	0.005
2168	19 Lep	091.923333	-19.165833	5.31	1.68	M2III	0.013	0.054
2169		092.385000	+22.190000	5.93	1.63	K4I	-0.018	-0.013
2170		091.765417	-34.311944	5.83	-0.13	B4IVe	0.003	0.003
2171	Pi 1Col	091.670833	-42.298611	6.12	0.25	Am	-0.033	0.003
2172		092.941667	+52.647222	6.30	0.14	A5IIIm	0.011	-0.070
2173	3 Gem	092.433333	+23.113333	5.75	0.21	B2.5Ib	0.007	-0.001
2174		092.241250	+2.499444	5.73	0.07	A3Vn	0.004	-0.020
2175	41 Aur	092.902083	+48.713056	6.82		A8V	0.012	-0.066
2176	41 Aur	092.902500	+48.711111	6.09	0.10	A3V	0.019	-0.050
2177	The Col	091.881667	-37.253056	5.02	-0.11	B9IV	0.002	-0.005
2178		091.757917	-45.091389	6.51	1.16	K1III	0.085	0.044
2179		092.400833	-5.711111	6.17	0.34	F3IV w	0.058	0.014
2180		092.241250	-22.427500	5.50	-0.01	A0IV	0.002	-0.039
2181	Pi 2Col	091.970417	-42.153889	5.50	0.00	A0V	0.001	-0.014
2182		092.334583	-18.126111	6.35	-0.03	B9Vn	0.013	-0.015
2183		092.392917	-14.584167	5.56	1.16	K2III	-0.047	0.045
2184		092.757500	+18.129444	6.33	1.35	K1II	-0.002	-0.047
2185	5 Gem	092.884583	+24.420278	5.80	1.11	K0III	-0.004	-0.054
2186		092.449583	-22.774167	5.71	0.44	F6V	0.080	0.067
2187		092.144167	-44.356111	6.27	-0.15	B8II	-0.013	0.010
2188		093.438750	+51.172500	6.04	1.06	K1III	-0.007	-0.065
2189		093.083750	+32.693333	5.78	1.66	M2IIIa	-0.008	-0.001
2190		092.964167	+21.868611	6.56	2.25	M0-1Iab	0.002	0.015
2191		092.866250	+13.638611	6.04	0.00	A0Vnn	-0.005	-0.017
2192		092.446667	-26.700833	6.27	1.01	G8-K0III	-0.007	0.021
2193	68 Ori	093.005417	+19.790556	5.75	-0.07	B9.5V	-0.001	-0.012
2194	Eta1Dor	091.539167	-66.039722	5.71	-0.03	A0V	0.017	0.027
2195		092.755417	-6.754167	6.15	0.01	A0pSrCr	0.004	-0.003
2196		091.764167	-62.154722	5.05	1.25	K2-3III	0.018	-0.072
2197	6 Gem	093.079583	+22.908333	6.39	2.24	M1-2Ia-Iab	0.002	-0.004
2198	69 Ori	093.013750	+16.130556	4.95	-0.14	B5Vn	0.009	-0.014
2199	70Xi Ori	092.985000	+14.208889	4.48	-0.18	B3IV	0.003	-0.020
2200		092.644167	-27.154167	5.72	1.07	K1III	-0.016	-0.046
2201	40 Cam	093.919167	+59.999167	5.35	1.34	K3III	0.033	-0.021
2202		092.932083	-4.665556	6.18	-0.08	B9pHgMn	-0.011	-0.009
2203		092.542917	-40.353611	5.58	1.68	M2II-III	-0.026	0.076
2204		092.347083	-49.562778	6.49	0.52	F7V	-0.024	0.080
2205		092.965833	-6.550278	5.05	-0.20	B2V	-0.005	-0.005
2206		092.806250	-26.482222	6.09	-0.04	A0V	-0.017	0.003
2207		093.389167	+18.680278	6.58	-0.08	B8Vnn	0.023	-0.017
2208		093.302500	+10.627500	6.45	0.67	G2V	0.092	-0.285
2209		094.711667	+69.319722	4.80	0.03	A0Vn	0.002	-0.107
2210		093.185000	-2.504444	6.62	0.05	A2V	-0.045	0.012
2211		092.666250	-45.281944	6.31	-0.03	A0V	0.005	0.005
2212	Del Pic	092.574583	-54.968611	4.81	-0.23	B3III+O9V	-0.003	0.005
2213		093.192917	-17.763056	6.52	-0.17	B3III	-0.008	0.017
2214		093.619167	+17.906389	5.88	0.22	A5Vm	-0.009	-0.012
2215	1 Lyn	094.478333	+61.515278	4.98	1.83	M3IIIab	-0.014	-0.006
2216	7Eta Gem	093.719167	+22.506667	3.28	1.60	M3III	-0.068	-0.012
2217		093.912500	+36.148611	6.92	0.45	F4IV	-0.065	0.003
2218		093.476250	-3.741389	5.83	0.94	G8III	-0.011	0.025
2219	44Kap Aur	093.844583	+29.498056	4.35	1.02	G8.5IIIb	-0.073	-0.262
2220	71 Ori	093.712083	+19.156389	5.20	0.44	F6V	-0.098	-0.188
2221	Nu Dor	092.184167	-68.843333	5.06	-0.08	B8V	-0.052	0.018
2222		093.785417	+13.851111	5.91	-0.23	B1V	0.023	0.006
2223	72 Ori	093.854583	+16.143056	5.30	-0.14	B7V	0.003	-0.012
2224		093.652917	-4.568333	5.83	-0.17	B5V	-0.008	0.006
2225		093.437917	-23.861944	6.39	0.72	G5	-0.069	0.118
2226		093.388750	-29.396111	6.54	-0.10	B7V	-0.025	-0.013
2227	5Gam Mon	093.713750	-6.274722	3.98	1.32	K1.5IIIBa0.3	-0.008	-0.019
2228	42 Aur	094.394583	+46.424167	6.52	0.27	F0V	-0.043	0.019
2229	73 Ori	093.937500	+12.551111	5.33	-0.02	B9II-III	-0.001	0.001
2230	8 Gem	094.079167	+23.970000	6.08	0.90	G8III	-0.015	-0.009
2231		093.917083	+6.066111	6.07	-0.13	B6Ve	-0.008	-0.024
2232		093.945833	+4.283611	6.64	-0.17	B3IV	-0.001	-0.004
2233		093.892917	-0.512222	5.65	0.50	F6V	-0.158	-0.219
2234		093.873750	-4.915278	5.99	0.09	A5IV s	0.025	-0.045
2235		094.099167	+17.181389	6.39	1.58	K5II	-0.002	-0.014
2236		093.975000	+1.169167	6.37	0.46	F5IV:	-0.005	0.034
2237		093.858333	-9.035278	6.10	-0.08	B9III	-0.035	0.015
2238	2 Lyn	094.905833	+59.010833	4.48	0.01	A2V s	-0.008	0.026
2239	43 Aur	094.570417	+46.360556	6.38	1.11	K2III	0.012	-0.126
2240	9 Gem	094.244583	+23.740833	6.25	0.45	B3Ib	0.000	-0.001
2241	74 Ori	094.110833	+12.272222	5.04	0.42	F5IV-V	0.082	0.186
2242		093.785000	-20.272222	5.91	1.32	K0	0.005	0.030
2243		093.822917	-18.476667	5.99	1.06	K0	0.016	-0.048
2244		093.937083	-13.718333	5.01	-0.08	B9Vn	0.011	-0.009
2245	Eta2Dor	092.812500	-65.589444	5.01	1.62	M2.5III	-0.026	0.112
2246		094.088333	+1.080278	6.63	-0.05	B6V	0.016	-0.008
2247	75 Ori	094.277500	+9.942500	5.39	0.10	A2V	0.007	-0.061
2248		094.243333	+7.053056	6.57	-0.12	B7III	-0.011	0.009
2249		094.032083	-16.617778	5.92	-0.17	B2.5Vn	-0.002	0.008
2250		094.388750	+14.058333	6.59	-0.03	A0V	0.000	-0.012
2251		094.317083	+5.100278	5.71	0.61	F9V	-0.216	0.159
2252		093.988333	-29.788333	6.67	1.55	K4III	0.004	0.008
2253		094.523333	+14.382778	6.16	0.01	A3V	-0.007	0.004
2254		094.264583	-22.715000	6.07	0.56	G0V	0.119	-0.251
2255	6 Mon	094.396667	-10.725278	6.75	0.35	F0Del Del	-0.002	-0.007
2256	Kap Col	094.137917	-35.140556	4.37	1.00	K0.5IIIa	0.000	0.086
2257	4 Lyn	095.515000	+59.372222	5.94		A3V	-0.001	0.004
2258		094.757500	+17.325000	6.32	-0.07	B9IIIpSiCr:	-0.009	-0.009
2259		094.668750	+9.047222	6.24	0.87	K0	0.030	-0.044
2260		094.423750	-16.815833	5.14	1.30	K3III	-0.011	0.008
2261	Alp Men	092.560000	-74.753056	5.09	0.72	G6V	0.118	-0.213
2262		094.148333	-39.264444	6.00	0.16	A2Vm:	-0.013	-0.022
2263		094.255000	-37.737500	5.53	1.14	K1III	0.002	0.081
2264	45 Aur	095.442083	+53.452222	5.36	0.43	F5III	0.020	-0.084
2265		094.289583	-37.253056	5.87	0.14	A3V	-0.011	-0.010
2266		094.557083	-19.966944	5.52	-0.18	B2V	-0.005	0.007
2267		094.710833	-9.390278	5.36	1.24	K1.5III	0.003	-0.033
2268		094.703333	-15.024722	6.06	1.66	M0III	-0.003	0.022
2269		095.017500	+14.651111	5.69	1.61	K3Ib	-0.003	-0.014
2270		094.782917	-8.586389	6.22	-0.04	B9V	-0.022	-0.010
2271		094.745833	-20.926111	5.81	-0.15	B4IV	-0.009	-0.009
2272		095.300417	+29.541111	6.43	0.06	A1V s	0.035	-0.039
2273	7 Mon	094.928333	-7.823056	5.27	-0.19	B2.5V	-0.004	0.000
2274		094.077083	-59.213611	6.43	0.59	G0V	-0.057	-0.325
2275		094.998333	-2.944444	4.90	1.60	M1III	-0.013	0.004
2276		095.217917	+11.756389	6.54	-0.10	B5III	0.023	0.003
2277		095.357917	+17.763611	6.35		g:G9	0.019	-0.039
2278		094.465417	-52.733056	6.41	1.46	K2-3III	0.003	-0.006
2279		094.920833	-34.396667	5.78	-0.08	B9V	0.014	0.001
2280		095.357500	+2.268611	6.31	0.24	A4.5V	-0.016	-0.026
2281		094.695000	-50.359167	7.04	0.83	G2Ib	0.006	0.003
2282	1Zet CMa	095.078333	-30.063333	3.02	-0.19	B2.5V	0.009	0.003
2283		093.774583	-71.702778	6.64	0.56	F8V	-0.025	0.061
2284		095.352917	-11.773333	5.64	-0.02	B1Vpe	-0.009	-0.005
2285		097.060833	+70.535556	5.97		A4V	0.002	0.023
2286	13Mu Gem	095.740000	+22.513611	2.88	1.64	M3IIIab	0.054	-0.111
2287		095.652083	+12.570000	6.00		F0III	-0.033	-0.037
2288		095.151250	-34.143889	5.53	-0.19	B1.5Ve	0.005	0.028
2289	46Psi1Aur	096.224583	+49.288056	4.91	1.97	K5-M0Iab-Ib	-0.002	-0.001
2290		095.025417	-48.741111	6.60	0.66	G3V	0.231	-0.271
2291		096.607500	+56.285000	5.64	0.24	A3Vm	-0.026	0.022
2292		095.827083	+3.764444	6.40	-0.15	B3V	0.006	-0.013
2293	5 Lyn	096.703750	+58.417222	5.21	1.53	K4III	-0.005	-0.009
2294	2Bet CMa	095.675000	-17.955833	1.98	-0.23	B1II-III	-0.006	0.000
2295		095.844583	-4.687222	6.67	0.06	A2V	-0.013	-0.007
2296	Del Col	095.528333	-33.436389	3.85	0.88	G7II	-0.024	-0.055
2297		096.219167	+29.707222	6.71	-0.06	B8IIIn	-0.032	-0.009
2298	8Eps Mon	095.942083	+4.592778	4.44	0.18	A5IV	-0.018	0.011
2299		095.943750	+4.595556	6.72	0.45	F5V	-0.021	-0.010
2300		096.009583	+8.884722	6.26	-0.08	B8Vn	-0.005	-0.018
2301		095.900000	-9.874444	6.19	1.84	K5	0.008	0.018
2302		096.220417	+16.056944	6.33	1.08	G9III	0.040	-0.046
2303		095.941667	-15.071667	6.24	1.53	K2	-0.015	-0.007
2304		096.387083	+23.326944	6.06	-0.03	A2Vn	-0.010	-0.023
2305		096.042917	-11.530278	5.22	1.24	K3III	-0.054	-0.035
2306		095.948333	-19.785278	6.60	-0.15	B8IIIHe wk	-0.017	0.014
2307		095.810000	-31.790000	6.34	0.89	G8III	-0.056	0.013
2308		096.367083	+14.721944	6.24	2.34	C5II	-0.014	-0.002
2309		096.085417	-12.962500	6.12	-0.08	B5Ve	-0.012	-0.012
2310		096.304583	+7.085833	5.98	1.22	F7Iab-K1Iab	0.017	0.004
2311		095.982917	-25.577778	5.63	1.56	K5III	0.008	-0.042
2312		096.326667	+1.501111	6.66	-0.04	B9V	-0.017	-0.011
2313		096.318333	-0.946111	5.87	0.56	F8V	0.224	-0.225
2314		096.962917	+47.405278	6.56	-0.04	A0V	-0.004	0.020
2315		096.444167	+2.272222	6.51	-0.03	A0V	0.005	-0.002
2316		096.004167	-36.707778	5.62	1.04	G6III	-0.015	0.055
2317		096.446250	-3.889167	6.35	1.02	G9III	-0.020	-0.005
2318		096.182917	-28.780000	6.39	0.62	G2IV	-0.159	-0.115
2319		096.897917	+32.563056	6.43	1.26	K0	-0.002	-0.058
2320	Nu Pic	095.732500	-56.370000	5.61	0.24	Am	-0.034	-0.024
2321		096.495000	-7.894167	6.40	0.14	A4V	-0.004	0.019
2322		095.907083	-52.181111	5.98	1.04	G8III	-0.025	-0.023
2323		096.185417	-40.284167	6.31	-0.05	B9V	-0.003	-0.009
2324		096.665000	-1.507222	5.87	0.08	A3Vn	-0.007	-0.026
2325		096.643750	-4.597222	6.15	-0.14	B2.5V	0.007	-0.002
2326	Alp Car	095.987917	-52.695833	-0.72	0.15	F0II	0.022	0.021
2327		096.744583	+0.840833	6.71	0.04	A1Vn	-0.020	-0.004
2328		096.687083	-7.511389	6.27	-0.04	A0Vn	0.006	-0.001
2329		096.374583	-35.063889	6.25	1.36	K3III	-0.005	-0.035
2330	16 Gem	096.985833	+20.496111	6.22	0.01	A2V s	-0.035	0.007
2331	6 Lyn	097.696667	+58.162778	5.88	0.94	K0III-IV	-0.026	-0.335
2332	48 Aur	097.142083	+30.493056	5.55	0.68	F8Ib	0.002	-0.013
2333		096.835000	+2.908056	5.55	1.04	G9III	-0.046	0.008
2334		096.807500	+0.299167	5.20	1.18	K1II	0.007	-0.008
2335		096.815000	-0.276111	5.55	1.38	K5III	0.000	-0.008
2336		095.945417	-58.543889	6.48	0.12	A3V	0.010	0.021
2337		095.755417	-63.683056	6.27	1.60	M1III	-0.024	0.013
2338	47 Aur	097.512500	+46.685556	5.90	1.44	gK4	-0.006	0.003
2339		097.235833	+26.967778	6.47		F5	0.116	-0.067
2340		097.116667	+16.238333	6.23	0.90	G5	-0.095	-0.047
2341		096.200833	-52.806389	6.51	1.70	K5-M0III	-0.007	0.002
2342		097.078333	+10.303889	6.15	1.15	K2III-IV	0.026	-0.039
2343	18Nu Gem	097.240833	+20.212222	4.15	-0.13	B6IIIe	-0.007	-0.014
2344	10 Mon	096.990000	-4.762222	5.06	-0.17	B2V	-0.005	-0.001
2345		096.057083	-60.281111	5.80	0.00	A0V	-0.041	0.036
2346		100.070000	+79.599444	6.54		A1V	0.001	0.017
2347		097.070000	+1.912222	6.48	-0.07	B9V	-0.002	-0.027
2348		096.431667	-48.177222	5.76	-0.06	B9V	-0.005	-0.032
2349		096.796667	-25.856667	6.07	0.53	F9V	-0.186	-0.218
2350		101.125833	+82.115278	6.65	0.17	A5V	0.010	-0.052
2351		097.250000	+11.019444	6.59		A9IV	-0.027	-0.010
2352	Pi 1Dor	095.659167	-69.984167	5.56	1.51	K5III	0.020	0.029
2353		096.781250	-37.895556	6.48	0.39	F3V	-0.011	0.042
2354		096.109583	-63.428889	6.46	0.66	G3III-IV	-0.007	-0.103
2355		097.312083	+2.646111	6.16	1.54	gM1	0.009	-0.040
2356	11Bet Mon	097.204167	-7.032778	4.60	-0.10	B3Ve	-0.017	0.000
2357	11Bet Mon	097.206250	-7.034444	5.40	-0.07	B3ne	-0.017	0.005
2358	11Bet Mon	097.206250	-7.034444	5.60		B3e	-0.016	0.005
2359		097.155417	-17.466111	5.77	1.12	G5	-0.007	0.004
2360		096.231667	-63.827778	6.27	-0.13	B6V	-0.014	0.026
2361	Lam CMa	097.042083	-32.580000	4.48	-0.17	B4V	-0.018	0.024
2362		097.522917	+9.029167	6.57	0.14	A0III	-0.017	-0.026
2363		100.120000	+77.995833	5.73	1.47	gK5	0.009	-0.012
2364		097.163333	-32.371111	5.74	-0.17	B4Vnpe	-0.003	0.017
2365		099.478750	+73.695556	6.24	0.38	F2	-0.155	-0.018
2366		097.792083	+16.938611	6.20	1.16	K2III	0.001	-0.049
2367		097.547083	-10.081389	5.93	1.38	K0	-0.011	0.002
2368		097.176250	-41.074444	6.32	0.40	F2-3V	0.030	0.028
2369		096.766667	-58.002222	5.82	1.28	K3III	-0.015	-0.014
2370		097.789583	+11.250833	6.14	-0.08	B2V:nne	-0.005	-0.016
2371	19 Gem	097.905833	+15.903333	6.40		A8V	-0.016	-0.015
2372		098.113333	+32.454722	5.87	0.14	A3m+A3m:	-0.031	-0.022
2373		097.644583	-13.148056	6.16	-0.15	B1.5V	-0.024	0.002
2374		097.913333	+11.792222	6.65	-0.12	B6III	-0.030	-0.012
2375		097.951250	+11.544444	5.23	0.15	A3V	0.013	0.032
2376	7 Lyn	098.636667	+55.353056	6.45		K0III:	0.002	0.004
2377	Pi 2Dor	096.369167	-69.690278	5.38	0.97	G8III	-0.016	0.195
2378		098.097083	+11.673611	6.03	1.07	K0III	0.010	-0.031
2379		097.845833	-12.391667	5.15	1.27	K3III	0.040	-0.016
2380		097.692917	-27.769444	5.93	-0.15	B2.5V	-0.007	0.011
2381		097.958750	-8.158056	5.43	1.38	gK2	-0.012	-0.008
2382	12 Mon	098.080000	+4.855833	5.84	0.99	K0V	-0.037	-0.006
2383		098.427917	+33.024167	6.42	0.03	A3V	0.011	0.010
2384		097.454583	-50.239167	5.27	0.41	F2V	-0.054	-0.058
2385	13 Mon	098.225833	+7.333056	4.50	0.00	A0Ib	-0.001	-0.006
2386		098.096250	-5.868889	5.60	0.25	F0Vnn	-0.001	-0.042
2387	4Xi 1CMa	097.963750	-23.418333	4.33	-0.24	B0.5IV	-0.006	0.012
2388		097.804167	-35.259167	5.84	0.81	G8III	-0.011	0.000
2389		097.368750	-56.852778	5.22	1.09	K0III	-0.040	0.031
2390		097.749167	-40.916389	6.20	1.40	K3III	-0.017	0.000
2391		098.400417	+14.155278	5.53	1.11	gK2	-0.019	-0.085
2392		098.195417	-11.166389	6.24	1.11	G9.5III:Ba3	-0.007	0.001
2393		097.895833	-36.940000	6.34	1.63	M1III	0.005	0.072
2394	8 Lyn	099.422500	+61.481111	5.94	0.89	G8IV-V	-0.209	-0.274
2395		098.407917	-1.220278	5.10	-0.14	B5Vn	-0.003	-0.021
2396		100.134167	+71.748889	5.92	1.19	K0III	-0.002	0.015
2397		098.162500	-32.030556	5.69	-0.17	B2IVe	-0.001	-0.002
2398	49 Aur	098.800417	+28.022222	5.27	-0.03	A0Vnn	-0.002	-0.015
2399		098.088750	-37.696667	5.24	1.00	G8III	0.065	-0.077
2400		097.826250	-51.826111	5.60	0.54	F8V	0.105	0.094
2401		101.558750	+79.564722	5.45	0.50	F8V	-0.102	-0.604
2402	11 Lyn	099.410417	+56.857500	5.85		A2V	0.000	0.012
2403		098.360833	-20.923889	6.40	0.83	G5	-0.030	-0.026
2404	14 Mon	098.693333	+7.572500	6.45	-0.02	A0V s	-0.010	-0.004
2405		099.137083	+38.445278	5.29	2.61	C5II	0.005	-0.026
2406		098.823333	+9.988333	5.88	1.51	K4III	-0.001	-0.010
2407		098.292917	-38.625278	6.44	1.00	G8III	0.006	-0.022
2408		097.512500	-65.568333	6.29	0.33	F0III	0.002	0.058
2409		098.815833	+0.890000	5.80	0.00	B8Ib	-0.001	-0.006
2410		097.794167	-61.879722	6.15	-0.15	B3V	-0.013	0.008
2411		098.456250	-36.232222	5.42	1.44	K3III	-0.014	0.094
2412	Mu Pic	097.993333	-58.754167	5.70	-0.06	B9Ve	0.004	-0.011
2413		099.000000	+4.497500	6.55	-0.06	B9III	-0.021	-0.005
2414	5Xi 2CMa	098.764167	-22.964722	4.54	-0.05	A0V	0.011	0.016
2415		098.647083	-32.716389	5.62	-0.08	B8V	0.005	-0.001
2416		098.358750	-52.328889	6.19	1.09	G8III	-0.044	0.040
2417		099.363333	+24.590833	6.44	0.10	A3V	-0.016	0.008
2418		099.147083	-5.211111	5.52	-0.08	B8V	0.000	-0.017
2419	51 Aur	099.664583	+39.390833	5.69	1.35	K5III	-0.023	-0.109
2420	52Psi3Aur	099.705000	+39.902500	5.20	-0.07	B8III	-0.009	-0.012
2421	24Gam Gem	099.427917	+16.399167	1.93	0.00	A0IV	0.042	-0.042
2422		099.350417	+6.135278	6.06	0.05	O8p	0.006	-0.001
2423	6Nu 1CMa	099.095000	-18.660000	5.70	0.85	G8III+F3IV-V	-0.011	0.017
2424		098.850417	-36.780000	5.59	-0.14	A0V	-0.011	0.018
2425	53 Aur	099.595833	+28.984167	5.79	0.00	B9npEu	-0.021	-0.021
2426		099.403750	+10.853056	6.38		K0	-0.039	-0.039
2427	50Psi2Aur	099.832917	+42.488889	4.79	1.23	K3III	0.006	-0.058
2428		099.194583	-13.320833	5.97	1.56	K5	0.011	-0.023
2429	7Nu 2CMa	099.170833	-19.255833	3.95	1.06	K1III	0.059	-0.062
2430		099.417917	+2.704167	6.17	1.08	K1III	-0.038	-0.049
2431		098.975000	-36.088889	6.35	0.48	G0V	-0.058	-0.095
2432		099.469583	+4.957222	6.15	0.14	B1Ib	-0.004	0.020
2433		099.170417	-22.615000	6.35	-0.11	B5V	-0.031	-0.006
2434		099.991667	+44.013889	6.41		K1III	0.033	-0.003
2435		098.744167	-52.975556	4.39	-0.02	A0II	-0.003	0.007
2436		099.772083	+22.030833	6.04	1.03	G9III	0.011	-0.025
2437		099.420417	-12.985000	6.12	1.00	K0	0.030	-0.124
2438	54 Aur	099.887917	+28.263056	6.03	-0.08	B7III	-0.006	-0.014
2439		099.880833	+24.600000	6.38	0.53	F8IV	0.006	0.084
2440		099.585417	-2.543611	6.14	1.48	K2	-0.018	0.015
2441		099.706250	+4.700556	6.57	-0.07	B8IIIn	0.012	-0.008
2442		099.658750	+1.613611	6.21	0.15	O9.5II	-0.007	-0.005
2443	8Nu 3CMa	099.472500	-18.237500	4.43	1.15	K1-II-III	-0.010	-0.007
2444		099.257917	-38.146667	6.04	1.03	K0III	0.006	0.040
2445		099.213750	-41.556944	6.34	1.15	K0II	0.008	0.008
2446		099.307500	-36.990556	5.71	-0.12	B7IV	-0.014	0.017
2447		099.448333	-32.339722	5.27	1.18	K2III	0.105	0.068
2448		099.647500	-16.873611	6.03	0.03	A1V s	-0.008	-0.023
2449		099.948333	+12.983056	5.97	0.06	A2V	-0.034	-0.001
2450		099.819583	-14.145833	4.82	1.50	K2II	0.004	-0.004
2451	Nu Pup	099.440417	-43.196111	3.17	-0.11	B8III	0.002	-0.006
2452		100.407083	+35.931944	6.46	0.49	F8III	-0.017	-0.022
2453	25 Gem	100.337500	+28.196389	6.42	1.09	G5Ib	0.008	-0.009
2454		100.132500	+6.371667	6.51	-0.14	B8IIISi	-0.029	0.012
2455		099.901250	-23.695556	6.05	-0.03	A0	0.013	-0.002
2456	15 Mon	100.244583	+9.895556	4.66	-0.25	O7V((f))	0.003	-0.006
2457		100.340833	+16.397500	6.28	-0.01	A1V	-0.022	-0.008
2458		100.321667	+11.003333	6.11	1.68	M1III	-0.002	0.009
2459	55Psi4Aur	100.770833	+44.524444	5.02	1.48	K5III	-0.042	-0.028
2460		099.927917	-30.470278	5.71	1.14	K0III	-0.006	-0.182
2461		100.272500	+0.495278	5.79	-0.10	B8III	-0.016	-0.003
2462		099.656667	-48.220278	4.93	0.87	G8III	0.008	0.012
2463		101.048333	+53.296389	6.27	1.08	K0	0.050	-0.177
2464		100.807500	+37.146944	6.19	1.03	K0	0.036	-0.041
2465		099.987083	-38.158889	6.58	1.18	K1IIICNIb	0.056	-0.027
2466	26 Gem	100.601250	+17.645278	5.21	0.06	A2V	0.005	-0.087
2467		100.497083	+6.345000	6.37	-0.05	O6.5V	0.010	-0.006
2468		099.502500	-61.533056	6.18	0.62	G1-2V	-0.011	0.084
2469		100.485000	-9.167222	5.19	1.53	M0III	0.043	-0.040
2470	12 Lyn	101.558750	+59.441667	4.87	0.08	A3V	-0.023	-0.002
2471		101.052500	+36.109722	6.31	0.06	A2V	0.014	0.014
2473	27Eps Gem	100.982917	+25.131111	2.98	1.40	G8Ib	-0.006	-0.013
2474		100.777083	+3.033333	6.19	1.37	K0	-0.001	-0.021
2475		100.308750	-40.349722	6.12	-0.14	B4V	-0.014	0.015
2476		100.205417	-47.674722	6.65	1.58	M2III	-0.008	-0.009
2477	13 Lyn	101.706250	+57.169167	5.35	0.96	K0III	0.012	-0.038
2478	30 Gem	100.997083	+13.227778	4.49	1.16	K0IIICN1Ca1	-0.003	-0.058
2479		100.911250	+3.932222	5.90	-0.02	B0III	0.006	-0.006
2480	28 Gem	101.189583	+28.970833	5.44	1.45	K4III	-0.004	-0.026
2481		100.690833	-22.449167	6.13	0.34	F0	-0.085	0.078
2482		100.568333	-38.398611	6.29	0.34	A3V+F/G	-0.015	0.005
2483	56Psi5Aur	101.684583	+43.577500	5.25	0.56	G0V	-0.002	0.165
2484	31Xi Gem	101.322500	+12.895556	3.36	0.43	F5III	-0.116	-0.191
2485		102.053750	+55.704444	6.33		dF6	0.057	-0.101
2486		102.051250	+55.704444	6.28	0.47	dF5	0.058	-0.101
2487	57Psi6Aur	101.915000	+48.789444	5.22	1.12	K0III	-0.001	0.006
2488		100.847083	-39.193333	6.30	0.26	A8:mDel Del	-0.001	-0.019
2489	32 Gem	101.475833	+12.693611	6.46		A9III	0.001	0.002
2490	42 Cam	102.737917	+67.571944	5.14	-0.17	B4IV	0.002	0.002
2491	9Alp CMa	101.287083	-16.716111	-1.46	0.00	A1Vm	-0.553	-1.205
2492	10 CMa	101.118333	-31.070556	5.20	-0.12	B2IIIe	-0.015	0.008
2493		101.216250	-27.341389	6.45	0.54	G2V	-0.011	0.308
2494	16 Mon	101.635000	+8.587222	5.93	-0.17	B2.5V	-0.006	-0.007
2495		101.347083	-23.461944	6.05	1.20	K0	-0.038	0.042
2497		101.260000	-30.586111	6.54	-0.11	B8IV	-0.026	0.017
2498		101.497083	-14.796111	5.32	0.07	A2V	-0.025	-0.017
2499		101.847917	+18.193333	6.20	0.07	A2V	0.003	-0.043
2500		101.345000	-31.793611	5.92	0.48	F6V	-0.220	-0.320
2501		101.380417	-30.948889	5.80	-0.19	B2III	0.010	0.002
2502		101.662500	-10.107222	5.66	-0.05	B9.5V	-0.017	0.003
2503	17 Mon	101.832500	+8.037222	4.77	1.40	K4III	-0.026	-0.013
2504	11 CMa	101.712917	-14.425833	5.29	-0.04	B9III	-0.002	0.012
2505		100.240833	-71.775556	6.51	1.11	K1IIICNII	0.031	-0.051
2506	18 Mon	101.965000	+2.412222	4.47	1.11	K0+IIIaBa0.2	-0.018	-0.012
2507		101.513750	-39.540000	6.62	-0.13	B6Vnne	0.003	0.014
2508		101.904583	-8.998333	5.07	1.80	M1+Ib-IIa	-0.016	0.005
2509	12 CMa	101.756250	-21.015556	6.08	-0.19	B7IIIn	-0.014	0.005
2510		101.550417	-37.775556	6.21	-0.13	B4Vne	-0.008	0.002
2511	43 Cam	103.425833	+68.888333	5.12	-0.13	B7III	0.003	0.008
2512		102.422083	+32.606667	5.71	1.29	K3II	-0.036	-0.047
2513		101.358750	-52.201111	6.57	1.08	G6Iab	0.007	-0.007
2514		102.079167	-1.319167	5.75	0.28	F1V	-0.041	-0.042
2515		101.473750	-52.410000	5.80	1.53	K3III	-0.004	-0.003
2516	58Psi7Aur	102.691250	+41.781389	5.02	1.27	K3III	-0.024	-0.136
2517		102.265417	+1.001944	6.15	-0.13	B3II-III	0.007	-0.004
2518		101.839167	-37.929722	5.26	-0.08	B9IV	-0.007	-0.015
2519	33 Gem	102.457500	+16.202778	5.85	-0.13	B7III	-0.017	-0.012
2520	14 Lyn	103.271250	+59.448611	5.33	0.65	G4III+A2V	-0.006	-0.039
2521		102.318333	-2.271944	5.74	-0.10	B8IIIn	-0.009	-0.004
2522		102.240833	-15.144722	5.39	-0.10	B6V	0.002	-0.004
2523		101.720000	-51.265833	5.40	1.34	K1II-III+G:p	-0.003	-0.097
2524		101.672917	-54.694722	6.46	0.86	G6III	-0.050	0.024
2525	35 Gem	102.606250	+13.413333	5.65	1.34	gK3	-0.002	-0.002
2526		101.827917	-55.540000	5.61	1.52	K5III	0.003	0.023
2527		105.016667	+76.977500	4.55	1.36	K4III	0.071	-0.013
2528		102.433333	-24.075833	6.33	0.04	A1	0.002	-0.003
2529	36 Gem	102.887500	+21.761111	5.27	-0.02	A2V	-0.008	-0.038
2530		102.707917	-0.540833	5.77	0.39	F2V	0.030	-0.185
2531		100.903333	-73.118056	6.37	0.96	G8III	0.012	-0.093
2532		103.281667	+44.839444	6.26	0.21	A8Vn	0.008	-0.081
2533		103.000000	+23.601667	5.65	1.45	K5III	-0.040	-0.009
2534		102.676250	-8.041111	6.29	0.00	A2pSrCrEu	-0.006	0.000
2535		102.591250	-17.083889	5.79	1.44	K0	0.013	0.015
2536		101.233750	-70.433889	6.11	1.33	K3III	0.007	0.007
2537		102.525000	-27.333889	7.04	-0.18	B2IV	-0.004	0.002
2538	13Kap CMa	102.460417	-32.508611	3.96	-0.23	B1.5IVne	-0.007	0.004
2539	59 Aur	103.256250	+38.869167	6.12	0.37	F2VDel Del	0.005	0.008
2540	34The Gem	103.197083	+33.961111	3.60	0.10	A3III	-0.002	-0.048
2541	60 Aur	103.305833	+38.438056	6.30	0.49	dF5	0.034	-0.176
2542		103.264167	+35.788611	6.01	1.45	K3III:	-0.020	0.015
2543		102.913750	+3.041667	6.38	0.04	A2V s	-0.010	-0.042
2544		102.653750	-25.778056	6.33	-0.18	B2V	-0.006	0.014
2545		102.597083	-31.706111	5.70	0.14	B6Vnpe	-0.002	0.012
2546		102.490833	-45.450000	6.55	1.51	K5-M0III	0.019	-0.044
2547	61Psi8Aur	103.487500	+38.505000	6.48	-0.05	B9.5pSi	-0.010	-0.026
2548		102.477500	-46.614722	5.14	0.45	F5V	0.004	0.370
2549		102.718333	-34.367222	4.99	1.38	K5III	0.007	0.006
2550	Alp Pic	102.047500	-61.941389	3.27	0.21	A7IV	-0.069	0.269
2551		103.205833	+8.380278	5.77	0.26	F0Vn	-0.050	-0.032
2552		103.095417	-5.316111	6.30	0.99	K0	-0.020	-0.008
2553	Tau Pup	102.484167	-50.614722	2.93	1.20	K1III	0.036	-0.070
2554		102.463750	-53.622222	4.40	0.92	G6II	0.000	0.030
2555		103.343750	+10.996389	6.24	0.97	K0III	0.011	-0.136
2556		103.813333	+45.826389	6.34	0.94	K0III-IV	-0.037	-0.067
2557		103.811250	+43.910000	6.13	0.32	A9III	0.010	-0.009
2558		102.926250	-36.230278	5.96	0.18	A3V	-0.048	-0.064
2559	Zet Men	100.011250	-80.813611	5.64	0.20	A5III	-0.016	0.055
2560	15 Lyn	104.318750	+58.422500	4.35	0.85	G5III-IV	-0.005	-0.135
2561		104.305000	+57.563333	6.05	1.49	K3III	0.018	0.022
2562		102.504583	-60.249167	6.11	0.46	F7III-IV	0.009	0.109
2563		102.886667	-48.292500	6.42	1.21	K2-3III	0.039	-0.009
2564	38 Gem	103.661250	+13.177778	4.65	0.30	F0Vp	0.078	-0.083
2565		103.328333	-19.032778	5.64	0.28	F1V	-0.049	0.003
2566		103.340417	-18.933333	6.14	0.15	A5m	-0.028	0.023
2567		103.250417	-26.957500	6.40	1.53	M4III	-0.031	-0.061
2568	Psi9Aur	104.134583	+46.274167	5.87	-0.06	B8IIIe	0.018	0.013
2569	37 Gem	103.827500	+25.375556	5.73	0.57	G0V	-0.042	0.022
2570		103.535417	-5.852500	6.41	0.17	A6Vn	-0.020	-0.001
2571	15 CMa	103.387083	-20.224167	4.83	-0.21	B1IV	-0.009	0.004
2572		103.602500	-1.126944	5.45	0.18	A4IV	0.003	-0.012
2573		104.233333	+46.705000	5.86	1.08	gK0	-0.102	-0.090
2574	14The CMa	103.547500	-12.038611	4.07	1.43	K4III	-0.137	-0.013
2575		103.165417	-42.504444	6.52	0.42	F5II-III	-0.002	-0.008
2576		103.391250	-28.539722	6.04	0.71	G5IV	0.274	-0.438
2577		103.675417	-1.756389	6.21	0.56	B3IVe+K2II	0.006	0.006
2578		103.480417	-24.539167	6.21	0.01	A1	-0.027	-0.012
2579		103.196250	-43.975833	6.46	-0.10	B8V	-0.005	0.001
2580	16Omi1CMa	103.532917	-24.183889	3.87	1.73	K2+Iab	-0.008	0.013
2581		105.339583	+70.808056	5.68	1.33	gK4	0.017	-0.019
2582		103.745000	-2.803611	6.04	1.10	gG6	-0.016	0.002
2583		103.554167	-23.928333	6.91	-0.28	WN5-B	-0.009	0.003
2584		103.894167	+8.324722	6.29	0.04	A0V	-0.019	0.017
2585	16 Lyn	104.404583	+45.094167	4.90	0.03	A2Vn	-0.021	-0.004
2586		104.252083	+33.681111	5.89	0.88	G5III	-0.019	0.000
2587		103.195417	-54.090000	6.57	1.08	G5Ib-II	-0.019	0.016
2588	17 CMa	103.761250	-20.404722	5.74	0.08	A3IV	-0.003	-0.004
2589		104.107500	+9.956389	5.92	-0.08	B8Vn	-0.015	-0.014
2590	19Pi CMa	103.905833	-20.136389	4.68	0.37	gF2	0.047	0.043
2591		103.611250	-42.365556	6.32	2.24	C3II	0.002	0.014
2592		103.189167	-59.341111	6.41	0.18	A3m	-0.012	0.039
2593	18Mu CMa	104.027500	-14.043611	5.00	1.18	G5III+A2	-0.001	0.005
2594		103.509583	-50.611667	6.26	0.99	K0-1III	-0.049	0.218
2595		103.945000	-22.941389	5.30	-0.18	B3II-III	-0.017	0.003
2596	20Iot CMa	104.034167	-17.054167	4.37	-0.07	B3II	-0.003	0.002
2597		104.357083	+11.907500	6.27	0.34	F2Ib-II	0.019	0.000
2598		103.978333	-31.790000	6.36		B3V	-0.006	0.013
2599		104.250417	-8.178889	6.34	0.64	K0II-III+A2V	-0.007	0.002
2600	62 Aur	104.761667	+38.052222	6.00	1.23	K2III	-0.043	-0.122
2601	39 Gem	104.697500	+26.081111	6.10	0.46	F7V	-0.168	0.093
2602	Iot Vol	102.862500	-70.963333	5.40	-0.11	B7IV	0.001	0.023
2603		104.311667	-22.203333	6.61	-0.19	B1-2III:	-0.006	-0.015
2604		104.190417	-35.341667	6.29	1.29	K2III	-0.001	-0.003
2605	40 Gem	104.866250	+25.914167	6.40	-0.11	B8III	-0.011	-0.008
2606		104.662500	+7.621944	6.27	0.11	A3V	-0.016	-0.030
2607		104.391250	-24.630556	5.46	0.36	dF0	-0.058	0.106
2608		104.066667	-48.721111	4.95	1.69	M1III	0.006	0.010
2609		115.127083	+87.020000	5.07	1.63	M2IIIab	-0.045	-0.028
2610		104.737500	+3.602222	5.97	1.06	G8III	-0.002	-0.004
2611		104.426667	-27.537500	6.23	-0.14	B2.5V	-0.034	0.005
2612		104.323333	-35.507500	6.23	0.46	F8IV-V	-0.037	0.008
2613		104.833750	+7.316944	6.35	-0.11	B7III	-0.019	-0.011
2614		104.531667	-27.164722	6.37	-0.19	B2.5III	0.006	-0.008
2615	41 Gem	105.065833	+16.078889	5.68	1.66	K3Ib	-0.007	-0.005
2616		104.649583	-25.413889	5.59	-0.16	B3V	-0.010	0.015
2617		106.465833	+70.731944	6.50		K0III	0.037	-0.008
2618	21Eps CMa	104.656250	-28.972222	1.50	-0.21	B2II	0.004	0.003
2619		104.604583	-34.111667	5.06	-0.16	B3V	-0.006	0.005
2620		105.321667	+32.414444	6.59	0.27	A9IV	0.011	-0.020
2621		104.682500	-30.997778	6.42	-0.14	B3V	0.004	0.021
2622		105.075000	-5.366944	6.30	0.57	G0III-IV	-0.118	0.088
2623		104.913750	-21.603333	6.26	-0.15	B2-3IV-V:	-0.002	-0.010
2624		105.098750	-8.406944	5.96	-0.08	B9III	-0.009	0.001
2625		105.033750	-20.158889	6.31	-0.15	B4III	-0.028	-0.008
2626		104.674167	-45.768056	6.22	0.00	A0V	-0.005	-0.021
2627		105.163750	-9.203056	6.49	0.21	B1Ib	-0.007	-0.006
2628		105.080417	-22.119444	6.53	-0.17	B2IV-Vne	-0.006	-0.018
2629		105.422500	+4.818056	6.63	0.06	A3V s	-0.006	-0.001
2630	42Ome Gem	105.603333	+24.215278	5.18	0.94	G5IIa-Ib	-0.009	-0.001
2631		105.606250	+17.755556	5.94	1.63	M1	0.016	0.031
2632		105.572500	+15.336111	5.74		gK1	0.000	-0.016
2633		105.479167	+5.557500	6.59	-0.02	B2IV-V	-0.041	0.010
2634		104.665000	-55.729444	6.27	1.16	K2III	-0.073	-0.090
2635		105.639583	+16.674167	5.82	1.68	M2III	0.017	-0.015
2636		105.470417	-1.345556	6.17	1.28	G5II	0.010	-0.027
2637		105.177500	-28.489444	6.27	0.45	F5V	-0.006	-0.034
2638		104.650833	-56.394722	6.45	0.39	F2II	-0.030	-0.028
2639		105.485000	-5.722222	5.20	1.68	M2III	-0.016	0.001
2640		105.274583	-25.215278	5.63	-0.17	B2V	-0.008	0.021
2641		105.207500	-33.465278	6.40	1.05	G8II-III	0.019	0.091
2642		106.505417	+59.801944	6.44		G8III:	0.026	0.001
2643		105.876667	+29.337222	5.93	0.60	G4V	0.153	-0.826
2644		106.415833	+52.758056	6.12	0.11	A3V s	-0.024	-0.072
2645		106.287500	+47.775000	6.38	-0.04	B9IIIn	-0.001	-0.004
2646	22Sig CMa	105.429583	-27.934722	3.47	1.73	K7Ib	-0.005	0.005
2647		105.824583	+9.138333	5.97	0.12	A3V s	-0.023	0.006
2648	19 Mon	105.728333	-4.239167	4.99	-0.20	B1V	-0.003	0.003
2649		105.908333	+10.951667	5.13	1.39	K3III	-0.008	-0.019
2650	43Zet Gem	106.027083	+20.570278	3.79	0.79	F7-G3Ib	-0.009	0.000
2651		105.965000	+12.594444	5.98	1.58	K5	0.002	0.001
2652		105.214583	-51.402500	5.14	1.61	M1III	-0.015	0.016
2653	24Omi2CMa	105.756250	-23.833333	3.02	-0.08	B3Iab	-0.004	0.003
2654		106.084167	+1.488333	6.57	0.01	A0V	0.002	-0.012
2655		106.021667	-5.323611	5.62	1.29	K3III	-0.007	0.009
2656		105.988750	-10.124167	6.45	-0.08	B9IIIn	-0.025	-0.011
2657	23Gam CMa	105.939583	-15.633333	4.12	-0.12	B8II	-0.002	-0.008
2658		105.565000	-43.404167	6.43	-0.04	A0V	0.015	-0.012
2659	44 Gem	106.326667	+22.637222	6.02	-0.03	B8Vn	-0.006	-0.013
2660		106.548333	+34.473889	5.55	0.91	G8IV	-0.055	-0.048
2661		105.271250	-58.940000	6.02	0.30	A8III	-0.058	0.144
2662		104.960417	-67.916111	5.17	1.40	K3III	-0.033	0.241
2663		106.412917	+9.185833	5.78	1.52	M0III	0.048	-0.020
2664		106.196250	-22.032222	6.09	1.22	K0	0.020	-0.058
2665		106.842917	+34.009444	5.91	1.51	gK4	-0.028	-0.025
2666		106.011667	-42.337222	5.20	0.20	Am	-0.008	0.072
2667		105.988750	-43.608056	5.54	0.64	G3V	-0.105	0.386
2668		105.995000	-43.611667	6.79	0.80	K0V	-0.109	0.371
2669		106.854167	+28.177222	6.48	-0.09	B9V	0.006	0.020
2670		106.457083	-10.661111	6.49	-0.05	B0.5V+F5III	0.000	-0.029
2671		106.839167	+22.703611	7.68	2.21	S3.9e	0.003	-0.002
2672		105.973750	-49.583889	4.93	0.13	A4IV	-0.045	0.146
2673		107.055417	+33.832222	6.28	1.34	K1	-0.010	-0.030
2674		105.815000	-59.178056	5.50	-0.11	B9IV	0.022	0.009
2675		107.151250	+37.445000	6.16	1.21	K1III	-0.008	-0.013
2676		106.776667	+4.910278	6.11	-0.13	B9.5III	-0.033	-0.020
2677		106.383333	-34.777778	6.14	0.37	F2V	-0.043	0.041
2678		106.669583	-11.294167	5.39	0.05	B0.5IV	-0.011	-0.005
2679		106.649583	-12.393889	6.48	-0.10	O7.5V	-0.018	0.007
2680		106.502500	-30.655556	6.34	-0.16	B3V	0.000	0.009
2681		108.492083	+71.816667	6.35	1.12	K0	0.025	0.020
2682		106.956250	+7.471111	5.75	1.18	gK0	0.007	-0.036
2683		106.076250	-56.749722	5.17	-0.04	A0pSi	0.005	-0.001
2684	45 Gem	107.091667	+15.930833	5.44	1.03	G8III	-0.008	-0.099
2685		106.509583	-38.382778	6.11	0.70	G0IIaCH1	0.014	0.017
2686		106.717917	-24.960556	6.08	1.34	K2	-0.031	0.007
2687		106.318750	-50.360278	6.46		K3III	-0.011	0.032
2688		106.750417	-26.657778	6.62	-0.17	B2IV-V	0.016	-0.032
2689	The Men	104.143333	-79.420278	5.45	0.05	B9.5V	-0.007	0.000
2690		106.844167	-23.840278	5.71	-0.10	B2IVe	-0.005	0.023
2691		106.779583	-40.893333	5.79	-0.17	B3V	-0.007	0.004
2692		107.527917	+21.246944	6.43	0.89	G9V	-0.167	-0.478
2693	25Del CMa	107.097917	-26.393333	1.84	0.68	F8Ia	-0.003	0.004
2694		107.334583	-10.347222	6.21	0.03	O6.5V	0.005	-0.020
2695		107.205417	-24.044167	6.65	-0.19	B2V	-0.013	-0.009
2696	63 Aur	107.913750	+39.320556	4.90	1.45	K4III-IIIa	0.044	0.003
2697	46Tau Gem	107.785000	+30.245278	4.41	1.26	K2-III	-0.030	-0.045
2698		106.805417	-51.967778	5.96	1.00	K0III	-0.008	0.057
2699		107.388333	-16.234722	6.03	0.06	B1II	-0.022	-0.009
2700	47 Gem	107.846250	+26.856667	5.78	0.10	A4IV	-0.023	-0.036
2701	20 Mon	107.557083	-4.237222	4.92	1.03	K0III	0.000	0.215
2702		107.212917	-39.655833	4.83	-0.18	B2IV-V	-0.009	0.002
2703		108.347500	+51.428889	5.47	1.67	M3-III	0.006	0.014
2704		107.428750	-25.231111	5.69	-0.16	B2.5IV	-0.012	0.006
2705		107.538750	-18.685278	6.23	0.40	F0	-0.010	0.016
2706	48 Gem	108.110000	+24.128333	5.85	0.36	F5III-IV	-0.022	-0.048
2707	21 Mon	107.848333	-0.301944	5.45	0.29	A8Vn-F3Vn	-0.031	-0.011
2708		107.580833	-27.491389	5.46	1.00	G8III	-0.003	0.009
2709		111.341250	+81.257500	6.31	-0.04	A0III	-0.005	-0.026
2710		107.963750	+5.654722	6.09	-0.02	A1V	-0.017	-0.008
2711		108.204167	+27.224722	6.43	0.49	F8V	0.010	-0.104
2712		106.558750	-68.837222	6.47	1.04	K0III	-0.004	0.008
2713		108.030833	+5.474722	6.16	1.14	K0III	-0.036	0.005
2714	22Del Mon	107.966250	-0.492778	4.15	-0.01	A2V	-0.001	0.005
2715	18 Lyn	108.978750	+59.637500	5.20	1.07	K2III	-0.101	-0.259
2716		107.923333	-20.883056	5.84	-0.04	A0V	-0.003	0.022
2717	51 Gem	108.342917	+16.158889	5.00	1.66	M4IIIab	0.013	-0.042
2718	26 CMa	108.050833	-25.942500	5.92	-0.17	B2V	-0.009	0.011
2719		107.697917	-48.932222	5.14	1.24	K2III	-0.012	0.192
2720		108.017083	-30.821667	6.10	0.27	A8V	-0.039	0.015
2721		108.958750	+47.240000	5.58	0.58	G0V	0.030	-0.183
2722		108.610833	+24.710833	6.89	-0.03	A1pSrCr	0.003	-0.016
2723		108.280000	-11.251389	5.78	1.51	K0	-0.003	0.008
2724		108.100417	-27.474167	6.59	0.19	A5IV-V	-0.025	0.008
2725	52 Gem	108.674583	+24.885000	5.82	1.56	M1III	0.047	-0.092
2726		108.107083	-36.544444	5.96	-0.14	B3V	-0.022	0.004
2727		108.065833	-40.498889	5.31	0.06	A3pSrEuCr	-0.018	-0.015
2728		108.635833	+12.115833	5.62	1.01	G6III	-0.050	-0.020
2729		108.583333	+3.111389	5.35	1.19	K2II	-0.006	-0.002
2730		108.349583	-22.673333	6.01	1.48	K2III	0.006	-0.008
2731		108.545833	-3.901389	5.75	1.58	K5III	-0.015	0.007
2732		108.564583	-9.947500	5.90	1.52	K3III	-0.004	0.004
2733		108.451250	-22.906389	6.36	-0.21	B2IV+G5IV	-0.012	-0.017
2734		108.401250	-27.356389	6.12	-0.23	B0.5V	-0.025	0.006
2735	Gam1Vol	107.175833	-70.497222	5.69	0.40	F2V	0.007	0.101
2736	Gam2Vol	107.187083	-70.498889	3.78	1.04	K0III	0.023	0.106
2737		109.390417	+52.130833	5.92	1.26	gK1	-0.001	-0.025
2738	53 Gem	108.987917	+27.897500	5.71	1.63	M1IIIa	-0.016	0.001
2739		108.617500	-10.316667	6.03	-0.18	B0III	-0.004	-0.011
2740		108.140000	-46.759444	4.49	0.32	F0IV	-0.132	0.103
2741		108.446250	-31.083889	6.60	-0.17	B2IV	-0.014	-0.002
2742		112.768333	+82.411389	4.96	1.66	M4IIIa	-0.006	-0.042
2743		108.488333	-30.340000	6.33	-0.20	B2IV-V	-0.015	-0.006
2744	24 Mon	108.830417	-0.161389	6.41	0.90	G5III	-0.020	-0.002
2745	27 CMa	108.563333	-26.352500	4.66	-0.19	B3IIIe	-0.009	0.007
2746		108.305833	-45.183056	4.89	-0.02	A0pSi	-0.019	-0.099
2747		108.914167	+7.977778	5.82	1.60	M4-IIIab	0.029	0.007
2748		108.385000	-44.639722	5.10	1.56	M5IIIe	0.114	0.330
2749	28Ome CMa	108.702917	-26.772778	3.85	-0.17	B2IV-Ve	-0.008	0.006
2750		108.712917	-27.038056	5.58	1.22	K4III	-0.049	-0.030
2751		109.632917	+49.465000	5.05	0.08	A4IIIn	-0.004	0.014
2752		108.929583	-10.583889	5.95	1.18	K0	0.011	-0.007
2753	64 Aur	109.509167	+40.883333	5.78	0.17	A5Vn	-0.015	0.013
2754		108.008333	-63.190000	6.02	-0.02	A0IV-V	-0.003	0.000
2755		108.947917	-23.740556	6.32		A0	0.017	0.007
2756		108.837500	-30.686389	5.36	-0.17	B3V	-0.018	0.013
2757		109.517083	+30.955833	6.24	-0.03	A0Vn	-0.004	-0.028
2758		109.060417	-15.585833	5.46	0.08	A2Vnp	-0.050	-0.015
2759		108.737917	-41.425833	5.94	-0.16	B4III-IV	0.009	0.022
2760		109.324167	+6.680556	6.65	-0.11	B8III	0.001	-0.015
2761		108.691250	-46.849722	5.72	-0.11	A0pSi	-0.018	-0.008
2762		108.659167	-48.271667	4.76	-0.10	B8-9V	0.004	0.004
2763	54Lam Gem	109.523333	+16.540278	3.58	0.11	A3V	-0.048	-0.037
2764		109.153333	-23.315556	4.79	1.71	K3Ib-II	-0.010	0.002
2765		109.382083	-6.680000	6.29	1.62	K2	-0.014	0.011
2766		109.145833	-27.881111	4.64	1.60	M3III	-0.010	0.043
2767		108.837500	-52.499722	5.97	1.10	K1III	-0.058	0.103
2768		109.238333	-30.896667	6.32	0.20	A9II	0.005	-0.021
2769		109.132500	-38.318889	5.80	-0.13	B4V	-0.015	0.005
2770		109.206250	-36.592778	5.03	-0.17	B2IV-V	0.001	-0.002
2771		109.064583	-46.774444	5.66	1.44	K4III	0.009	0.035
2772	47 Cam	110.571667	+59.901944	6.35		A8m	0.003	0.014
2773	Pi Pup	109.285833	-37.097500	2.70	1.62	K3Ib	-0.009	0.004
2774		109.449583	-26.797500	6.46	-0.15	B2IV-V	-0.010	0.001
2775		110.262917	+42.655556	6.35	1.46	K0	-0.019	-0.046
2776		110.322917	+45.228056	5.77	0.32	A7 s	-0.048	0.004
2777	55Del Gem	110.030833	+21.982222	3.53	0.34	F2IV	-0.026	-0.012
2778		109.843333	+2.740556	5.89	1.07	G9III	0.000	-0.013
2779		109.948333	+7.142778	5.91	0.53	F8V	0.060	-0.063
2780		110.028750	+15.142778	6.45	-0.02	A2Vn	0.011	-0.017
2781	29 CMa	109.667917	-24.558889	4.98	-0.15	O7Ia:fp	-0.006	0.000
2782	30Tau CMa	109.676667	-24.954167	4.40	-0.15	O9Ib	-0.009	0.010
2783	19 Lyn	110.712083	+55.284444	6.53		B9V	0.004	-0.024
2784	19 Lyn	110.717083	+55.281389	5.45		B8V	-0.003	-0.029
2785		109.758333	-19.280278	6.09	0.62	F0Iab-Ib	0.008	0.002
2786		109.713333	-26.585833	5.28	0.96	G2Ib	-0.017	0.008
2787		109.576667	-36.734167	4.66	-0.10	B2V+B3IVne	-0.003	0.001
2788		109.867083	-16.395000	5.70	0.35	F1V	0.157	-0.132
2789		109.517500	-43.986667	5.85	-0.12	B8II-III	-0.015	0.001
2790		109.659167	-36.742778	5.11	-0.16	B2IVne	-0.002	0.003
2791		109.640000	-39.210278	5.25	0.01	A1V	0.010	0.007
2792		110.555833	+38.996111	6.40	1.22	K0	-0.003	-0.038
2793	65 Aur	110.510833	+36.760556	5.13	1.08	K0III	-0.098	-0.023
2794		109.807083	-33.727222	6.30	1.31	K2-3III	-0.013	-0.013
2795	56 Gem	110.486667	+20.443611	5.10	1.52	M0IIIab	-0.066	-0.027
2796		110.242500	-14.360000	5.45	0.98	gG5	-0.018	0.016
2797		113.665417	+80.896667	6.41		gG7	-0.010	0.003
2798		110.320417	-8.878333	6.55	0.54	F5	0.036	-0.156
2799		110.221667	-22.851667	6.61	-0.15	B2.5V	0.006	-0.042
2800		110.229167	-26.963611	6.01	-0.17	B2.5V	0.010	0.019
2801		110.514583	+0.177222	5.99	-0.07	B8III	0.001	0.004
2802		110.267917	-25.891389	5.87	1.64	M4III	-0.012	0.025
2803	Del Vol	109.207500	-67.957222	3.98	0.79	F6II	-0.007	0.005
2804		111.238333	+51.887222	5.80	1.61	K5III	0.014	-0.035
2805	66 Aur	111.035417	+40.672222	5.19	1.23	K1+IIIaCN1	-0.006	-0.023
2806		110.508333	-8.979167	6.43	-0.19	O9V	0.006	0.021
2807		110.577083	-2.978889	6.23	0.68	F5	-0.016	0.003
2808	57 Gem	110.868750	+25.050556	5.03	0.90	G8III	-0.069	-0.023
2809		111.857500	+66.331667	6.47	-0.09	B9III	-0.012	-0.032
2810	58 Gem	110.867500	+22.945278	6.02	-0.01	A1V	-0.022	-0.036
2811		110.605833	-5.982778	5.82	0.35	F3IV	-0.011	-0.004
2812		110.556250	-19.016667	4.96	-0.04	B7IV	-0.006	-0.008
2813		110.089167	-52.311667	6.05	0.42	F0-2IV-V	-0.036	0.134
2814		110.090417	-52.309722	6.60	0.59	G0V:e	-0.040	0.124
2815		110.161250	-52.086111	5.39	-0.07	B9II-III	-0.019	-0.007
2816	59 Gem	111.139167	+27.638056	5.76	0.34	g:F0	0.012	0.017
2817		111.115417	+15.517222	6.41	-0.18	B2Ve	0.011	0.004
2818	21 Lyn	111.678333	+49.211389	4.64	-0.02	A1V	-0.013	-0.050
2819		110.752500	-31.923889	5.43	-0.15	B5IIIn	-0.014	0.004
2820	1 CMi	111.242500	+11.669722	5.30	0.10	A5IV	-0.017	-0.014
2821	60Iot Gem	111.431667	+27.798056	3.79	1.03	G9IIIbHdel -1	-0.123	-0.086
2822		110.871250	-27.834167	5.38	1.53	K2III	0.045	0.005
2823		110.882917	-32.202222	5.39	-0.18	B3III-IV	-0.009	0.004
2824		110.976250	-30.216944	6.60	-0.20	B2IV-V	-0.019	0.009
2825		111.167083	-16.201111	5.33	-0.05	B2.5IVe	-0.014	-0.010
2826		111.071667	-22.912778	6.19	-0.09	B8	-0.016	0.000
2827	31Eta CMa	111.023750	-29.303056	2.45	-0.08	B5Ia	-0.004	0.005
2828	2Eps CMi	111.412083	+9.276111	4.99	1.01	G6.5IIb	-0.006	-0.011
2829		110.992917	-35.837778	6.31	-0.15	B7III	-0.018	0.018
2830		112.719583	+68.465556	5.64	1.11	gK2	-0.010	-0.038
2831		111.211250	-19.012222	6.24	0.29	A2Ib	-0.021	0.005
2832		111.284583	-13.751944	5.78	0.42	F0V	-0.204	-0.004
2833		111.462500	-5.775000	5.97	0.92	G3Ib	-0.029	-0.004
2834		111.182500	-31.808889	5.35	1.07	G8II	-0.020	0.010
2835		111.709167	+21.535833	6.54	0.46	F6V	-0.315	-0.020
2836		111.616250	+10.608333	6.37	0.09	A2IV	-0.021	0.005
2837	61 Gem	111.734583	+20.257222	5.93	0.30	F2Vn	-0.005	-0.019
2838		111.514583	-4.537500	6.76	-0.01	A0IV	0.009	-0.018
2839		111.332917	-21.982778	6.05	0.23	A8I-II:	-0.010	0.003
2840		111.672083	+11.009167	6.41	-0.13	B6IV	0.009	-0.002
2841		111.355417	-25.217778	5.78	-0.10	B7III	-0.005	-0.002
2842		111.196667	-37.290000	6.97	0.22	F0V:	0.016	0.009
2843		111.197083	-37.290833	6.84	0.27	F0V:	-0.020	0.044
2844		112.215000	+48.183889	5.72	-0.10	B9pHgMn	0.007	-0.049
2845	3Bet CMi	111.787500	+8.289444	2.90	-0.09	B8Ve	-0.052	-0.038
2846	63 Gem	111.935000	+21.445000	5.22	0.39	F5V+F5V	-0.058	-0.121
2847		111.429167	-31.738611	6.31	-0.17	B2V	0.000	0.007
2848		101.744583	-87.025000	6.47	0.42	F3V	0.006	0.004
2849	22 Lyn	112.483333	+49.672500	5.36	0.45	F6V	0.114	-0.080
2850		111.669583	-23.712222	6.56	0.01	A1	-0.006	0.023
2851	5Eta CMi	112.008750	+6.941944	5.25	0.22	F0III	-0.004	-0.044
2852	62Rho Gem	112.277917	+31.784444	4.18	0.32	F0V	0.155	0.175
2853		111.783333	-17.864444	5.63	0.32	A5n	0.002	0.015
2854	4Gam CMi	112.040833	+8.925556	4.32	1.43	K3-IIIFe-0.5	-0.062	0.017
2855		111.747500	-23.086111	5.61	-0.13	B0IV:pe	-0.012	0.004
2856		111.676250	-34.140833	5.90	-0.17	B2IV-V	-0.027	0.000
2857	64 Gem	112.335000	+28.118056	5.05	0.11	A4V	-0.041	-0.056
2858		112.197083	+15.109444	6.22	-0.05	B9IV	0.004	-0.025
2859		111.965417	-11.556944	5.79	0.58	G8Ib-II+B2+B8V	-0.004	-0.001
2860		111.928750	-22.859722	5.95	-0.09	B5V:	-0.005	-0.017
2861	65 Gem	112.452917	+27.916111	5.01	1.11	K2III	-0.034	-0.024
2862		111.591250	-51.018333	5.10	1.06	K0III	0.001	0.008
2863		111.996667	-29.155833	5.54	-0.08	B9VpSi:	-0.006	0.008
2864	6 CMi	112.449167	+12.006667	4.54	1.28	K1+IIIBa0.4	0.000	-0.019
2865		112.327917	-1.905278	5.59	1.50	K5III	-0.015	-0.005
2866		112.357083	-7.551111	5.86	0.48	F8V	0.064	0.131
2867		112.342083	-10.326667	5.75	1.62	K5III	-0.001	0.001
2868		112.341250	-14.999167	6.05	0.47	F7V	-0.185	-0.254
2869		112.095000	-37.810278	6.58	0.06	A1IV	-0.020	-0.050
2870		112.213750	-31.848333	6.38	-0.17	B3V	0.008	0.003
2871		112.214583	-31.846944	7.13	-0.15	B4V	-0.036	0.003
2872		112.982083	+38.896389	6.54	0.07	A2V	-0.035	-0.014
2873		112.270417	-31.456389	5.77	-0.19	B2V	-0.014	0.002
2874		112.464167	-23.024444	4.85	0.23	A5Ib	-0.004	-0.006
2875		112.273750	-38.812222	5.43	-0.16	B5Vp	-0.016	0.011
2876		112.712917	-5.226389	6.24	1.18	K0	-0.006	-0.002
2877		112.951667	+17.086111	5.42	1.13	gK2	0.043	-0.078
2878	Sig Pup	112.307500	-43.301389	3.25	1.51	K5III	-0.055	0.187
2879		113.210833	+22.887778	6.54	1.01	K0II-III+F8V	-0.025	-0.012
2880	7Del1CMi	113.024583	+1.914444	5.25	0.22	F0III	-0.003	-0.003
2881		112.677083	-30.962222	4.65	0.93	G3Ib	-0.021	0.000
2882		112.676667	-37.339722	6.65	0.63	G4V	-0.098	0.042
2883		113.024167	-8.880833	5.90	0.54	F5V	-0.090	-0.157
2884		112.498333	-52.651111	5.87	1.01	K0III	-0.031	0.058
2885		112.857500	-36.152778	6.68	-0.12	B4V	-0.004	0.022
2886	68 Gem	113.402083	+15.826667	5.25	0.05	A1Vn	-0.019	-0.012
2887	8Del2CMi	113.298333	+3.290278	5.59	0.31	F2V	-0.018	0.038
2888		112.213750	-64.510000	6.39	1.56	K5III	-0.011	-0.016
2889		112.928333	-35.887778	6.61	-0.08	A0V	0.011	0.007
2890	66Alp Gem	113.650000	+31.888611	2.88	0.04	A2Vm	-0.172	-0.099
2891	66Alp Gem	113.650000	+31.888333	1.98	0.03	A1V	-0.171	-0.098
2892		112.628750	-54.399444	5.96	1.56	M1III	0.018	0.021
2893		113.521250	+10.568333	6.28	-0.01	A1V	-0.005	-0.009
2894		114.195833	+55.755278	5.92	1.12	K2III	-0.015	-0.035
2895		113.092917	-35.961389	6.30	-0.10	B9V	-0.012	0.005
2896		113.786250	+30.961111	5.33	1.01	K0III	-0.033	0.013
2897		113.342083	-14.338333	6.21	-0.04	B1V	-0.010	-0.004
2898		113.983333	+43.031111	6.30		F0	-0.024	-0.050
2899		113.331250	-19.412500	5.66	1.12	K3III	0.022	-0.067
2900		113.290417	-24.710833	5.85	0.17	A7V:	-0.010	0.013
2901	9Del3CMi	113.565833	+3.371389	5.81	-0.02	A0Vnn	-0.012	-0.014
2902		113.449583	-14.523889	4.97	1.41	M2Iabpe+B2V	-0.012	0.004
2903		114.131667	+46.180278	5.65	1.56	M0III	-0.028	-0.032
2904		113.691667	+2.725000	6.55	0.22	A7III	-0.043	-0.027
2905	69Ups Gem	113.980417	+26.895833	4.06	1.54	M0III-IIIb	-0.034	-0.106
2906		113.513333	-22.296111	4.45	0.51	F6IV	-0.040	0.046
2907		113.306250	-40.058889	6.26	-0.12	B8IVpSi	0.020	-0.010
2908		113.305417	-43.086389	6.52	0.92	G8III	0.005	-0.035
2909		113.577500	-23.473611	5.83	0.44	dF4	-0.095	0.002
2910		113.579583	-23.474722	5.87		dF6	-0.111	-0.010
2911		113.462500	-36.338333	5.54	-0.06	B3Vne	-0.012	0.001
2912		113.620000	-26.116667	6.65	-0.01	A0V	-0.019	-0.025
2913		113.553333	-33.463333	6.11	0.29	A9IV	-0.056	0.070
2914		114.474583	+48.773611	5.92	0.22	A5m	-0.026	-0.032
2915		114.324167	+40.025278	6.38		M1	-0.011	-0.050
2916		113.645417	-27.011944	5.77	1.06	K1III	-0.039	0.079
2917		113.493750	-39.905833	6.76	1.13	K2III	-0.017	0.045
2918		114.144583	+5.861667	5.91	0.60	G0V	-0.111	0.011
2919	Eps Men	111.408333	-79.094167	5.53	1.28	K2-3III	-0.033	0.003
2920		114.069167	-8.311389	6.27	1.54	K2	0.035	0.002
2921		114.016250	-14.492778	5.70	-0.12	B2Ve	-0.010	0.003
2922		113.845000	-28.369444	4.64	-0.11	B8V	-0.074	-0.019
2923		114.032500	-22.160556	6.34	0.99	G5	0.044	-0.018
2924	70 Gem	114.636667	+35.048611	5.56	0.93	K0III	0.037	0.030
2925		113.664583	-51.474722	6.28	0.08	A1III-IV	-0.006	-0.001
2926		114.560417	+24.360278	6.27		F0	0.025	0.013
2927	25 Mon	114.319583	-4.111111	5.13	0.44	F6III	-0.068	0.017
2928		114.170833	-19.702222	5.74	-0.19	B2III	-0.007	0.005
2929	23 Lyn	115.206250	+57.082778	6.06	1.46	K5III	-0.018	-0.005
2930	71Omi Gem	114.791250	+34.584167	4.90	0.40	F3III	-0.037	-0.117
2931		114.799583	+24.222500	6.17	0.01	A2V	-0.012	0.002
2932		114.412083	-14.441111	6.53	-0.01	B9IIIe	0.014	-0.004
2933		114.320000	-23.775000	6.37	0.54	F0II	-0.015	0.022
2934		113.915417	-52.533889	4.94	1.40	K3III	0.024	-0.016
2935		115.060833	+38.344444	5.73	1.63	M0III	-0.050	-0.009
2936		114.975417	+32.009722	6.17	0.35	F6II	-0.019	-0.045
2937		114.342083	-34.968611	4.53	-0.09	B8IV	-0.022	0.014
2938	74 Gem	114.869167	+17.674722	5.05	1.56	K5IIIFe-0.5	0.005	0.004
2939		115.301667	+48.131667	5.56	1.01	K0III	-0.054	-0.128
2940		114.182917	-48.830278	5.72	-0.06	B9.5V	-0.001	-0.003
2941		114.007083	-55.887500	6.39	1.18	K1-2IIICNII	-0.002	0.010
2942		114.436667	-35.277222	6.60	1.14	K1III	-0.027	0.012
2943	10Alp CMi	114.825417	+5.225000	0.38	0.42	F5IV-V	-0.710	-1.023
2944		114.575000	-25.364722	4.70	-0.11	B8IV	-0.007	-0.007
2945		114.438333	-38.010556	6.38	1.48	K4III	0.007	0.058
2946	24 Lyn	115.751667	+58.710278	4.99	0.08	A3IVn	-0.037	-0.051
2947		114.779583	-18.679167	6.72	-0.10	B6Vn	-0.021	-0.026
2948		114.705417	-26.801667	4.50	-0.17	B6V	-0.017	0.019
2949		114.707500	-26.803611	4.62		B5IVn	-0.029	0.028
2950		115.029167	+5.230833	6.02	-0.04	A0III	-0.008	-0.023
2951		115.243750	+23.018611	5.89	1.58	K5	-0.010	-0.011
2952		114.600833	-39.991389	6.59	-0.05	A0	0.013	0.018
2953		115.197083	+13.770833	6.24		K0	0.010	-0.016
2954		114.682917	-36.496944	5.80	-0.16	B2IV-V	-0.007	0.001
2955		114.635833	-38.781111	6.19	1.02	G8III	0.030	-0.028
2956		114.862083	-26.863056	6.50	-0.10	B7V	-0.013	0.001
2957		114.575833	-48.601111	5.68	0.65	F4Iab	0.002	0.008
2958		115.147917	-8.185833	6.01	0.15	A3IV	0.016	-0.037
2959		115.096667	-15.263611	4.94	1.56	K3II	-0.010	-0.022
2960		115.056667	-19.660833	5.93	1.16	K0	0.007	0.011
2961		114.864167	-38.308333	4.84	-0.19	B2.5V	-0.014	0.004
2962		115.681250	+34.000278	6.02		F7V	-0.080	-0.003
2963		114.932500	-38.139444	5.73	-0.12	B5Vn	-0.019	0.011
2964		114.949167	-38.260833	5.76	-0.07	B2.5V	-0.011	0.004
2965		115.465833	+13.480556	5.77	1.67	M2IIIab	-0.039	-0.020
2966		115.396667	+3.624722	5.94	-0.04	A0V	0.015	-0.025
2967		115.513333	+14.208333	5.56	1.64	M3II-III	-0.004	-0.012
2968		114.991667	-37.579444	6.00	-0.04	B6IVe	0.001	-0.010
2969		116.017500	+50.433889	5.27	0.00	A0IIIn	-0.005	-0.026
2970	26Alp Mon	115.311667	-9.551111	3.93	1.02	K0III	-0.073	-0.019
2971		114.751667	-53.273333	6.06	-0.11	B9IV-Vp:Si:	-0.009	0.008
2972		115.180833	-27.945833	6.76	-0.16	B3-5IV-V:	0.007	-0.017
2973	75Sig Gem	115.827917	+28.883611	4.28	1.12	K1III	0.065	-0.232
2974		115.219583	-31.660833	6.56	1.18	G20-Ia	0.014	0.012
2975	51 Cam	116.667083	+65.455833	5.92	1.18	gK2	0.027	0.018
2976		115.348333	-22.337222	6.18	1.62	M1III	0.022	-0.004
2977	49 Cam	116.614167	+62.830556	6.49	0.26	F0pSrEu	-0.036	-0.057
2978		115.842500	+22.399444	6.21	0.93	K0III	-0.026	0.013
2979		113.840417	-74.275556	7.16	-0.02	B9IV	-0.007	0.009
2980		113.840833	-74.275556	7.26		B9IV	-0.007	0.009
2981		115.315833	-38.533611	5.42	-0.15	B5V	-0.017	0.013
2982		115.772500	+0.189444	6.19	1.02	K0III	0.008	-0.012
2983	76 Gem	116.028750	+25.784167	5.31	1.54	K4-5III	-0.020	-0.016
2984		115.340833	-44.632222	6.41	0.00	B7IV-V	0.010	0.000
2985	77Kap Gem	116.111667	+24.398056	3.57	0.93	G8IIIa	-0.033	-0.052
2986		115.491667	-38.528889	6.54	-0.09	B7V	-0.017	0.002
2987		116.058333	+12.859444	6.43		K0	-0.024	-0.042
2988		115.700417	-26.351111	5.64	0.99	K1III	-0.005	-0.027
2989		116.030833	+2.405000	6.47	0.20	F0III:	-0.048	-0.022
2990	78Bet Gem	116.328750	+28.026111	1.14	1.00	K0IIIb	-0.628	-0.046
2991	79 Gem	116.288750	+20.316389	6.33	0.00	A1V	-0.014	0.008
2992		115.912917	-25.503889	6.55	0.06	A3	0.001	-0.005
2993	1 Pup	115.885000	-28.411111	4.59	1.63	K3Ib	-0.014	0.025
2994		115.800000	-36.050278	5.60	-0.13	B5V	-0.019	0.008
2995		115.779167	-38.864167	6.89	1.02	G6/8III	0.009	-0.018
2996	3 Pup	115.952083	-28.954722	3.96	0.18	A2Iabe	0.002	0.005
2997		119.072083	+80.265556	6.56	0.73	G8V	-0.476	0.090
2998		115.738333	-45.173333	5.06	0.78	G6IV	-0.066	-0.558
2999		116.663750	+37.517500	5.18	1.58	M2IIIb	0.027	0.014
3000		114.017500	-77.634167	6.18	1.73	M0III	0.006	0.009
3001		115.928750	-38.201944	6.40	-0.16	B9VpSi	-0.025	0.006
3002		115.924583	-40.933889	5.17	1.10	K1III	0.133	-0.175
3003	81 Gem	116.530833	+18.510000	4.88	1.45	K4III-IIIb	-0.076	-0.058
3004		116.141667	-24.673889	5.62	-0.19	B1.5III	-0.030	0.016
3005		115.778750	-49.992778	6.57	0.07	A2V	-0.005	-0.006
3006		115.542500	-58.630833	6.43	-0.10	B2.5V	-0.001	0.003
3007		116.040000	-36.062778	5.80	0.31	F2V	-0.083	0.076
3008	11 CMi	116.567500	+10.768333	5.30	0.01	A1Vnn	-0.029	-0.024
3009	2 Pup	116.369583	-14.686111	6.89		A8V	-0.016	-0.018
3010	2 Pup	116.371250	-14.690833	6.07	0.11	A2V	-0.014	-0.026
3011		116.142500	-37.943056	5.88	-0.11	B7V	-0.018	0.004
3012		115.722083	-58.230000	6.21	1.05	K0III	-0.030	0.033
3013	80Pi Gem	116.876250	+33.415556	5.14	1.60	M1IIIa	-0.018	-0.029
3014		116.509167	-6.772500	5.49	1.38	K5III	0.056	-0.094
3015	4 Pup	116.487083	-14.563889	5.04	0.33	F0V	-0.012	0.006
3016		116.269167	-37.887778	6.54	-0.10	B3IV	-0.023	0.007
3017		116.313750	-37.968611	3.61	1.73	K2.5Ib-II	-0.010	0.002
3018		116.395833	-34.173056	5.37	0.60	G0V	-0.279	1.665
3019		116.687083	-12.675278	6.39	-0.02	A0V	0.018	0.000
3020		116.325417	-43.752222	6.03	-0.07	B6IV	-0.004	0.002
3021	82 Gem	117.140000	+23.141111	6.18		G2III+A4V	-0.011	0.008
3022		116.543333	-37.933889	5.88	-0.11	B7V	-0.035	0.004
3023		116.802083	-22.519722	5.90	-0.19	B2IV-V	-0.013	0.007
3024	Zet Vol	115.455000	-72.606111	3.95	1.04	K0III	0.030	0.018
3025		116.639167	-40.059722	6.57	-0.13	B2V	-0.006	-0.001
3026		116.910417	-15.990833	6.34	1.78	K1Ia-Iab	-0.004	0.001
3027		116.938333	-16.014444	6.43	1.70	M2II-III	0.000	-0.001
3028		117.773750	+54.129167	6.02	0.46	F6V	-0.041	0.051
3029	5 Pup	116.986250	-12.193056	5.48	0.48	dF5	-0.111	0.059
3030		117.258333	+13.370833	6.04	1.38	K0	0.051	-0.043
3031		116.398333	-56.722500	6.12	0.39	F0II	0.005	0.016
3032		116.774167	-39.331389	6.31	-0.17	B8III	-0.010	-0.005
3033		117.245417	+4.332778	6.53	0.78	G2III	-0.036	-0.031
3034	Omi Pup	117.021667	-25.937222	4.50	-0.05	B0V:pe:	-0.009	0.006
3035		116.854167	-38.511111	5.08	-0.10	B2.5III	-0.006	0.000
3036		116.182917	-66.071944	6.38	0.95	G6-8III	-0.015	0.043
3037		116.881250	-46.608611	5.23	-0.14	B1.5IV	-0.002	0.004
3038		116.054167	-69.821389	6.18	-0.06	A0IV-V	-0.050	0.011
3039		118.152500	+55.209444	6.38		A0Vn	-0.004	-0.039
3040		117.759583	+33.233611	6.03	0.15	A2Vm	-0.017	0.001
3041		117.035417	-40.652222	6.14	1.58	M2III	-0.003	-0.029
3042		117.369167	-13.353333	6.23	-0.09	B8III	-0.035	-0.018
3043		117.257083	-24.912222	5.33	0.76	G0III	-0.030	0.019
3044	6 Pup	117.421667	-17.228333	5.18	1.28	K3III	0.052	-0.117
3045	7Xi Pup	117.323750	-24.859722	3.34	1.24	G6Iab-Ib	-0.003	-0.002
3046		117.084583	-47.077778	4.71	1.06	K0III	-0.088	-0.078
3047		117.544167	-9.183333	5.61	1.44	K3III	-0.001	0.004
3048		117.438333	-20.206944	6.56	0.58	G3V	-0.053	-0.106
3049		117.311250	-35.243333	5.93	-0.05	B9V	0.001	0.009
3050		117.697500	+3.277222	6.18	1.12	K1III	0.054	-0.031
3051		117.523750	-19.523611	6.12	1.26	K0	-0.007	-0.002
3052		117.397500	-33.288889	5.60	1.61	K5III	-0.034	0.000
3053		117.986250	+19.325278	5.99	1.13	gK1	-0.055	-0.032
3054		117.730000	-11.128611	6.16	1.13	K0	-0.001	-0.031
3055		117.309583	-46.373333	4.11	-0.18	B0III	0.000	0.006
3056		117.080000	-56.471111	6.33	1.01	K0III+A1V	-0.026	0.003
3057		117.367500	-44.751944	6.32	0.96	K0III	-0.048	0.003
3058		117.303750	-46.857778	5.84	-0.14	B1.5IV	0.000	0.011
3059	13Zet CMi	117.925000	+1.766944	5.14	-0.12	B8II	-0.016	-0.003
3060		117.750000	-24.528333	6.45	-0.01	A0	-0.012	-0.023
3061		118.030000	+3.277222	6.31	1.59	M4III	0.047	-0.084
3062		117.277917	-56.410556	5.59	1.13	G5II	-0.003	0.007
3063	8 Pup	117.920417	-12.819444	6.36	0.39	F2	-0.001	-0.011
3064	9 Pup	117.942917	-13.898056	5.17	0.60	G0V:	-0.062	-0.340
3065	25 Lyn	118.622083	+47.386111	6.25	1.15	gK2	-0.017	0.006
3066	26 Lyn	118.677917	+47.564722	5.45	1.46	gK4	-0.047	0.002
3067	83Phi Gem	118.374167	+26.765833	4.97	0.09	A3V	-0.035	-0.031
3068		117.928750	-21.173889	5.63	0.96	G8III	-0.062	0.025
3069		117.676667	-44.579722	6.45	0.90	G6III	-0.022	0.021
3070		117.303750	-60.283611	5.78	0.42	F1V	-0.055	0.151
3071		117.599583	-50.509722	5.91	1.09	K2III	-0.060	-0.049
3072		118.199583	-5.428056	5.76	0.41	F5IV	-0.017	-0.023
3073	10 Pup	118.078750	-14.846389	5.69	0.37	F1Ia	-0.011	-0.002
3074		117.835417	-43.095556	6.32	-0.17	B2IV-V	0.011	-0.010
3075		120.048750	+73.918056	5.41	1.42	K3III	-0.009	-0.037
3076		117.478333	-60.051111	6.72	1.24	K0II	0.000	0.020
3077		119.111667	+56.504444	6.72		A2IV	0.000	-0.024
3078		117.917917	-42.888333	6.04	-0.18	B2IV	-0.016	0.004
3079		118.065417	-34.705278	5.01	0.44	F5V	-0.194	0.243
3080		118.054167	-40.575833	3.73	1.04	K1-2II+A0	-0.010	0.003
3081		117.420833	-66.195833	5.79	-0.04	B9V	0.003	-0.001
3082		121.196250	+79.479722	5.42	-0.06	A0pSi	-0.027	-0.049
3083		118.920000	+35.412778	6.23	0.28	A3IVp:	-0.062	-0.023
3084		118.161250	-38.863056	4.49	-0.19	B2.5V	-0.002	-0.006
3085		118.264583	-36.363889	5.43	1.16	K0III	-0.005	-0.005
3086	85 Gem	118.916250	+19.883889	5.35	-0.04	A0V s	-0.018	-0.043
3087		118.880833	+8.862778	5.86	0.35	F2IV	-0.013	-0.087
3088		118.123750	-54.367222	5.70	-0.15	B1.5IV	-0.003	0.004
3089		118.265417	-49.613056	4.63	-0.23	B1.5Vp	0.002	0.016
3090		118.325833	-48.103056	4.24	-0.14	B0.5Ib	0.004	0.001
3091		118.545833	-35.877500	5.49	-0.19	B2V	-0.001	-0.010
3092		118.666250	-34.846944	6.15	1.53	K4III	-0.012	-0.020
3093		119.099583	+4.485833	6.17	0.98	G8III	-0.005	0.000
3094		119.569167	+43.977500	6.34	1.06	K0	0.038	0.006
3095	1 Cnc	119.247500	+15.790278	5.78	1.28	K3+III	-0.028	-0.042
3096		118.807083	-30.917500	6.44		K4III	-0.047	0.043
3097		119.316250	+8.641389	6.05	1.00	K0III	0.006	-0.017
3098		119.317500	+1.126944	6.35	0.50	F7V	-0.172	-0.002
3099		119.095000	-30.285278	6.33	1.66	M6III	0.004	-0.032
3100		118.752083	-52.583056	6.38	-0.01	B8III	-0.008	0.017
3101		118.943750	-43.845000	6.02	-0.11	B6V	-0.012	0.002
3102	11 Pup	119.214583	-22.880000	4.20	0.72	F7II	-0.026	0.009
3103		119.524167	+7.213611	6.41	-0.04	A0V	-0.020	-0.007
3104		119.631250	+16.518611	5.99	1.47	K0	-0.006	-0.001
3105		118.721667	-57.303056	5.63	1.30	K3-4III	-0.077	0.023
3106		120.336250	+59.047500	5.77	0.39	d:F2	0.017	0.032
3107		119.101250	-40.736389	6.78	-0.18	B2V	0.020	-0.002
3108		124.224167	+84.057778	6.49	0.03	A3IV	-0.013	-0.018
3109	53 Cam	120.426667	+60.324444	6.01	0.14	A2pSrCrEu	-0.037	-0.020
3110	14 CMi	119.585833	+2.224722	5.29	0.92	K0III	-0.158	0.099
3111		119.241250	-42.406111	6.09	1.36	K3III	0.029	0.023
3112		120.628333	+63.090278	6.40	0.59	G1III	-0.012	-0.017
3113		119.417083	-30.334722	4.79	0.15	A2V	-0.006	0.007
3114		119.241250	-43.500278	5.35	-0.18	B2.5V	0.001	0.013
3115		119.896250	+13.242222	6.02	1.32	K2	-0.019	-0.011
3116		119.326667	-44.109722	5.09	-0.17	B2.5IV	-0.008	0.009
3117	Chi Car	119.194583	-52.982222	3.47	-0.18	B3IVp	-0.029	0.021
3118		119.333333	-47.890278	6.22	-0.10	B5V	-0.020	0.014
3119		120.649167	+57.273611	6.49	0.62	F8V	-0.027	-0.063
3120		119.077500	-60.526389	5.74	1.55	K3III	-0.011	0.014
3121		119.465833	-45.577778	5.17	1.27	K2III	-0.006	0.020
3122	27 Mon	119.933750	-3.679722	4.93	1.21	K2III	-0.054	-0.003
3123	12 Pup	119.773750	-23.310556	5.11	1.12	cK2	-0.012	0.001
3124	2Ome1Cnc	120.232917	+25.392778	5.83	1.02	gG8	0.014	0.006
3125		120.200000	+19.816111	6.25	1.11	K1III	-0.001	-0.013
3126		119.211250	-59.126389	6.25	2.08	M0III	-0.024	-0.019
3127		120.252917	+23.583056	6.34		K1III-IV	-0.026	-0.024
3128	3 Cnc	120.197083	+17.308611	5.55	1.32	gK3	-0.012	-0.002
3129		119.560000	-49.245000	4.41	-0.17	B1Vp+B3IV:	-0.011	0.008
3130		120.479583	+35.413056	6.34	1.56	K0	-0.043	-0.007
3131		119.966667	-18.399167	4.61	0.08	A2Vn	-0.002	-0.039
3132	4Ome2Cnc	120.432500	+25.089722	6.31	0.01	A1V	-0.021	0.020
3133		119.589167	-51.448611	6.44	0.25	A8-9IV	-0.046	0.034
3134	5 Cnc	120.376250	+16.455278	5.99	-0.02	B9.5Vn	0.004	-0.005
3135		120.183750	-2.881667	6.51	-0.07	B2.5Ve	-0.014	0.013
3136		120.307500	+4.879722	5.65	0.00	A1V	-0.038	0.009
3137		119.757500	-45.216111	5.99	-0.14	B4V	-0.011	-0.004
3138		119.445417	-60.303333	5.60	0.57	G0V	0.517	0.114
3139		119.302083	-63.296944	6.14	-0.10	B8V	-0.018	0.015
3140		119.868333	-39.297222	5.24	0.39	F5III	-0.082	-0.043
3141	28 Mon	120.305417	-1.392500	4.68	1.49	K4III	0.068	-0.073
3142		119.801250	-49.976667	6.32		B2IV-V	0.000	0.015
3143		119.805833	-49.973611	6.34		B2IV-V	-0.008	0.013
3144		120.461250	+8.913889	6.22	0.57	G0IV	-0.002	0.022
3145		120.566250	+2.334444	4.39	1.25	K2III	-0.031	0.105
3146		120.081667	-45.456944	6.61	1.27	K1Ib-II	0.008	0.001
3147		119.710417	-60.824444	5.81	-0.09	B2IVpne	-0.008	0.015
3148		120.062083	-48.981389	6.02	0.04	A2V	-0.015	0.047
3149	Chi Gem	120.879583	+27.794167	4.94	1.12	K1.5III	-0.026	-0.042
3150		120.608333	-6.337222	6.33	0.62	G0III	0.006	-0.014
3151		120.120417	-48.871389	6.12	-0.11	A0pSi	-0.014	0.012
3152		119.917500	-60.207500	6.33	-0.06	B5III	0.004	0.003
3153		119.906667	-60.586944	5.17	1.74	M1.5IIa	0.003	0.011
3154		120.405833	-37.283611	5.95	0.14	A3IV	-0.017	0.008
3155		120.525833	-37.050556	6.34	1.62	M1III	0.016	-0.003
3156		120.207917	-54.151389	5.87	-0.14	B5Vn	-0.023	0.008
3157		120.345417	-54.515000	6.10	-0.04	B2IV-V	-0.018	0.021
3158		121.188333	+18.842222	6.15	-0.05	B9V	-0.035	-0.016
3159		120.083333	-63.567500	4.82	-0.17	B3V	0.001	0.017
3160		120.767083	-32.463889	5.82	1.22	K2-3III	-0.017	0.000
3161		120.381250	-55.455000	6.28	-0.15	B4V	-0.017	-0.008
3162		120.686667	-41.310000	5.52	-0.15	B9pSi	-0.002	0.010
3163	8 Cnc	121.268750	+13.118056	5.12	0.01	A1V	-0.036	-0.067
3164		121.404167	+27.529722	6.21	0.01	A0V	0.000	-0.009
3165	Zet Pup	120.896250	-40.003333	2.25	-0.26	O5f	-0.027	0.012
3166		120.872917	-42.948611	6.29	1.01	G8II	-0.026	-0.013
3167	28 Lyn	121.791250	+43.260278	6.26	-0.02	A1V	-0.010	-0.034
3168	14 Pup	121.172917	-19.728056	6.13	-0.16	B3III	0.002	0.003
3169	9Mu 1Cnc	121.576667	+22.635556	5.99	1.66	M3III	-0.008	-0.005
3170		121.067500	-32.675000	5.31	1.91	M1Ib	-0.003	0.004
3171		119.817083	-73.244722	6.34	0.14	A3III	0.002	-0.036
3172		121.456667	-0.573611	6.41	1.05	K0	-0.022	-0.013
3173	27 Lyn	122.114167	+51.506667	4.84	0.05	A2V	-0.059	-0.004
3174		121.614583	-9.245000	6.23	-0.07	B9V	0.001	-0.012
3175		122.515833	+58.248056	5.93	1.39	gK4	-0.023	-0.075
3176	10Mu 2Cnc	121.940833	+21.581667	5.30	0.63	G1IVb	0.022	-0.069
3177		121.437083	-33.569167	6.14	1.11	G1Ib	-0.006	0.010
3178		121.176667	-50.590556	5.95	1.21	G5II	-0.001	0.001
3179		121.335000	-46.978889	6.19	-0.15	B3Vnp	0.005	-0.009
3180		121.266667	-53.108056	5.53	1.34	K3-4III	0.034	-0.006
3181		122.346250	+42.430556	6.27	1.27	gK3	-0.008	-0.072
3182		123.203333	+68.474167	5.32	1.04	G7+II	0.000	0.008
3183		121.825000	-20.554722	5.38	0.10	A5II	-0.016	-0.006
3184	12 Cnc	122.176667	+13.640833	6.27	0.43	F3V	-0.001	-0.017
3185	15Rho Pup	121.885833	-24.304167	2.81	0.43	F6IIpDel Del	-0.083	0.049
3186		121.178750	-62.836111	6.30	-0.10	B2.5Vn	-0.009	0.017
3187		121.668333	-45.266389	5.05	1.50	K3III	0.000	0.000
3188	29Zet Mon	122.148333	-2.983889	4.34	0.97	G2Ib	-0.017	-0.005
3189		122.237083	-11.339722	6.32	0.01	A0Vn	-0.004	-0.012
3190		122.181250	-20.363056	6.36	0.16	A7IV	-0.012	0.000
3191	14Psi Cnc	122.613333	+25.507222	5.73	0.81	G7V	-0.075	-0.348
3192	16 Pup	122.256667	-19.245000	4.40	-0.15	B5IV	-0.014	-0.002
3193		122.840000	+38.731389	6.58	0.59	G0	-0.111	-0.075
3194		122.368750	-16.248889	5.68	-0.17	B2.5V	-0.017	-0.007
3195		122.156667	-37.681389	6.37	-0.04	B4V	-0.002	0.003
3196		122.277917	-30.322500	6.65	1.40	K5III	0.024	-0.001
3197		126.137083	+82.430833	6.32	0.01	A2Vn	-0.022	-0.025
3198		122.745000	+14.629444	6.23	0.02	A1V	-0.028	-0.014
3199		122.292500	-35.455000	6.20	0.89	G8III	0.003	0.014
3200		123.459167	+56.452222	5.85	1.01	G9III	-0.022	-0.033
3201		122.819167	+9.821111	6.07	-0.10	B6III	-0.009	-0.021
3202	18 Pup	122.665833	-13.799167	5.54	0.49	F6V	-0.251	0.061
3203		122.290000	-48.684444	5.70	-0.12	B8Ib-II	0.000	-0.004
3204		122.399583	-44.122778	5.21	-0.19	B2IV-V	-0.007	0.000
3205		122.448750	-42.640556	6.26	-0.04	B7V	-0.004	0.010
3206	Gam1Vel	122.372083	-47.345833	4.27	-0.23	B1IV	-0.004	-0.005
3207	Gam2Vel	122.383333	-47.336667	1.78	-0.22	WC8+O9I	-0.004	0.006
3208	16Zet1Cnc	123.052917	+17.647778	5.63	0.54	F8V	0.066	-0.135
3209	16Zet1Cnc	123.052917	+17.647778	6.02	0.54	F9V	0.066	-0.135
3210	16Zet2Cnc	123.055417	+17.647778	6.20	0.60	G5V	0.097	-0.109
3211	19 Pup	122.817917	-12.926944	4.72	0.95	G9III-IIIb	-0.025	0.012
3212		122.887500	-7.772500	5.36	0.89	G6III	-0.041	-0.021
3213		122.430000	-47.937500	5.23	-0.21	B1IVe	0.003	0.001
3214		123.092083	+14.003889	6.54		A7III	-0.026	-0.008
3215	15 Cnc	123.287083	+29.656667	5.64	-0.07	B9pSiCr	-0.009	-0.018
3216		124.884167	+75.756944	5.54	0.90	G8III	0.030	0.016
3217		122.102083	-63.801111	6.28	-0.06	B6Ve	-0.017	0.002
3218		122.390000	-56.085556	5.66	0.21	A3m	-0.007	0.034
3219		122.756667	-37.292222	6.44	-0.01	O9.5II	-0.012	0.003
3220		122.252917	-61.302500	4.76	0.43	F5V	-0.158	-0.297
3221		123.960417	+60.380556	6.45	0.20	A7Vm	-0.013	0.007
3222		123.249167	+16.514167	6.01	0.89	G8III	-0.009	-0.019
3223	Eps Vol	121.982500	-68.617222	4.35	-0.11	B6IV	-0.026	0.025
3224		123.423750	+23.137778	6.56	0.11	A4IVn	-0.036	-0.010
3225		122.839583	-39.618611	4.45	1.62	K3Ib	0.000	-0.004
3226		122.857917	-42.987222	4.75	0.18	A5Ib	0.004	0.004
3227		122.796250	-48.461944	5.82	-0.15	B3V	0.015	-0.004
3228		123.546250	+17.675833	6.47	0.30	A0VnDel Del	-0.005	0.011
3229	20 Pup	123.333333	-15.788333	4.99	1.07	G5II	-0.013	-0.004
3230		123.191667	-29.910833	6.52	0.06	A1V	-0.024	0.031
3231		123.587500	+13.048333	6.38		G8III	-0.021	-0.018
3232		123.000000	-46.644167	5.76	0.59	F7Ib-II	-0.001	0.008
3233		123.214583	-37.924444	6.43	0.10	A3V	-0.011	-0.002
3234		123.128750	-46.264167	6.03	-0.11	B5V	0.008	0.012
3235	29 Lyn	124.460000	+59.571111	5.64	0.16	A7IV	-0.006	0.003
3236		125.167917	+72.407222	5.98	1.54	M0III	0.004	-0.025
3237		123.373333	-35.899722	4.78	-0.11	B1.5IIIe	0.002	-0.002
3238		123.421250	-33.569167	6.37	1.14	K2III	0.033	0.019
3239		123.545833	-32.140833	6.06	-0.16	B1.5V	-0.002	0.006
3240		123.493333	-36.322500	5.08	-0.19	B1.5IV	0.010	-0.002
3241		123.495000	-36.341111	6.11	-0.18	B2IV-V	0.010	-0.008
3242		123.555000	-35.490556	5.78	1.02	K1III	-0.055	0.008
3243		123.512083	-40.348056	4.44	1.17	K1II-III	0.047	-0.068
3244		123.400833	-46.991944	5.13	-0.14	B2.5IV	0.003	-0.004
3245		124.822083	+62.507222	5.71	0.89	G8III	-0.013	0.007
3246		124.565833	+54.143611	6.27	1.54	K5	-0.024	-0.038
3247		123.392083	-50.196111	5.51	1.61	M1III	0.009	-0.004
3248		124.141250	+11.726389	7.13	1.56	M7IIIe	0.012	-0.010
3249	17Bet Cnc	124.128750	+9.185556	3.52	1.48	K4IIIBa0.5	-0.044	-0.049
3250		123.599583	-45.834444	5.83	-0.20	B2IV-V	-0.004	0.008
3251		123.968750	-30.925833	6.21	0.78	G5-8III+G:	-0.047	-0.005
3252		124.382083	+8.866111	6.29	0.98	G8III	-0.012	-0.013
3253		123.995417	-35.902778	6.16	1.55	K2III	0.005	0.015
3254	30 Lyn	125.108750	+57.743333	5.89	0.39	F4V	0.061	0.014
3255		124.225833	-21.320278	6.60	0.02	A0	-0.016	0.026
3256		123.847083	-50.449444	6.44	1.49	K3-4III	-0.012	-0.020
3257	21 Pup	124.346250	-16.285000	6.16	0.01	A2V	-0.020	-0.008
3258		125.121250	+53.574444	6.49	0.28	F0IV	-0.065	-0.092
3259		124.599583	-12.631944	5.98	0.76	G7.5V	0.267	-0.979
3260		123.816250	-62.915833	5.16	0.09	A2V	-0.023	-0.022
3261		124.492917	-30.003333	6.45	1.04	K0III	0.041	0.014
3262	18Chi Cnc	125.016250	+27.217778	5.14	0.47	F6V	-0.018	-0.378
3263		125.683750	+60.631111	6.41	0.97	K0III	0.008	-0.002
3264		125.087500	+20.747778	5.83	1.13	K1III	0.060	-0.047
3265		124.812917	-10.165833	6.32	0.33	F3IIIpDel Del	-0.041	0.038
3266		124.572500	-35.451667	5.58	1.24	K2III	0.018	0.002
3267		124.552500	-37.374167	6.70	0.23	A0IV+G:	-0.022	0.019
3268	19Lam Cnc	125.133750	+24.022222	5.98	-0.03	B9.5V	-0.023	-0.021
3269		124.957917	+3.947778	6.05	0.97	G8III	0.034	-0.030
3270		124.638750	-36.659444	4.45	0.22	A7III	-0.106	0.097
3271		125.054583	-0.909444	6.18	0.60	F9V	0.056	-0.094
3272		125.071250	-5.329167	6.13	1.33	K2III	0.024	-0.027
3273		124.872500	-34.590278	6.43	-0.08	B9pHgMn	-0.018	0.000
3274		124.482500	-59.166944	6.42	0.39	F5V	-0.044	-0.032
3275	31 Lyn	125.708750	+43.188056	4.25	1.55	K4.5III-IIIb	-0.021	-0.096
3276		125.114167	-22.924722	6.13	1.04	K0	-0.011	0.001
3277		125.952083	+53.219722	5.51	0.11	A3V	-0.026	-0.095
3278		125.334167	-1.602222	6.50	0.02	A2Vpn:EuSrCr:Si	-0.017	-0.041
3279		125.338333	-20.079167	5.58	0.77	G2III+A3	-0.001	-0.013
3280		124.578750	-65.613333	5.07	1.15	K1III	0.027	0.020
3281		125.477500	-17.586389	5.75	1.05	K1III	-0.096	-0.014
3282		125.345833	-33.054444	4.83	1.45	K2.5II-III	-0.008	0.004
3283		125.337500	-36.484444	5.20	-0.19	B2IV-V	-0.005	-0.003
3284	20 Cnc	125.840833	+18.332222	5.95	0.17	A9V	-0.054	-0.028
3285		125.625833	-6.179167	6.15	0.22	A8IV	-0.062	0.003
3286		125.350833	-39.620833	6.16	0.17	A3V	0.011	0.002
3287		126.178333	+42.005000	6.02	1.59	K5III	0.015	0.007
3288		125.725000	-7.543333	5.96	1.67	M1III	-0.023	0.002
3289	22 Pup	125.695000	-13.054722	6.11	1.00	gG7	-0.051	-0.043
3290	21 Cnc	125.980000	+10.631944	6.08	1.49	M2III	0.004	-0.023
3291		125.707917	-26.348056	5.90	0.37	F3Ib	-0.007	0.008
3292		126.270417	+35.011389	6.06	1.27	K0	-0.012	-0.012
3293		125.300000	-57.973056	5.97	-0.09	B1.5III	-0.007	0.009
3294		125.631667	-48.490278	4.82	-0.15	B1V	-0.013	0.008
3295		126.151667	-4.716944	6.01	0.46	F2V	0.022	-0.051
3296		125.821667	-38.285833	6.32	1.63	M1III	0.028	-0.003
3297	1 Hya	126.145833	-3.751111	5.61	0.46	F3V	-0.210	-0.024
3298		125.282083	-64.106111	6.12	0.93	G6-8III	-0.004	-0.025
3299	25 Cnc	126.457917	+17.046111	6.14	0.41	F6V	-0.192	-0.151
3300		125.730000	-52.123889	5.85	0.01	A0V	-0.010	0.008
3301	Kap1Vol	124.954167	-71.515000	5.37	-0.06	B9III-IV	-0.013	0.030
3302	Kap2Vol	125.002917	-71.505278	5.65	-0.10	A0IVMn	-0.008	0.044
3303		127.442500	+67.297500	5.88	0.97	G8III	-0.066	0.010
3304	22Phi1Cnc	126.615417	+27.893611	5.57	1.40	K5III	-0.033	-0.114
3305		126.397917	+2.102222	5.73	1.53	K5III	-0.020	-0.006
3306		126.478333	+7.564444	5.13	0.94	G7II-IIIFe-1	-0.034	-0.012
3307	Eps Car	125.628333	-59.509722	1.86	1.28	K3III+B2:V	-0.026	0.014
3308		126.229583	-23.153611	5.68	0.06	A2	-0.041	0.042
3309		126.903333	+45.653056	6.32	0.62	G5V	-0.017	-0.350
3310	23Phi2Cnc	126.695000	+26.934444	6.32	0.18	A6V	-0.014	0.002
3311	23Phi2Cnc	126.695833	+26.935278	6.30	0.18	A3V	-0.016	-0.003
3312	24 Cnc	126.665833	+24.534167	7.02	0.32	F0III	-0.041	-0.080
3313	24 Cnc	126.667083	+24.535278	7.81	0.52	F7V	-0.045	-0.085
3314		126.415000	-3.906389	3.90	-0.02	A0V	-0.066	-0.023
3315		126.265417	-24.046111	5.28	1.48	K5III+K1III	-0.028	0.026
3316		126.329583	-21.045833	6.01	0.40	F3V	-0.019	0.061
3317		126.414167	-17.439444	6.44		K0	-0.007	-0.005
3318	Alp Cha	124.631667	-76.919722	4.07	0.39	F5III	0.110	0.108
3319	27 Cnc	126.682917	+12.654444	5.50	1.60	M3III	-0.020	-0.104
3320		126.481667	-14.929722	5.98	0.17	A5m	-0.010	0.040
3321	2 Hya	126.613333	-3.987500	5.59	0.22	A5III-IV	-0.053	-0.061
3322		126.238333	-42.769444	5.98	-0.17	B3V	-0.011	0.019
3323	1Omi UMa	127.566250	+60.718056	3.36	0.84	G5III	-0.133	-0.107
3324		126.674583	-12.534444	5.54	1.19	K2III	-0.091	-0.018
3325		126.821667	-6.409722	6.59	0.51	F4III	-0.040	-0.030
3326		126.466250	-42.153333	5.47	-0.15	B3V	-0.009	0.003
3327		126.573333	-39.059444	6.53	-0.09	B9V	-0.017	-0.008
3328		126.575833	-39.060278	7.25	0.08	A2V:	-0.011	0.006
3329	28 Cnc	127.153333	+24.144722	6.10	0.24	F0Vn	-0.031	-0.058
3330		126.379167	-51.728056	5.17	-0.16	B2Ve	-0.041	-0.012
3331		126.711667	-29.215278	6.73	-0.05	B9.5V	-0.005	0.017
3332		128.222500	+69.320000	6.31	1.35	K0	0.030	-0.027
3333	29 Cnc	127.155417	+14.210833	5.95	0.19	A5V	-0.014	-0.011
3334	Eta Vol	125.518333	-73.400000	5.29	0.01	A0-1IV-V	-0.034	0.031
3335		126.888750	-20.843889	6.56	0.04	A2V	0.010	-0.008
3336		126.818333	-31.673056	6.33	0.90	G8III	-0.016	-0.011
3337		127.121667	-2.517222	6.39	0.33	A5m	-0.005	-0.016
3338		127.082083	-8.816111	6.43	1.20	K0	-0.001	-0.040
3339		126.972917	-26.132500	6.62	0.11	A2IV-V	-0.055	-0.002
3340	The Cha	125.160417	-77.484444	4.35	1.16	K2IIICN0.5	-0.134	0.042
3341		126.605000	-52.807500	6.05	0.06	A0V	-0.037	-0.003
3342		127.212083	-9.748333	6.00	0.42	F2III	-0.012	0.008
3343		126.997083	-35.113889	5.75	-0.15	B3V	-0.023	0.002
3344		127.149583	-23.071667	6.51	0.05	A2	-0.043	-0.022
3345		127.222083	-20.950278	6.67	-0.06	B8III	-0.012	-0.008
3346		126.465000	-64.600833	5.97	0.96	G8-K0III	-0.012	0.007
3347	Bet Vol	126.434167	-66.136944	3.77	1.13	K1III	-0.036	-0.155
3348		127.832917	+37.265833	6.18	-0.03	A0V	-0.016	0.001
3349		126.864167	-55.011667	6.53	-0.02	A0V	-0.018	-0.010
3350		126.902083	-53.088611	5.09	0.25	A9-F0III-IV	-0.068	0.013
3351		128.139583	+53.114722	6.24	1.01	K0IV	0.013	-0.077
3352		129.202917	+74.723611	6.31		A2m	-0.017	-0.023
3353		127.365000	-27.332500	6.70	-0.13	B4V	0.000	-0.008
3354	2 UMa	128.650833	+65.145000	5.47	0.18	A2m	-0.049	-0.063
3355	30Ups1Cnc	127.877083	+24.081111	5.75	0.28	F0IIIn	-0.082	-0.044
3356		127.281667	-44.160556	5.79	-0.16	B2Vn	-0.003	0.004
3357	31The Cnc	127.898750	+18.094444	5.35	1.56	K5III	-0.061	-0.058
3358		127.269583	-47.929167	5.33	-0.14	B2IV	-0.011	-0.001
3359		127.365000	-44.725000	4.99	-0.16	B2IV	0.004	-0.003
3360		128.229167	+38.016389	5.90	1.11	K2III	-0.103	-0.169
3361		127.977500	+9.814444	6.83	-0.07	B9p:Hg:	0.003	-0.007
3362		127.619167	-32.159444	5.65	1.49	K2III	-0.016	-0.005
3363		127.440000	-46.331944	5.99	-0.15	B5III	-0.029	0.002
3364		127.623333	-36.721111	6.69	1.95	M2Iab	-0.019	0.012
3365	32 Lyn	128.340833	+36.436389	6.24	0.36	F5Vb vw	-0.143	0.001
3366	33Eta Cnc	128.177083	+20.441111	5.33	1.25	K3III	-0.047	-0.043
3367		127.878750	-19.577500	5.42	-0.06	A0V	-0.033	-0.007
3368		127.401250	-55.191111	6.36	0.80	G0V	-0.015	-0.015
3369	32Ups2Cnc	128.250417	+24.084722	6.36	1.02	G9III	-0.068	-0.047
3370		126.820417	-70.093333	5.53	-0.03	A0V	-0.008	0.048
3371		127.663333	-44.737222	6.30	-0.02	B4IV	-0.013	0.011
3372	34 Cnc	128.166250	+10.066111	6.46	-0.02	A1V	0.003	-0.005
3373		127.852500	-39.064167	6.31	-0.15	B4V	-0.017	0.004
3374		128.138750	-15.029444	6.38	0.27	F0Vn	-0.050	0.052
3375		127.795000	-47.866667	6.39	-0.15	B2.5V	0.001	0.002
3376		128.437917	+13.257222	6.28	1.17	K0III	-0.029	-0.045
3377	33 Lyn	128.682500	+36.419444	5.78	0.04	A2Vnn	-0.031	-0.044
3378		128.431250	+4.756667	5.87	1.07	G5III	-0.005	-0.013
3379		129.927500	+73.629722	6.15	1.02	G7III	-0.015	-0.099
3380		128.555417	+8.451944	6.03	0.33	F3IV	-0.003	-0.031
3381		128.270000	-24.606389	6.19	0.27	A8IV	-0.007	-0.016
3382		127.873333	-54.394167	6.34	1.31	K3III	0.020	-0.047
3383		128.506667	-2.151667	5.81	0.00	A1V	-0.032	0.020
3384		128.214583	-31.500833	6.38	0.79	K0V	-1.110	0.765
3385		128.244167	-34.633889	6.36	0.95	K0V	-0.010	0.004
3386		128.020000	-53.212222	5.69	0.58	K0III+A3	-0.021	0.007
3387	35 Cnc	128.830833	+19.590000	6.58	0.68	G0III	-0.036	-0.010
3388		128.332917	-38.371111	6.49	-0.18	B2.5V	0.000	-0.007
3389		128.409583	-38.848889	5.96	-0.14	B5III	-0.034	0.006
3390		128.376667	-46.971111	6.24	1.56	K3III	0.011	-0.009
3391	3Pi 1UMa	129.798750	+65.020833	5.64	0.62	G1.5Vb	-0.024	0.088
3392		128.853750	+2.743611	6.33	1.02	G9III	-0.006	0.007
3393		126.082500	-80.914167	5.69	1.02	G8III	-0.149	0.216
3394		129.032083	+15.313611	6.32		F0IV	0.008	-0.024
3395		128.962500	+6.620000	5.99	0.52	F8V	-0.128	-0.143
3396		128.963750	+6.622500	7.25	0.71	G5V	-0.128	-0.143
3397		128.632083	-32.598611	6.43	0.75	G5IV-V	-0.044	-0.133
3398	3 Hya	128.867500	-7.982222	5.72	-0.03	A1pSrCrEu	-0.020	0.013
3399		128.622083	-37.611389	6.30	1.56	K5III	-0.007	0.001
3400		129.592500	+53.401389	5.66	0.96	G8IV	-0.078	-0.017
3401		129.792500	+59.939444	6.48		A2Vn	-0.019	-0.033
3402		128.870000	-26.843611	5.96	0.37	A1V+G-KIII	-0.022	0.014
3403	4Pi 2UMa	130.053333	+64.327778	4.60	1.17	K1+IIIb	-0.060	0.023
3404		128.802500	-39.970000	6.47	0.58	G1V	0.087	0.053
3405		129.750000	+52.925000	6.42		K0	-0.022	-0.032
3406	36 Cnc	129.274167	+9.655556	5.88	0.09	A3V	-0.029	-0.003
3407		128.681667	-49.944167	5.01	1.33	K1-2II	-0.012	0.016
3408		129.823333	+52.711667	5.91	1.17	gK1	-0.029	-0.028
3409		129.579167	+32.801944	5.94	1.12	gK2	-0.024	-0.010
3410	4Del Hya	129.414167	+5.703611	4.16	0.00	A1Vnn	-0.066	-0.007
3411		129.362917	-4.933611	6.19	1.05	K0	-0.006	0.021
3412	37 Cnc	129.521667	+9.574722	6.53	-0.02	A1V	-0.039	-0.007
3413		128.967083	-50.970000	5.80	-0.13	B8Si	-0.004	-0.004
3414		128.831667	-58.009167	4.86	1.00	K0III	0.042	0.022
3415		128.814167	-58.225000	5.26	-0.14	B3V+B3Vn	-0.032	0.006
3416		129.584583	-6.662500	6.51	0.44	A1V+G	0.000	-0.005
3417		128.175833	-73.356667	6.12	0.95	G8III	-0.038	0.082
3418	5Sig Hya	129.689167	+3.341389	4.44	1.21	K1+III	-0.018	-0.018
3419		129.373750	-33.745833	6.48	0.33	F0IV-V	-0.021	-0.046
3420	Eta Pyx	129.467500	-26.255000	5.27	-0.04	A0V	-0.020	-0.006
3421		129.332917	-40.147500	6.55	0.60	G4IV-V	-0.308	0.033
3422	34 Lyn	130.254583	+45.833889	5.37	0.99	G8IV	0.025	0.092
3423		130.076250	+31.941944	6.10		F5III	-0.035	-0.028
3424		129.852500	+8.017222	6.45	1.08	K1III	-0.025	-0.037
3425		129.667917	-19.736944	6.33	1.59	K5III	0.014	0.006
3426		129.411250	-42.989167	4.14	0.11	A6II	-0.006	0.008
3427	39 Cnc	130.026667	+20.007778	6.39	0.98	G8III	-0.036	-0.015
3428		130.092083	+19.670000	6.44	1.02	G9III	-0.035	-0.017
3429	41Eps Cnc	130.112500	+19.545000	6.30	0.17	A8Vn	-0.039	-0.006
3430		129.783333	-22.661944	5.05	0.73	G6IV	-0.235	0.436
3431	6 Hya	130.006250	-12.475278	4.98	1.42	K4III	-0.081	-0.002
3432		129.328333	-62.853611	5.47	1.02	K0III	-0.008	-0.025
3433	Zet Pyx	129.927083	-29.561111	4.89	0.90	G4III	-0.020	-0.089
3434		129.842083	-36.606944	6.13	0.42	F1IV	-0.171	0.040
3435		129.687083	-53.090556	6.47	-0.10	B8Vn	-0.009	0.013
3436		130.750833	+46.901111	6.22	0.96	G8III	-0.039	-0.045
3437		130.256667	-9.051944	6.63	-0.02	A1Vn	-0.033	0.002
3438	Bet Pyx	130.025833	-35.308333	3.97	0.94	G7Ib-II	0.012	-0.022
3439		130.080417	-40.264167	5.20	-0.01	B9V	-0.044	-0.004
3440		129.849167	-53.439722	5.48	-0.16	B5V	-0.029	0.019
3441	9 Hya	130.430417	-15.943333	4.88	1.06	G9.5III	0.001	-0.098
3442		129.990000	-53.055000	5.19	-0.14	B4IV	-0.022	0.012
3443		129.805000	-60.317222	6.36	0.00	A0V	-0.032	0.026
3444		130.147083	-45.191389	5.71	1.65	M0III	0.013	-0.003
3445		130.156667	-46.648889	3.84	0.71	F3Ia	0.000	0.003
3446		130.540833	-11.966111	6.45	0.16	A5m	-0.031	-0.022
3447		130.073333	-52.921944	3.62	-0.18	B3IV	-0.022	0.019
3448		130.072500	-53.015278	5.61	-0.14	B7Vn	-0.029	0.030
3449	43Gam Cnc	130.821250	+21.468611	4.66	0.02	A1IV	-0.106	-0.039
3450	45 Cnc	130.801250	+12.680833	5.64	0.39	A3V+G0III	-0.012	0.002
3451		131.042083	+36.918056	6.33		F7V	-0.034	-0.094
3452		130.304583	-47.316944	4.77	0.12	A5II	-0.012	0.007
3453		130.272083	-48.922500	5.90	-0.21	B1.5V	-0.005	0.007
3454	7Eta Hya	130.806250	+3.398611	4.30	-0.20	B3V	-0.019	-0.001
3455		130.181667	-57.545278	6.34	0.20	A3V	-0.015	0.025
3456		130.487083	-45.410833	5.23	0.21	B6Iae	-0.003	-0.002
3457		130.154167	-59.761111	4.33	-0.11	B1.5III	-0.001	0.000
3458		130.998750	+4.334722	6.37	-0.06	B9.5III-IV	-0.032	-0.005
3459		130.918333	-7.233611	4.62	0.84	G1Ib	-0.002	0.003
3460	The Vol	129.771667	-70.386944	5.20	0.01	A0V	0.018	-0.040
3461	47Del Cnc	131.171250	+18.154167	3.94	1.08	K0III-IIIb	-0.018	-0.228
3462		130.566667	-48.099167	5.51	-0.18	B1.5Vn	-0.024	-0.008
3463		130.737500	-35.943333	6.42	0.02	A0V	0.000	0.018
3464	46 Cnc	131.339167	+30.697778	6.13	0.94	G5III	-0.002	-0.006
3465	49 Cnc	131.187500	+10.081667	5.66	-0.11	A1pEuCr	-0.016	-0.019
3466		130.578750	-53.100000	5.52	-0.15	B8Si	-0.029	0.023
3467		130.606250	-53.113889	4.86	-0.17	B3IV	-0.015	0.022
3468	Alp Pyx	130.897917	-33.186389	3.68	-0.18	B1.5III	-0.011	0.011
3469	10 Hya	131.255417	+5.680556	6.13	0.20	A6V	-0.001	-0.005
3470		132.205833	+66.708056	6.20	-0.11	B8V	-0.011	-0.039
3471		130.587083	-55.774167	6.29	1.18	K2III	-0.072	0.053
3472		131.336667	-2.600833	6.41	0.52	F2IV	0.005	-0.006
3473		131.230000	-21.167778	6.11	0.22	A5V	-0.020	0.001
3474	48Iot Cnc	131.666667	+28.765278	6.57	0.04	A3V	-0.018	-0.041
3475	48Iot Cnc	131.674167	+28.760000	4.02	1.01	G7.5IIIaBa0.1	-0.025	-0.042
3476		130.917917	-49.822778	5.16	-0.20	B0IIIn	0.002	0.004
3477		131.100000	-42.649167	4.07	0.87	G5III	-0.012	0.018
3478		131.510417	-2.048889	5.70	1.10	gK0	0.043	0.042
3479		131.216250	-37.147222	5.76	-0.15	B2III	-0.008	0.001
3480		131.528750	-11.006389	6.25	1.61	K5III	-0.018	0.027
3481	50 Cnc	131.733333	+12.110000	5.87	0.11	A1V	-0.068	-0.052
3482	11Eps Hya	131.694167	+6.418889	3.38	0.68	G5III	-0.189	-0.051
3483		131.455417	-25.387500	6.10	0.08	A2V:	-0.029	0.032
3484	12 Hya	131.593750	-13.547778	4.32	0.90	G8-IIIFe-1	0.016	-0.011
3485	Del Vel	131.175833	-54.708333	1.96	0.04	A1V	0.023	-0.078
3486		131.812500	-1.897222	5.29	0.04	A3V	-0.033	0.004
3487		131.507083	-46.041667	3.91	0.00	A1III	-0.001	0.000
3488		131.599167	-41.125556	6.21	-0.05	B9Ve	-0.018	-0.001
3489		131.272083	-58.725000	6.21	-0.09	B7III	-0.031	-0.020
3490		131.705000	-34.622778	6.37	-0.13	B4V	-0.021	0.007
3491		130.976250	-68.211667	6.32	1.50	K3III:	0.001	0.027
3492	13Rho Hya	132.108333	+5.837778	4.36	-0.04	A0Vn	-0.017	-0.034
3493		132.020417	-6.558611	6.09	1.28	K0	0.012	-0.021
3494		131.627500	-45.912778	5.46	0.27	B3Ia	0.006	-0.012
3495		131.125000	-65.825556	6.05	0.20	A4V	-0.062	0.101
3496		131.828750	-46.155556	5.75	0.56	F2Iab	0.003	-0.008
3497		131.918750	-41.737222	6.36	0.58	G0Ia-0:	0.000	-0.242
3498		131.677083	-56.769722	4.49	-0.17	B3Vne	-0.010	0.008
3499		132.634167	+33.285278	6.25	0.49	F7Vn	-0.067	-0.081
3500	14 Hya	132.340417	-3.443056	5.31	-0.09	B9pHgMn	-0.020	-0.023
3501		132.036667	-42.463889	6.43	-0.20	B2IV-V	-0.003	-0.009
3502	Eta Cha	130.331250	-78.963333	5.47	-0.10	B8V	-0.031	0.026
3503		132.000833	-52.850556	6.30	-0.10	B8V	-0.026	0.007
3504		132.687917	+18.832222	6.16	-0.01	A2V s	-0.015	-0.020
3505	5 UMa	133.344167	+61.962222	5.73	0.28	F2III	-0.010	0.020
3506		133.274583	+59.056111	6.25		F5IV-V	0.014	0.003
3507		132.437083	-21.048611	6.47	0.23	A7Vn	0.006	-0.064
3508	35 Lyn	132.986667	+43.726667	5.15	0.98	K0III	-0.015	0.048
3509		133.048333	+45.312500	5.99	1.26	K0III	-0.026	-0.037
3510	54 Cnc	132.756250	+15.350556	6.38	0.64	G1V	-0.112	0.075
3511		133.041667	+42.002500	5.99	1.25	K0III	-0.039	-0.071
3512		132.464583	-32.780556	5.21	0.87	G5III	0.002	-0.049
3513		132.509167	-29.463056	5.87	0.95	G8III	-0.014	0.007
3514		132.413333	-40.320556	5.48	0.06	A2/3IV	-0.008	-0.014
3516		132.590000	-28.618056	6.17	-0.08	B9V	-0.021	-0.022
3517		132.468333	-39.141667	6.39	0.23	A5III	-0.058	0.038
3518	Gam Pyx	132.632917	-27.710000	4.01	1.27	K3-III	-0.130	0.087
3519	51Sig1Cnc	133.144167	+32.474167	5.66	0.22	A8Vma s	-0.003	0.016
3520		132.448750	-45.308056	4.93	0.05	A2III	-0.010	0.010
3521	53 Cnc	133.119167	+28.259167	6.23	1.62	M3III	-0.017	-0.004
3522	55Rho1Cnc	133.149167	+28.330833	5.95	0.87	G8V	-0.484	-0.234
3523	15 Hya	132.893750	-7.177222	5.54	0.15	A4m	-0.044	0.001
3524		130.801667	-79.069722	6.05	0.23	A5V+A7V	-0.029	0.040
3525		132.587500	-42.090000	6.00	-0.10	B1-2III	-0.011	-0.007
3526		133.100833	+5.340000	6.33	0.12	A5V	-0.004	-0.015
3527		132.639583	-46.529167	5.10	-0.21	B0III	-0.001	-0.002
3528		133.482083	+35.538333	6.14	0.04	A4III	-0.024	-0.017
3529		133.127917	-13.233611	6.13	1.14	K0	0.025	-0.019
3530		132.866250	-42.504444	6.55	0.04	A1Vn	-0.022	0.027
3531	6 UMa	134.156250	+64.603889	5.58	0.86	G7IIIFe-0.5	-0.026	-0.081
3532	57 Cnc	133.561250	+30.579444	5.39	1.05	G7III	0.038	-0.019
3533		133.108750	-32.509167	6.50	1.46	K2/3III	-0.008	-0.006
3534		133.160833	-36.545556	6.42	0.56	G8III+A3-5V	-0.015	-0.017
3535		133.200000	-38.724167	5.82	1.50	M0III	-0.001	0.013
3536		132.902500	-57.633611	5.59	-0.11	B8III	-0.011	0.014
3537		132.645000	-66.793056	5.35	0.42	F5IV	0.089	0.097
3538		133.574583	-5.434444	6.00	0.67	G2V	-0.416	0.031
3539		133.160833	-48.359167	5.91	-0.15	B3Vn	-0.009	-0.006
3540	58Rho2Cnc	133.915417	+27.927500	5.22	1.00	G8II-III	-0.010	-0.030
3541		133.845417	+17.231389	6.64	3.36	C6II	0.001	0.009
3542		133.170000	-52.129167	6.39	0.00	A0V	-0.019	0.005
3543		131.480000	-79.504444	5.79	1.60	K5III	-0.029	0.085
3544		132.459583	-72.550833	6.11	0.20	Am	-0.001	0.025
3545		134.208333	+45.631944	5.74	1.09	K1IV	-0.126	-0.034
3546		134.127083	+40.201667	5.89	0.35	F3III	-0.083	-0.033
3547	16Zet Hya	133.848333	+5.945556	3.11	1.00	G9II-III	-0.099	0.014
3548		133.461250	-40.447500	6.47	0.96	K0II-III+A5	-0.006	0.007
3549		133.265833	-56.649444	6.03	-0.02	A0V	-0.017	0.033
3550	60 Cnc	133.981667	+11.626111	5.41	1.46	gK5	-0.010	-0.010
3551		133.461250	-47.520833	5.33	0.26	A9IV-V	0.006	-0.028
3552	17 Hya	133.872917	-7.970278	6.91		A7m	-0.001	-0.038
3553	17 Hya	133.873333	-7.971111	6.67	0.22	A2m	0.002	-0.024
3554		133.801667	-18.241389	5.75	1.32	K2-3III	0.020	0.004
3555	59Sig2Cnc	134.235833	+32.910278	5.45	0.12	A7IV	-0.048	-0.068
3556	Del Pyx	133.881250	-27.681944	4.89	0.11	A3IV	0.079	-0.102
3557		134.153750	+4.236667	6.14	1.00	G8II-III	-0.020	0.005
3558		134.284167	+17.143889	6.17	1.00	K1III	-0.044	-0.025
3559		133.982917	-23.818333	6.39	0.16	A7V:n	-0.040	0.038
3560		133.452917	-60.354167	5.78	-0.08	B5III	-0.007	0.002
3561	62Omi1Cnc	134.312083	+15.322778	5.20	0.15	A5III	0.056	0.017
3562		133.830417	-45.041667	6.26	-0.16	B3IV	0.002	0.008
3563	61 Cnc	134.494583	+30.233611	6.29	0.43	F6V	0.055	0.024
3564		134.142083	-16.709444	5.96	1.54	K0	-0.010	-0.047
3565	63Omi2Cnc	134.396667	+15.581389	5.67	0.20	F0IV	0.058	0.029
3566		134.614583	+35.802500	6.51	-0.01	A2V	0.008	-0.011
3567		134.425000	+9.387778	6.19	0.98	G8III	-0.002	-0.007
3568		133.725000	-58.240000	6.38	-0.11	B5V	-0.022	0.002
3569	9Iot UMa	134.801667	+48.041667	3.14	0.19	A7IV	-0.444	-0.226
3570		133.799583	-54.965556	5.71	0.48	F6V	0.037	-0.082
3571		133.761667	-60.644722	3.84	-0.10	B8-9II	-0.021	0.038
3572	65Alp Cnc	134.621667	+11.857778	4.25	0.14	A5m	0.034	-0.031
3573		134.534167	+1.541667	6.59	0.06	A2V	-0.040	-0.005
3574		134.080833	-52.723611	4.69	-0.12	B5V	0.000	0.007
3575	64Sig3Cnc	134.885833	+32.418611	5.20	0.93	G8III	-0.045	-0.035
3576	8Rho UMa	135.636250	+67.629722	4.76	1.53	M3III-IIIbCa1	-0.021	0.019
3577		134.795000	+18.134722	6.38	1.55	M4III	-0.044	-0.068
3578		134.682917	-16.132778	5.86	0.53	F6V	0.246	0.212
3579		135.160000	+41.782778	3.97	0.44	F5V	-0.440	-0.246
3580		135.128333	+37.604444	6.44		K5	-0.007	0.000
3581		138.838333	+84.181111	6.33	0.30	F2III	0.027	0.015
3582		134.243333	-59.229444	4.92	-0.19	B2IV-V	-0.009	0.007
3583		134.482500	-48.573333	5.87	1.07	G8-K0II	0.004	-0.004
3584		134.916250	-19.208056	6.18	0.46	F6V	-0.051	-0.098
3585		134.815417	-28.806111	6.25	1.00	G8III	-0.061	0.015
3586		135.419167	+39.713333	6.36	0.30	A9Vn	-0.053	-0.079
3587	66 Cnc	135.350417	+32.252500	5.82	0.00	A2V	-0.004	0.003
3588		134.717917	-47.234722	5.18	0.25	Am	-0.086	0.054
3589	67 Cnc	135.453750	+27.902778	6.07		A8Vn	-0.056	-0.076
3590		135.380833	+5.640833	6.07	1.11	K1II-III+F3IV	-0.028	-0.007
3591		135.022500	-41.253889	4.45	0.65	G8-K1III+A	-0.039	0.045
3592		136.001667	+54.283889	5.75	0.02	A2V	-0.003	0.004
3593		135.092500	-43.173333	6.07	-0.16	B2.5Vn	-0.015	0.019
3594	12Kap UMa	135.906250	+47.156667	3.60	0.00	A1Vn	-0.033	-0.054
3595	69Nu Cnc	135.684583	+24.452778	5.45	-0.04	A0pSi	-0.005	-0.006
3596		135.491667	-0.482778	5.67	1.15	K0III	-0.048	0.069
3597		135.297500	-26.663889	6.20	1.13	K1IIICNII	0.026	-0.056
3598		134.850417	-59.083611	5.16	0.42	F3V	-0.174	0.280
3599		135.686667	+7.298056	5.85	1.11	gK3	-0.016	-0.005
3600		135.336667	-41.864444	5.55	-0.14	B5V	-0.023	0.005
3601	70 Cnc	136.041250	+27.898333	6.38	0.00	A1V	0.001	-0.002
3602		135.526667	-39.402500	6.27	1.00	K1III-IV	-0.037	0.023
3603		136.350417	+48.530278	5.95	0.45	F6II-III	-0.012	-0.016
3604		135.190417	-60.963889	5.79	1.21	G8II	-0.006	0.000
3605		135.435833	-52.188333	5.23	-0.12	B9Si	-0.007	0.018
3606		136.230000	+32.376944	6.46	0.24	A8V	-0.043	-0.058
3607		135.786667	-25.504444	6.74	-0.03	B8	-0.014	-0.006
3608		136.679583	+59.344444	6.45	0.04	A2V	-0.014	-0.010
3609	11Sig1UMa	137.098333	+66.873333	5.14	1.51	K5III	-0.018	-0.038
3610		135.285417	-68.683889	5.88	1.63	M1III	0.012	0.005
3611		135.771667	-53.549722	6.40	-0.09	B6V	-0.024	0.030
3612		136.632500	+38.452222	4.56	1.04	G7Ib-II	-0.028	-0.014
3613	18Ome Hya	136.493333	+5.092222	4.97	1.22	K2II-III	-0.018	-0.010
3614		136.038750	-47.097778	3.75	1.20	K2III	-0.044	-0.013
3615	Alp Vol	135.611667	-66.396111	4.00	0.14	A2-3IVm	-0.002	-0.096
3616	13Sig2UMa	137.596667	+67.134722	4.80	0.49	F6IV	-0.020	-0.074
3617		136.862083	+22.981111	6.40		F4V	-0.168	0.009
3618		136.749583	+1.462778	6.17	1.65	M1III	-0.011	-0.015
3619	15 UMa	137.217917	+51.604722	4.48	0.27	F0IVm vs	-0.137	-0.030
3620		137.017083	+32.540556	6.50	0.36	F2V	-0.084	-0.017
3621	72Tau Cnc	137.000417	+29.654167	5.43	0.89	G8III	-0.032	0.002
3622		136.200000	-57.852500	6.44	0.25	A8III	-0.026	0.025
3623	76Kap Cnc	136.936667	+10.668056	5.24	-0.11	B8IIIpMn	-0.020	-0.010
3624	14Tau UMa	137.729583	+63.513611	4.67	0.35	F3-4IIIm vs	0.098	-0.056
3625		137.212917	+33.882222	5.93	0.60	F9V	-0.187	-0.114
3626	75 Cnc	137.197083	+26.629167	5.98	0.66	G5IV-V	-0.136	-0.368
3627	77Xi Cnc	137.339583	+22.045556	5.14	0.97	G9IIIFe-1CH-0.5	0.001	0.005
3628	Kap Pyx	137.012083	-25.858333	4.58	1.59	K4III	0.041	0.008
3629		136.641667	-55.803333	6.11	-0.15	B2IV-V	-0.012	-0.023
3630	19 Hya	137.175833	-8.589444	5.60	-0.06	B9.5III	-0.019	-0.002
3631		136.811250	-51.211944	6.73	1.62	K4III	-0.004	0.000
3632		136.531667	-64.499722	6.37	1.35	K3III	0.020	0.029
3633		138.513333	+71.655833	6.55	0.96	G8III-IV	-0.028	-0.038
3634	Lam Vel	136.999167	-43.432500	2.21	1.66	K4.5Ib-II	-0.019	0.013
3635		137.443333	+11.564444	6.48	0.34	F2Vp	-0.045	-0.062
3636		137.297917	-12.357778	5.77	0.94	G6III	0.019	0.003
3637		137.181250	-26.767778	6.15	0.17	A4IV	-0.045	0.009
3638		137.267917	-18.328611	5.73	0.00	A2Vn	-0.052	0.009
3639		137.661250	+30.963056	5.95	1.67	M6IIIase	-0.021	-0.034
3640	79 Cnc	137.587083	+21.996389	6.01	0.90	G5III	0.005	0.006
3641	20 Hya	137.397917	-8.787778	5.46	1.01	G8II	-0.019	-0.010
3642		136.409583	-70.538889	4.71	-0.15	B2IVe	-0.008	-0.005
3643		136.286667	-72.602778	4.48	0.61	F9II	-0.013	-0.005
3644	Eps Pyx	137.485000	-30.365278	5.59	0.19	A4IV-V	0.002	-0.048
3645		138.969167	+72.946111	5.96	0.18	F0III	-0.085	-0.063
3646		137.595833	-23.176667	6.53	0.00	A1-2V:	-0.029	0.010
3647		137.437917	-49.424722	6.48	0.17	A9Vn	0.014	-0.041
3648	16 UMa	138.585833	+61.423333	5.13	0.58	F9V	-0.006	-0.030
3649		137.981667	+5.468333	6.35	0.32	A9IVDel Del	-0.101	-0.025
3650	81Pi 1Cnc	138.073333	+14.996111	6.51	0.73	G9V	-0.522	0.248
3651		138.053750	+3.867222	6.14	-0.01	A0Vp	-0.044	-0.001
3652	36 Lyn	138.450833	+43.217778	5.32	-0.14	B8IIIpMn	-0.028	-0.032
3653		137.994583	-19.747778	5.73	0.98	G9III	-0.057	0.046
3654		137.768333	-44.868056	5.00	0.23	B5Ia	-0.001	0.002
3655	21 Hya	138.108333	-7.109722	6.11	0.22	A3III:m+A0V:	-0.016	0.019
3656		137.920833	-39.258889	6.00	-0.11	B6V	-0.010	0.006
3657		138.405417	+21.283333	6.48	0.02	A2V	-0.016	-0.008
3658		137.888333	-46.583889	5.79	-0.21	B2III/IV	-0.018	0.010
3659		137.741667	-58.966944	3.44	-0.19	B2IV-V	-0.026	0.008
3660	17 UMa	138.957917	+56.741389	5.27	1.56	K5III	-0.016	-0.031
3661		138.127500	-43.613611	5.57	-0.11	B8Vp:Si:	-0.012	0.002
3662	18 UMa	139.047083	+54.021944	4.83	0.19	A5V	0.049	0.061
3663		137.819167	-62.317222	3.97	-0.18	B3III	-0.043	0.009
3664		138.809583	+34.633611	5.97	0.86	G6III	-0.148	0.053
3665	22The Hya	138.591250	+2.314167	3.88	-0.06	B9.5V	0.129	-0.310
3666		139.982500	+74.016389	6.50		G8III	-0.037	-0.067
3667		138.357917	-38.616389	6.31	0.00	A0V	0.008	-0.012
3668		138.327500	-42.273611	6.29	1.25	K2III	-0.017	0.054
3669	82Pi 2Cnc	138.807500	+14.941389	5.34	1.32	K1III	-0.044	-0.012
3670		138.393750	-47.338611	5.92	-0.05	B9Ve	-0.016	0.003
3672		138.534167	-44.145833	5.85	-0.12	B5/6IV/V	-0.019	0.014
3673		138.231667	-59.414444	5.54	0.85	G6II	0.000	0.000
3674		138.602083	-43.227500	5.25	-0.14	B4V	-0.021	0.010
3675		138.853750	-15.024722	6.35	0.02	A0V	-0.026	-0.014
3676		139.380000	+46.817222	5.97	0.04	A1V	0.017	0.014
3677		138.738333	-37.602500	5.86	0.83	G0V	0.011	-0.013
3678	Zet Oct	134.171250	-85.663056	5.42	0.31	A8-9IV	-0.117	0.037
3679		138.575000	-55.569722	5.27	0.99	G8II-III	-0.035	0.027
3680		138.810833	-45.555556	6.25	-0.08	B8V	-0.003	-0.010
3681	23 Hya	139.173750	-6.353056	5.24	1.17	K2III	0.024	0.006
3682		138.902917	-38.570000	4.94	1.11	K0III	-0.068	-0.013
3683	24 Hya	139.172083	-8.744722	5.47	-0.09	B9III	-0.020	0.004
3684		138.937917	-37.413333	4.62	0.45	F5III	0.026	-0.010
3685	Bet Car	138.300000	-69.717222	1.68	0.00	A2IV	-0.162	0.108
3686		139.608333	+35.364167	5.75		A8V	-0.041	-0.024
3687		139.281250	-14.573611	5.84	1.06	gK0	-0.048	0.012
3688		139.017500	-44.898611	6.04	0.28	A1Ib	0.017	0.009
3689		139.464167	+11.501111	6.41	0.07	A2IV	-0.012	-0.003
3690	38 Lyn	139.711250	+36.802500	3.82	0.06	A3V	-0.030	-0.122
3691		138.822917	-58.388611	6.02	-0.10	B7IV	-0.022	-0.006
3692		139.096250	-44.265833	5.12	1.67	K3Ib	0.002	-0.001
3693		138.895833	-57.578056	6.32	1.04	G8II	0.003	-0.003
3694		139.238333	-39.401389	5.33	1.17	K5III-IV	-0.009	-0.031
3695		138.051250	-76.663056	6.14	1.09	K1III	0.031	-0.044
3696		139.050833	-57.541389	4.34	1.63	M1III	-0.014	-0.007
3697		140.182500	+51.266111	6.13	0.42	F3V	-0.035	0.150
3698		140.430417	+56.699167	5.47	1.61	M4IIIa	-0.010	-0.008
3699	Iot Car	139.272500	-59.275278	2.25	0.18	A8Ib	-0.020	0.008
3700		139.426250	-54.495278	6.33	1.41	K3III	-0.018	-0.004
3701		140.247083	+38.188333	6.12	0.38	F2V+F4V	-0.044	-0.013
3702		139.890417	-11.314167	6.62	0.08	A2V s	-0.084	0.036
3703		139.524167	-51.051111	5.26	-0.07	B7-8III	-0.023	0.008
3704		139.888333	-15.834444	5.78	1.29	K4III	0.052	-0.046
3705	40Alp Lyn	140.263750	+34.392500	3.13	1.55	K7IIIab	-0.221	0.019
3706	26 Hya	139.943333	-11.975000	4.79	0.93	G8III	-0.030	0.015
3707		140.363333	+32.901944	6.16	1.09	K3III	0.011	-0.035
3708		139.675833	-51.560556	5.87	0.54	B6Iae	-0.014	0.000
3709	27 Hya	140.120833	-9.555833	4.80	0.93	G8III-IV+F5V	-0.014	-0.029
3710		139.949583	-34.103333	6.39	-0.10	B8V	-0.010	-0.007
3711		140.314167	+15.371111	6.53	-0.01	A1V	-0.036	-0.015
3712		139.321667	-68.689444	5.39	0.42	F4V	-0.109	-0.020
3713		139.465417	-67.050833	6.11	1.26	K2III	-0.003	0.014
3714		140.231250	-15.617778	6.33	0.46	dF6	0.065	-0.107
3715		140.184167	-31.760556	6.82	0.00	B9.5V	-0.034	-0.011
3716		140.123333	-37.581389	6.05	1.39	K3/4III	-0.017	-0.018
3717		139.885833	-55.186667	6.28	-0.10	B5V	-0.004	0.000
3718	The Pyx	140.373333	-25.965556	4.72	1.63	M1III	-0.011	-0.008
3719		141.965000	+75.098333	6.29	0.07	A5V s	-0.014	0.015
3720		139.355833	-74.894444	5.29	0.02	A1V	-0.015	0.030
3721		139.364167	-74.734722	5.86	-0.02	A0V	-0.041	0.033
3722		141.434167	+63.940833	6.28	1.46	K2III	-0.008	-0.041
3723		140.882500	+25.183056	6.41	0.82	G5IV	-0.121	0.005
3724		140.712083	-9.838889	6.53	0.22	A5pSrCrEu	-0.027	-0.021
3725		141.232083	+51.573889	6.31	0.75	G2III	0.041	-0.005
3726		140.462083	-42.195000	5.58	1.63	M1III	0.053	-0.060
3727		141.093750	+36.586944	6.67	0.21	F0V	-0.068	-0.024
3728		140.236667	-62.404722	4.81	0.94	G6III	-0.013	0.002
3729		140.652917	-39.774722	6.54	1.13	K1III	-0.063	0.074
3730		140.600000	-46.047500	5.75	0.92	G6-8III	0.004	0.027
3731	1Kap Leo	141.163750	+26.182222	4.46	1.23	K2III	-0.033	-0.048
3732		140.458333	-55.515000	5.63	0.19	A3IV s:	-0.065	0.060
3733	Lam Pyx	140.801250	-28.833889	4.69	0.92	G8.5IIICN-1.5*	-0.123	0.019
3734	Kap Vel	140.528333	-55.010833	2.50	-0.18	B2IV-V	-0.008	0.009
3735		140.936667	-37.757222	6.48	0.18	A1mA5-F0	-0.083	0.017
3736		141.385417	+16.585556	6.29	0.97	gG9	-0.084	-0.025
3737		141.067917	-39.425833	6.06	0.20	A7V:	0.012	-0.036
3738	28 Hya	141.350000	-5.117500	5.59	1.52	K5III	-0.012	-0.008
3739		140.997917	-51.737222	6.08	0.57	A7Iab	0.013	-0.002
3740		140.864167	-60.302500	6.30	1.48	K1-2II-III	-0.005	-0.004
3741		141.592917	-1.463889	6.01	1.32	K2IIIb	-0.001	-0.003
3742		141.023750	-61.648889	5.99	1.06	K0III	0.016	-0.051
3743		142.166667	+45.601389	5.41	0.98	K0III-IV	-0.007	-0.128
3744	29 Hya	141.810833	-9.223611	6.54	0.05	A2V	-0.029	0.001
3745		141.686667	-28.787500	6.10	-0.10	B6Ve	-0.027	-0.001
3746		141.618750	-40.501944	6.20	0.25	A7III	0.025	0.002
3747		142.448333	+55.745556	6.45		F3V s	-0.132	-0.033
3748	30Alp Hya	141.896667	-8.658611	1.98	1.44	K3II-III	-0.014	0.033
3749		141.826667	-22.343889	4.69	1.14	K2.5III	0.180	-0.161
3750		141.945000	-6.071111	5.38	0.64	G2V	-0.224	-0.074
3751		144.271667	+81.326389	4.29	1.48	K3IIIa	-0.019	-0.014
3752		141.362917	-61.950278	5.77	0.15	A4V	-0.129	0.061
3753		141.575417	-53.379167	5.11	-0.11	B6V	-0.008	0.000
3754	2Ome Leo	142.114583	+9.056667	5.41	0.60	F9V	0.055	-0.004
3755	3 Leo	142.121667	+8.188333	5.71	1.04	K0III	-0.027	-0.030
3756		141.910000	-35.007778	6.65	0.20	A3	-0.028	-0.031
3757	23 UMa	142.882083	+63.061944	3.67	0.33	F0IV	0.109	0.028
3758		142.259167	-1.256944	6.27	0.27	F0Vn	-0.073	0.001
3759	31Tau1Hya	142.287083	-2.768889	4.60	0.46	F6V	0.130	-0.015
3760		142.352083	-2.205278	6.14	0.22	F0III	-0.046	-0.003
3761		141.684167	-64.929722	6.05	0.15	A3Vn	-0.056	0.063
3762		142.385000	-4.247222	6.26	0.84	G6IV	-0.029	-0.080
3763		142.302500	-20.748611	5.66	1.60	M1III	-0.017	0.022
3764	7 LMi	142.680000	+33.655556	5.85	1.05	gG8	-0.020	-0.049
3765	Eps Ant	142.311250	-35.951389	4.51	1.44	K3IIIa	-0.022	0.001
3766		142.317917	-38.403889	6.19	0.22	A7Vn	-0.085	-0.013
3767		142.457917	-23.345278	6.24	1.57	K0	-0.002	-0.003
3768	22 UMa	143.723333	+72.205556	5.72	0.48	F7V	0.075	-0.077
3769	8 LMi	142.885000	+35.103056	5.37	1.53	M1IIIab	-0.056	-0.102
3770		142.477083	-26.589722	5.48	1.36	K3III	-0.022	0.002
3771	24 UMa	143.620417	+69.830278	4.56	0.77	G4III-IV	-0.063	0.077
3772		142.594167	-15.577222	5.85	1.20	gK3	-0.066	-0.063
3773	4Lam Leo	142.930000	+22.968056	4.31	1.54	K5III	-0.021	-0.033
3774		144.028333	+74.317778	6.46	-0.10	B9V	-0.016	-0.070
3775	25The UMa	143.214167	+51.677222	3.17	0.46	F6IV	-0.954	-0.531
3776		142.195833	-62.273056	5.92	1.10	K1III	-0.076	0.031
3777		141.776667	-71.602222	5.47	1.08	K2III	-0.102	0.075
3778		143.280000	+49.438611	6.76		A4V	-0.024	0.009
3779	6 Leo	142.990000	+9.715833	5.07	1.37	K2.5IIIbFe-0.5	-0.003	-0.013
3780	Zet1Ant	142.689167	-31.891389	7.00	0.09	A2V	-0.013	-0.026
3781	Zet1Ant	142.692083	-31.889444	6.18	0.03	A0V	0.028	-0.028
3782	5Xi Leo	142.986250	+11.299722	4.97	1.05	K0-III-IIIb	-0.094	-0.082
3783		142.127500	-66.701944	5.91	0.01	A0V	-0.033	0.047
3784		142.521667	-51.517222	5.45	-0.10	B8V	-0.004	0.009
3785		142.912083	-10.552222	6.14	0.24	F0Vn	0.014	-0.020
3786	Psi Vel	142.675000	-40.466667	3.60	0.36	F3IV+F0IV	-0.182	0.073
3787	32Tau2Hya	142.995417	-1.185000	4.57	0.10	A3V	-0.012	-0.011
3788		142.982500	-10.370556	6.13	1.19	K0	-0.086	0.010
3789	Zet2Ant	142.884167	-31.871944	5.93	0.26	A9IV	-0.039	0.001
3790		142.887083	-35.715000	5.87	1.29	K4III	0.143	-0.177
3791	9 LMi	143.376250	+36.486944	6.18	1.27	gK4	0.031	-0.035
3792		143.326250	+28.368056	6.53	0.12	A3Vnn	-0.044	-0.034
3793		142.597500	-58.361667	5.88	1.70	M2III	-0.031	0.028
3794		143.172500	+1.864167	6.11	0.62	F7IV-V	-0.020	-0.038
3795	Iot Cha	141.037917	-80.786944	5.36	0.45	F3-5IV	-0.146	0.140
3796		143.085000	-19.400278	5.74	0.14	A5V	-0.036	0.010
3797		143.581667	+46.902222	6.52	0.22	F0V	-0.062	-0.008
3798		143.077083	-28.628056	6.46	0.33	A9V	-0.072	0.039
3799	26 UMa	143.706250	+52.051389	4.50	0.01	A2V	-0.065	-0.035
3800	10 LMi	143.555833	+36.397500	4.55	0.92	G8.5III	0.006	-0.022
3801		143.258750	-8.505278	6.12	0.98	K0	-0.020	-0.034
3802		143.232500	-13.516944	5.94	1.50	K5III	-0.008	0.003
3803		142.805417	-57.034444	3.13	1.55	K5III	-0.032	0.004
3804		143.496250	+23.453889	6.25	1.46	gK7	-0.052	-0.087
3805		143.333750	-7.190000	6.24	1.17	K0	-0.033	-0.012
3806		144.484167	+73.080556	6.42		F2V+F1V	-0.041	-0.026
3807		143.080417	-40.649444	5.35	0.90	G8III	0.011	-0.012
3808		143.302083	-21.115833	5.01	1.02	K0IV	-0.020	0.015
3809		143.765833	+39.621389	4.81	0.99	G9.5IIIFe-1	-0.030	0.022
3810		143.359167	-22.863889	5.91	0.02	A0Vn	-0.049	0.060
3811		143.843333	+39.963333	6.76	0.35	F2V	-0.016	0.012
3812		143.282500	-39.128889	6.43	0.33	F0IV	-0.029	0.049
3813		142.887083	-66.719444	6.27	1.35	K1III	-0.027	-0.006
3814	33 Hya	143.636250	-5.915000	5.56	1.16	K1III	0.011	-0.059
3815	11 LMi	143.915000	+35.810278	5.41	0.77	G8V	-0.706	-0.241
3816		143.060833	-62.788889	6.10	1.43	M6-7IIIep	-0.036	0.020
3817		143.435417	-49.005000	5.12	-0.12	B4IV	-0.016	0.010
3818	7 Leo	143.970417	+14.379722	6.36	0.01	A1V	-0.038	0.000
3819		143.536667	-51.255278	5.01	-0.18	B1.5IV	-0.003	0.004
3820		144.178750	+31.161667	5.56	1.59	M2IIIa	0.003	-0.039
3821		142.901250	-73.080833	5.47	1.56	K4III	-0.027	0.001
3822		143.890417	-19.583611	6.31	0.06	A2V	-0.038	-0.046
3823		143.799167	-35.823889	6.49	0.42	F7III-IV	-0.072	-0.002
3824		144.866250	+67.272222	5.94	1.52	K5	-0.026	-0.040
3825		143.611250	-59.229444	4.08	0.01	B5II	-0.012	0.014
3826	8 Leo	144.260833	+16.437778	5.69	1.25	gK1	-0.014	-0.006
3827	10 Leo	144.302917	+6.835833	5.00	1.05	K1III	-0.060	0.001
3828		144.140417	-24.702778	6.53	0.38	F2	-0.119	0.060
3829	42 Lyn	144.590417	+40.239722	5.25	0.22	F0V	-0.017	0.006
3830		144.250833	-25.296667	5.70	1.12	gK1	-0.062	0.043
3831		144.105417	-48.751389	6.17	0.27	ApSrEuCr	-0.011	-0.024
3832	34 Hya	144.464583	-9.424444	6.40	-0.04	A1V	-0.062	0.002
3833		144.291250	-32.178611	5.63	1.02	K0III	0.034	-0.020
3834		144.613750	+4.649167	4.68	1.32	K3III	-0.163	-0.051
3835		144.367917	-36.095833	5.98	1.12	K2III	-0.035	-0.001
3836		144.206667	-49.355278	4.35	0.17	A5IV-V	-0.125	0.025
3837		144.192917	-52.944167	6.19	1.05	K0III	-0.120	0.081
3838		145.561667	+69.237500	5.69	1.14	gG9	-0.067	-0.070
3839	27 UMa	145.738333	+72.252500	5.17	1.04	K0III	-0.026	-0.030
3840		144.301250	-53.668611	5.45	0.15	A2-3V	-0.054	-0.017
3841		144.021250	-64.950556	6.56	0.10	A2V	-0.040	0.036
3842		144.506250	-43.191111	5.50	1.00	G8II	0.032	-0.037
3843		146.378333	+78.134722	6.23	1.35	K2III	0.004	0.003
3844		144.669583	-39.614167	6.70	0.49	F5	-0.044	-0.062
3845	35Iot Hya	144.964167	-1.142778	3.91	1.32	K2.5III-IIIbBa0.3	0.049	-0.064
3846	37 Hya	144.947500	-10.570278	6.31	-0.03	A0Vn	-0.024	0.005
3847		146.825000	+79.136667	6.17	0.25	F0V:	-0.031	-0.021
3848		145.083750	-10.769167	6.37	0.08	A2V	-0.004	-0.001
3849	38Kap Hya	145.076667	-14.332222	5.06	-0.15	B5V	-0.027	-0.020
3850		145.396667	+31.278056	5.89	1.60	K6III	0.030	-0.001
3851	43 Lyn	145.501250	+39.757778	5.62	0.95	G8III	-0.050	-0.045
3852	14Omi Leo	145.287500	+9.892222	3.52	0.49	F6II+A1-5V	-0.142	-0.037
3853	13 Leo	145.410417	+25.912778	6.24	1.25	gK2	-0.014	-0.033
3854		145.679583	+48.431111	6.39	-0.01	A1V	-0.030	-0.017
3855		145.779167	+54.363611	6.47	0.13	A5m	-0.035	-0.034
3856		144.837500	-61.328056	4.52	-0.07	B9IV-V	-0.041	0.021
3857	13 LMi	145.677917	+35.093333	6.14	0.36	F3V	-0.021	-0.052
3858		145.320833	-23.591667	4.77	-0.12	B6Ve	-0.028	-0.004
3859		146.152917	+64.983889	6.17		F3Vn	-0.049	0.012
3860	Zet Cha	143.471667	-80.941389	5.11	-0.14	B5V	-0.043	0.007
3861	15 Leo	145.888750	+29.974444	5.64	0.12	A2IV	-0.018	-0.100
3862		145.560000	-23.915556	4.94	0.53	F9IV	-0.395	0.260
3863		145.177083	-57.983611	5.32	0.20	A3IV	-0.034	0.006
3864		145.259167	-57.259722	5.80	1.09	K0-1III	0.081	-0.043
3865	28 UMa	146.480833	+63.653333	6.34	0.31	F2V	-0.012	-0.043
3866	16Psi Leo	145.932917	+14.021667	5.35	1.63	M2IIIab	0.004	-0.003
3867		145.672500	-35.501667	6.41	-0.06	ApSi	-0.014	0.007
3868		145.449167	-55.214167	6.00	-0.13	B4V	-0.018	-0.004
3869		146.125000	+18.863611	6.50		K0	-0.007	-0.054
3870		146.632083	+57.128056	5.20	1.62	M3IIIab	0.004	0.034
3871	The Ant	146.050417	-27.769444	4.79	0.51	A8V+F7II-III	-0.047	0.035
3872		145.864583	-51.228333	6.15	-0.10	B6V	-0.024	-0.004
3873	17Eps Leo	146.462917	+23.774167	2.98	0.80	G1II	-0.046	-0.011
3874		146.065833	-39.571111	6.82	0.30	F2-3V	-0.029	0.008
3875		145.925833	-53.891667	5.56	-0.04	A0IV	-0.068	0.022
3876		146.541667	+6.708611	5.79	1.64	M1.5IIIab	0.004	-0.022
3877	18 Leo	146.597083	+11.810000	5.63	1.49	gK4	-0.017	0.015
3878		146.340833	-30.202778	6.45	-0.13	B0.5IIIn	-0.032	0.001
3879		146.598333	+1.785556	5.65	0.34	F4IV	-0.056	-0.041
3880	19 Leo	146.857917	+11.568333	6.45	0.43	A7Vn	-0.053	0.005
3881		147.147500	+46.021111	5.09	0.62	G0.5Va	0.224	-0.092
3882		146.889583	+11.428889	6.02	1.30	M8IIIe	0.002	-0.042
3883		146.418750	-57.185556	6.46	-0.11	B8III-IV	-0.031	0.017
3884		146.311667	-62.507778	3.69	1.22	G5Iab-Ib	-0.014	0.007
3885		147.598750	+65.593333	6.31	0.28	A9Vn	-0.052	-0.029
3886		146.626667	-44.755000	5.55	-0.18	B2.5IV	-0.008	0.002
3887		146.480833	-58.794167	6.22	0.46	F5IV	-0.123	0.059
3888	29Ups UMa	147.747500	+59.038611	3.80	0.29	F2IV	-0.293	-0.151
3889	20 Leo	147.458750	+21.179444	6.09	0.25	A7IVn	-0.043	-0.012
3890	Ups Car	146.775417	-65.071944	3.01	0.28	A6Ib	-0.012	0.011
3891	Ups Car	146.777917	-65.072500	6.26	0.08	B7III	-0.011	0.023
3892		147.367083	-37.186389	5.97	1.24	K1III	-0.084	0.023
3893	4 Sex	147.625417	+4.343611	6.24	0.48	F7Vn	-0.147	-0.055
3894	30Phi UMa	148.026667	+54.064444	4.59	0.03	A3IV	-0.004	0.021
3895		147.166667	-56.411944	6.06	0.94	K0III	-0.056	0.014
3896	23 Leo	147.758333	+13.066111	6.46	1.58	M0III	0.028	-0.008
3897		147.463750	-36.268611	6.37	1.01	K0III	-0.022	0.002
3898		147.487917	-45.732778	5.08	-0.10	B7III	-0.026	0.004
3899	6 Sex	147.808333	-4.243333	6.01	0.17	A8III	0.013	-0.028
3900	22 Leo	147.970833	+24.395278	5.32	0.23	A5IV	0.006	-0.179
3901		147.840000	-6.181667	6.42	0.58	F8V	-0.125	0.060
3902	Nu Cha	146.585833	-76.776111	5.45	0.89	G8III	0.079	-0.056
3903	39Ups1Hya	147.869583	-14.846667	4.12	0.92	G7-III	0.017	-0.026
3904		147.675000	-46.934444	5.73	1.08	K0IIICNIb	-0.034	0.016
3905	24Mu Leo	148.190833	+26.006944	3.88	1.22	K2IIICN1Ca1	-0.216	-0.056
3906	7 Sex	148.050833	+2.454167	6.02	-0.04	A0V s	-0.181	0.092
3907		148.050000	+0.075556	6.35	0.94	G9III	-0.022	-0.032
3908		147.998333	-16.534722	6.08	1.04	K0	0.026	-0.067
3909	8Gam Sex	148.126667	-8.105000	5.05	0.04	A1V	-0.055	-0.040
3910		147.832500	-46.193889	5.62	1.17	K2III	-0.043	0.033
3911		148.764167	+61.116111	6.27	1.05	K0	0.009	-0.002
3912		147.920000	-46.547778	4.58	1.20	G5Ib	-0.008	-0.001
3913		147.800417	-59.425833	5.79	1.36	K2IVCNIV-Vp	0.035	-0.045
3914		147.732083	-62.745278	5.57	1.32	K1IIICNII	-0.007	0.007
3915		148.428750	+5.958333	5.95	1.66	M2III	-0.008	-0.006
3916		148.241667	-27.332222	6.30	0.62	G1V	-0.284	0.093
3917	31 UMa	148.929167	+49.820000	5.27	0.07	A3III	-0.003	0.022
3918		149.595000	+72.879444	5.83	1.14	gK3	-0.076	-0.035
3919		148.551250	-25.932500	4.88	1.23	K2+III-IIIb	-0.180	0.054
3920		148.250000	-55.373333	6.48	-0.14	B1IV	-0.018	0.001
3921		148.632083	-22.488333	6.24	0.04	A2	-0.038	-0.031
3922		149.306667	+57.418333	5.93	0.89	G5III	0.032	-0.059
3923		148.717500	-19.009444	4.94	1.57	M1III	-0.047	-0.037
3924		148.459167	-51.146944	5.93	-0.15	B2III	-0.005	-0.010
3925		148.573333	-45.283889	5.71	-0.11	B3V	-0.020	-0.008
3926		149.108333	+8.933056	5.85	1.13	gK2	-0.085	0.018
3927		148.713750	-50.243889	5.72	-0.01	A0V	-0.029	0.012
3928	19 LMi	149.421250	+41.055556	5.14	0.46	F6V s	-0.117	-0.025
3929		149.487083	+45.414444	6.30	1.11	K0III	0.011	-0.030
3930		149.022500	-40.824722	6.41	1.61	M1III	-0.018	-0.022
3931		149.193750	-26.550278	6.28	0.22	A4V	-0.114	0.006
3932		149.147917	-33.418611	5.84	1.20	K1III	0.038	0.016
3933		149.225000	-27.475000	6.32	0.17	A4V	-0.081	0.029
3934		152.142917	+83.918333	6.37	1.52	K0	-0.004	0.007
3935		149.091250	-51.336111	6.37	-0.17	B2IV-V	-0.004	-0.007
3936		149.608750	+27.758889	6.30		F3V	-0.117	-0.034
3937	27Nu Leo	149.555833	+12.444722	5.26	-0.04	B9IV	-0.025	-0.015
3938		149.531667	+8.314167	6.04	1.36	gK3	0.011	-0.024
3939		149.965417	+56.811944	5.48	1.46	K5III	-0.029	-0.026
3940	Phi Vel	149.215833	-54.567778	3.54	-0.08	B5Ib	-0.010	0.003
3941		149.295417	-52.638889	6.12	-0.13	B3IV	-0.010	-0.002
3942		149.900833	+29.645278	5.73	1.06	gG9	-0.095	-0.039
3943		149.427083	-48.414444	6.05	-0.14	B3V	-0.016	-0.015
3944		149.040417	-71.389444	6.35	-0.08	B9Ib	-0.020	-0.002
3945	12 Sex	149.929583	+3.384722	6.70	0.27	F0V	-0.066	0.022
3946		149.775417	-23.950278	6.21	-0.10	B4Ve	-0.049	0.023
3947	Eta Ant	149.717917	-35.891111	5.23	0.31	F1III-IV	-0.087	-0.020
3948		149.313333	-64.489444	6.58	1.13	K0-1III	-0.130	0.084
3949		149.248750	-69.101944	6.20	-0.10	B3V	-0.027	0.000
3950	29Pi Leo	150.053333	+8.044167	4.70	1.60	M2-IIIab	-0.030	-0.023
3951	20 LMi	150.252917	+31.923611	5.36	0.66	G3VaHdel 1	-0.528	-0.428
3952		150.703750	+21.949167	5.66	-0.19	B2.5IV	-0.017	-0.006
3953		150.143333	-56.946667	6.52	0.98	K0III	-0.064	0.008
3954		151.151250	+53.891667	5.74	0.48	F5V	-0.022	-0.002
3955		150.418750	-53.364444	6.20	-0.13	B2.5V	-0.036	-0.017
3956		150.705417	-30.577500	6.54	1.19	K1III	-0.014	0.030
3957		150.491667	-57.349722	6.20	1.12	K1II	-0.041	0.027
3958		151.293750	+52.370833	6.14		A5IV	-0.004	-0.020
3959		150.920833	-9.573889	6.12	1.66	K0	0.005	-0.011
3960		150.500000	-60.420833	5.94	0.26	A9IV	-0.019	0.006
3961	13 Sex	151.035000	+3.201111	6.45	0.40	F4V	-0.075	-0.097
3962		150.922500	-25.316667	6.70	0.00	A0III-IV	-0.039	0.009
3963		151.012083	-18.101667	5.86	-0.06	A0V	-0.010	-0.002
3964		150.835417	-46.636111	6.12	0.02	A0V	-0.029	-0.010
3965		151.087500	-24.285556	5.70	0.30	A8V	-0.114	0.023
3966		150.749583	-60.178611	6.19	0.17	A6II-III	-0.013	0.005
3967		150.705833	-62.156389	6.42	1.72	K3Ib	-0.010	0.010
3968		151.097500	-39.975833	6.43	1.30	K1III	-0.034	-0.003
3969		151.420417	+15.757500	6.37	0.37	F2Vn	-0.078	-0.017
3970	40Ups2Hya	151.281250	-13.064722	4.60	-0.09	B9III-IV	-0.037	0.018
3971		150.892917	-61.883889	6.14	-0.04	B7IVne	-0.005	0.005
3972		151.313333	-36.383889	6.27	1.11	K1III	-0.010	0.003
3973	14 Sex	151.697500	+5.611389	6.21	0.94	K1III	-0.034	-0.013
3974	21 LMi	151.857500	+35.244722	4.48	0.18	A7V	0.053	0.004
3975	30Eta Leo	151.833333	+16.762778	3.52	-0.03	A0Ib	-0.002	0.000
3976		151.547083	-47.370000	5.08	0.88	K1IV+G5V	0.011	-0.057
3977		151.789583	-17.141667	5.60	1.50	K7III	0.016	-0.063
3978		151.529583	-52.188056	6.52	0.98	K1III	-0.068	0.015
3979		152.066250	+31.604167	6.24	0.45	F4V	-0.083	-0.080
3980	31 Leo	151.976250	+9.997500	4.37	1.45	K3.5IIIbFe-1	-0.080	-0.061
3981	15Alp Sex	151.984583	-0.371667	4.49	-0.04	A0III	-0.016	-0.013
3982	32Alp Leo	152.092917	+11.967222	1.35	-0.11	B7V	-0.248	0.006
3983	Mu 1Cha	150.182083	-82.214722	5.52	0.03	A0IV	-0.031	0.032
3984		152.007083	-37.333611	6.36	0.98	K0III	-0.011	0.003
3985		152.190417	-10.884722	6.53	0.02	A2V	0.004	-0.003
3986		152.147917	-15.611667	6.27	-0.01	A0V	-0.027	0.014
3987		152.745417	+40.661389	6.32	1.25	gK3	-0.014	-0.002
3988		152.485417	-12.095833	6.24	0.18	A5m	-0.005	-0.036
3989	17 Sex	152.531250	-8.408333	5.91	0.02	A1V	-0.026	-0.001
3990		152.234583	-51.811111	4.86	-0.12	B3IV	-0.010	0.001
3991		152.524583	-12.816111	5.31	0.36	F5V	-0.125	-0.113
3992		152.382500	-35.856667	6.13	0.60	F8V	-0.437	0.014
3993		152.803333	+37.401944	5.85	1.29	gK3	-0.021	-0.031
3994	41Lam Hya	152.647083	-12.354167	3.61	1.01	K0IIICN1	-0.202	-0.089
3995		152.177500	-65.815278	5.28	0.98	K0III	-0.072	0.042
3996	18 Sex	152.732500	-8.418333	5.65	1.30	K2III	-0.006	-0.044
3997	Mu 2Cha	151.031667	-81.565833	6.60	0.92	G6-8III	-0.046	0.047
3998	34 Leo	152.909167	+13.355000	6.44	0.46	F7V	0.040	-0.036
3999		152.341250	-61.549167	5.60	1.60	M2-3IIIe	-0.094	0.073
4000		152.824167	-7.316667	6.25	0.01	A2Vn	0.012	-0.014
4001		152.657917	-41.715000	5.98	1.24	K2-3III	0.050	-0.120
4002		152.377083	-68.683333	5.81	0.02	A0IV	-0.008	0.010
4003		153.012083	-28.606389	6.28	0.01	A1V	-0.026	-0.014
4004	19 Sex	153.201250	+4.614722	5.77	1.18	gK0	-0.051	-0.005
4005		153.157500	-19.153611	6.44	0.50	F6V	-0.236	-0.116
4006		153.457500	+27.135833	6.04	0.85	G3IIIFe-1	-0.018	0.002
4007		152.896667	-58.828056	6.40	1.66	M3III	-0.051	0.020
4008		153.782083	+59.985556	6.25	1.60	M0III	0.015	0.009
4009		152.943750	-58.060556	5.72	-0.08	B2IVpne	-0.010	0.012
4010		153.095833	-52.163333	6.16	1.17	K2IIICNII	-0.041	0.046
4011		153.330833	-27.028889	6.25	0.31	A9mA8-F3	-0.056	0.038
4012		153.623750	+21.167778	6.02	0.56	F9V	-0.142	-0.082
4013		153.353333	-33.031944	6.38	0.59	G1V	-0.360	0.061
4014	22 LMi	153.776250	+31.468056	6.46		G8III	-0.037	-0.001
4015		153.441250	-40.345833	5.90	1.21	K1III	-0.078	0.017
4016		154.504583	+73.073333	6.40	0.23	F2V	-0.056	-0.079
4017		153.345000	-51.233333	5.28	0.25	A7V	-0.041	-0.026
4018		153.255417	-59.918056	6.10	-0.08	B4Ve	-0.006	0.000
4019		153.485833	-40.310556	6.35	0.94	G8III	-0.026	-0.002
4020		153.366667	-51.756111	5.78	0.14	A3IV-V	-0.046	0.004
4021		154.460833	+71.060556	6.66	0.32	A7m	-0.031	-0.048
4022		153.338333	-61.658889	6.41	-0.11	B2V	-0.019	-0.002
4023		153.684167	-42.121944	3.85	0.05	A2V	-0.145	0.045
4024	23 LMi	154.060000	+29.310556	5.35	0.01	A0Vn	-0.075	-0.023
4025		153.377500	-66.373056	5.16	0.21	Am	-0.039	0.004
4026	32 UMa	154.508333	+65.108333	5.82	0.12	A8III	-0.087	-0.009
4027	24 LMi	154.117083	+28.682500	6.49	0.60	G0V	-0.055	-0.089
4028		154.067083	+17.740278	6.55		A9IV	-0.006	0.001
4029		153.837083	-36.518056	6.19	1.06	K0III	-0.033	-0.005
4030	35 Leo	154.134583	+23.503056	5.97	0.67	G1.5IV-V	-0.205	0.036
4031	36Zet Leo	154.172500	+23.417222	3.44	0.31	F0III	0.018	-0.007
4032		154.174583	+25.371389	5.84	1.20	gK2	-0.107	0.029
4033	33Lam UMa	154.274167	+42.914444	3.45	0.03	A2IV	-0.164	-0.038
4034		154.037917	-11.203333	6.08	1.10	K0	-0.013	0.008
4035	37 Leo	154.169583	+13.728333	5.41	1.61	M1.5IIIab	-0.023	-0.016
4036		153.881250	-43.112500	5.60	1.52	K4III	0.009	-0.064
4037	Ome Car	153.434167	-70.038056	3.32	-0.08	B8III	-0.039	0.007
4038		153.819167	-54.974167	6.16	-0.17	B2IV-V	-0.015	0.000
4039	39 Leo	154.310833	+23.106111	5.82	0.50	F8Vb w	-0.408	-0.100
4040		154.190000	-20.670556	6.57	0.48	F3V	-0.127	-0.038
4041		154.542917	+27.415278	6.52	-0.02	A0V	-0.057	0.006
4042	22Eps Sex	154.407500	-8.068889	5.24	0.31	F2III	-0.158	0.004
4043		154.012917	-59.903333	6.22	0.20	A5V	-0.047	0.016
4044		154.745833	+46.760833	6.43		K1III	-0.021	-0.030
4045		154.167500	-51.205000	6.30	1.54	M4-5III	-0.028	0.000
4046		154.861667	+48.396944	6.00	1.02	K0	-0.097	-0.107
4047		155.264167	+68.747500	5.96	0.20	A7Vn	-0.053	-0.038
4048		154.752917	+24.711667	6.40		K0	-0.047	-0.008
4049		154.531667	-28.991944	5.34	0.24	A0Ib-IIp	-0.010	0.012
4050		154.270833	-61.332222	3.40	1.54	K3IIa	-0.024	0.005
4051		155.061667	+53.779167	6.45	0.54	F9V	-0.084	0.046
4052		155.130000	+54.216944	6.00	1.13	gK3	-0.032	-0.002
4053		154.657500	-36.804722	6.30	1.28	K2-3III	-0.043	0.008
4054	40 Leo	154.933750	+19.470833	4.79	0.45	F6IV	-0.234	-0.214
4055		154.820000	-12.528056	6.00	0.26	A9V	-0.014	-0.019
4056		154.617500	-41.668333	5.96	-0.06	B9V	-0.027	0.006
4057	41Gam1Leo	154.992917	+19.841667	2.61	1.15	K1-IIIbFe-0.5	0.306	-0.147
4058	41Gam2Leo	154.994167	+19.840556	3.80		G7IIIFe-1	0.312	-0.169
4059		154.884167	-5.105833	6.37	0.90	K0	-0.053	-0.061
4060		154.997500	-9.058889	6.32	0.33	F1IV	-0.067	-0.068
4061		154.656667	-56.110000	5.81	0.48	F6V	-0.253	0.127
4062		157.422917	+84.252222	5.50		F0IV	-0.129	-0.032
4063		154.903333	-55.029444	4.57	1.62	K3II	-0.014	0.003
4064	23 Sex	155.258333	+2.289722	6.66	-0.08	B2.5IV	-0.007	-0.003
4065		154.770000	-64.676389	5.67	0.05	A1V	-0.043	0.007
4066		155.069583	-47.699167	5.65	1.67	K5-M0III	-0.002	0.001
4067		155.543750	+41.229444	5.76	0.54	F7V	-0.124	-0.136
4068		155.282500	-17.985000	6.51	0.40	F3III-IV	-0.051	-0.028
4069	34Mu UMa	155.582083	+41.499444	3.05	1.59	M0III	-0.082	0.035
4070	42 Leo	155.459583	+14.975556	6.12	0.02	A1V	-0.035	-0.015
4071		155.369583	-23.710833	6.50	0.20	A3	-0.049	0.019
4072		156.032917	+65.566389	4.97	-0.06	A0pSiSr:Hg:	-0.008	-0.022
4073		155.400000	-22.528333	6.51	0.07	A0	-0.030	0.006
4074		155.228333	-56.043056	4.50	-0.12	B3IIIe	-0.016	0.003
4075	27 LMi	155.776250	+33.908056	5.90	0.14	A6V	-0.013	-0.005
4076		155.553750	-19.866944	6.13	0.03	A1V	-0.031	-0.001
4077	43 Leo	155.751667	+6.542500	6.07	1.12	K3III	-0.018	-0.100
4078		155.924167	+29.615833	6.39	1.09	G8III	-0.006	-0.010
4079		155.810833	+5.694167	6.54	0.46	F6V	-0.241	-0.073
4080		155.581667	-41.650000	4.83	1.12	K1III	-0.022	0.056
4081	28 LMi	156.035833	+33.718611	5.50	1.18	gK1	-0.019	-0.003
4082	25 Sex	155.860417	-4.074167	5.97	-0.10	B9pSiCr:Sr:	-0.050	0.005
4083		155.804583	-30.162222	6.27	0.31	F0III	0.006	-0.011
4084		157.769167	+82.558611	5.26	0.37	F2V	-0.083	0.031
4085		156.054583	+2.368056	6.32	1.00	G9V	0.037	-0.023
4086		155.872083	-38.010000	5.33	0.25	A8V	-0.158	-0.057
4087		155.918333	-41.953333	6.27	0.88	G8IV	-0.130	0.011
4088	44 Leo	156.313333	+8.784722	5.61	1.62	M3IIIabs	0.014	-0.042
4089		155.742083	-66.901667	4.99	-0.13	B8V	-0.024	0.008
4090	30 LMi	156.478750	+33.796111	4.74	0.25	F0V	-0.070	-0.061
4091		155.962083	-57.953889	6.35	1.52	K4III	-0.001	-0.006
4092		156.434583	-7.059722	5.57	1.52	K5:IIIbFe-0.5	-0.135	0.136
4093		156.321667	-42.468056	6.18	1.00	G8III	-0.002	-0.034
4094	42Mu Hya	156.522500	-16.836389	3.81	1.48	K4.5III	-0.128	-0.080
4095		156.247500	-58.576389	5.95	0.32	F2III	-0.077	0.009
4096		156.866667	+41.600833	6.02	0.17	A2V	-0.055	-0.076
4097		156.752083	+19.364444	6.15	1.14	K0	-0.064	-0.012
4098		157.015833	+48.784722	6.44	0.60	F9V	0.079	-0.884
4099		156.539583	-42.738889	6.13	1.13	K1III	-0.127	-0.052
4100	31Bet LMi	156.970833	+36.707222	4.21	0.90	G9IIIab	-0.118	-0.101
4101	45 Leo	156.912500	+9.762500	6.04	-0.06	A0pSiCr:	0.007	0.002
4102		156.098750	-74.031667	4.00	0.35	F2IV	-0.021	-0.026
4103		157.152083	+45.212222	6.35	1.32	K0	-0.021	-0.019
4104	Alp Ant	156.787917	-31.067778	4.25	1.45	K4III	-0.075	0.011
4105		156.184583	-73.971667	6.19	0.07	A2-3V	-0.032	0.017
4106	35 UMa	157.476250	+65.626111	6.32	1.14	gK2	0.000	-0.032
4107		156.704167	-54.877500	5.58	1.56	K3II-III	-0.007	-0.008
4108		157.610833	+64.257500	6.12	0.16	A7III	-0.047	-0.059
4109		157.183333	-3.742500	6.05	0.05	A1pSr:	0.004	-0.027
4110		156.851667	-57.638889	4.66	0.51	A9Ia	-0.013	0.000
4111		157.007917	-49.405556	6.10	1.51	K4III	0.006	-0.036
4112	36 UMa	157.656667	+55.980556	4.84	0.52	F8V	-0.176	-0.030
4113	32 LMi	157.526667	+38.925278	5.77	0.08	A4V	-0.017	-0.002
4114		156.969583	-58.739444	3.82	0.31	F2II	-0.013	0.000
4115		156.855417	-65.704722	6.01	0.09	A2V	-0.082	0.023
4116	29Del Sex	157.369583	-2.739167	5.21	-0.06	B9.5V	-0.048	-0.014
4117		157.370833	-29.663611	5.58	1.42	K5III	-0.059	0.015
4118	Del Ant	157.397500	-30.607222	5.56	-0.04	B9.5V	-0.033	0.000
4119	30Bet Sex	157.572917	-0.636944	5.09	-0.14	B6V	-0.040	-0.023
4120		157.219167	-64.172222	5.29	1.86	M0III	-0.013	0.006
4121		159.007083	+80.494444	6.52	0.95	gG4	-0.027	-0.006
4122		157.744583	-7.637500	6.20	1.38	K5III+F6V	-0.039	0.005
4123		157.749167	-13.588333	5.58	-0.04	B9Vn	-0.045	0.009
4124	33 LMi	157.964167	+32.379444	5.90	0.11	A0IV	0.015	0.006
4125		157.714167	-26.483889	6.51	0.54	F7III	-0.065	0.015
4126		158.772917	+75.713056	4.84	0.96	G8.5III	-0.030	-0.003
4127	46 Leo	158.049167	+14.137222	5.46	1.68	M1.5IIIbCa-1	-0.042	0.024
4128		157.663333	-61.356111	6.43	1.76	M2IIIe	-0.003	0.022
4129		157.536250	-66.985000	6.19	0.01	B4IV	-0.025	-0.008
4130		157.952500	-28.237500	6.05	0.51	F7V	-0.086	-0.016
4131		158.431667	+53.497500	6.45		A1V	-0.047	-0.025
4132		158.307917	+40.425556	4.75	0.23	A7IV	-0.140	0.006
4133	47Rho Leo	158.202917	+9.306667	3.85	-0.14	B1Ib	-0.007	-0.003
4134		157.840833	-53.715556	4.89	0.50	F6V	-0.418	0.205
4135		157.989583	-45.066667	5.74	-0.15	B6II	0.000	-0.002
4136		157.985833	-45.069444	6.09	-0.11	B8II	-0.013	0.006
4137	34 LMi	158.378750	+34.988611	5.58	0.02	A2Vn	-0.029	-0.006
4138		157.583750	-71.993056	4.74	0.04	A1V	0.025	-0.037
4139		158.140000	-44.618889	5.91	0.92	G6-8III	-0.011	-0.032
4140		158.005833	-61.685278	3.32	-0.09	B4Vne	-0.019	0.009
4141	37 UMa	158.790417	+57.082778	5.16	0.34	F1V	0.067	0.039
4142		157.758333	-73.221667	4.93	1.68	K4-5III	-0.017	-0.001
4143		158.237083	-47.003333	5.02	1.04	K4III	-0.019	0.003
4144		158.198333	-58.666944	6.00	0.32	A2Iab	-0.024	0.000
4145	44 Hya	158.503750	-23.745278	5.08	1.60	K4III	-0.008	0.021
4146	48 Leo	158.700000	+6.953611	5.08	0.94	G8.5IIIFe-1Ca-1	-0.102	0.056
4147		158.355417	-58.190278	6.14	0.35	B7Iae	-0.017	-0.003
4148	49 Leo	158.759167	+8.650278	5.67	0.05	A2V	-0.055	-0.006
4149		158.740417	-23.176111	6.10	0.50	F7V	-0.098	0.036
4150	35 LMi	159.089167	+36.326944	6.28	0.39	F3V	0.036	-0.037
4151		158.553750	-60.987778	6.23	1.40	K2-3III	0.004	-0.003
4152		158.912083	-18.569167	6.49	0.20	A7V	0.009	0.008
4153		158.803750	-39.562778	5.38	2.88	N0:	-0.027	-0.001
4154		158.793750	-43.664722	6.08	0.94	G8II-IIICNVp	-0.030	0.023
4155		159.072500	-10.583333	6.57	0.29	F0V	0.018	-0.033
4156	Phi2Hya	159.069583	-16.344444	6.03	1.65	M1III	-0.026	-0.001
4157		159.019167	-26.675000	6.29	0.48	F5V	0.009	-0.062
4158		159.135000	-12.230278	5.70	0.52	F7V	0.268	-0.673
4159		158.897083	-57.557778	4.45	1.62	K3-4II	-0.023	0.000
4160		159.298333	-11.748611	6.52	0.29	F0V	-0.051	-0.032
4161		157.962500	-81.921111	7.07	-0.08	B5III-IV	-0.033	0.008
4162		159.307083	-27.412500	4.89	1.62	M2III	-0.109	0.024
4163		159.388333	-13.384444	4.82	2.68	C5II	0.034	-0.032
4164		159.084583	-59.564722	5.08	1.18	K1III	-0.059	-0.053
4165		159.773750	+53.668333	5.52	1.27	K3III	-0.087	-0.074
4166	37 LMi	159.680000	+31.976111	4.71	0.81	G2.5IIa	0.000	0.008
4167		159.325417	-48.225833	3.84	0.30	F4IV+F3	-0.155	-0.017
4168	38 LMi	159.781667	+37.910000	5.85	0.57	F9V	-0.222	-0.044
4169		159.361667	-58.733333	5.45	0.50	A0Iae	-0.033	0.002
4170		158.853333	-76.309167	6.30	1.20	K2III	-0.018	0.004
4171	Phi3Hya	159.645833	-16.876667	4.91	0.92	G8IIIFe-0.5	-0.097	0.027
4172		159.710000	-12.443611	6.04	0.00	A0Vn	-0.057	0.002
4173		159.510417	-57.256389	5.91	-0.14	B3IV	-0.028	0.002
4174	Gam Cha	158.867083	-78.607778	4.11	1.58	M0III	-0.042	0.014
4175		159.709583	-42.753611	6.11	0.66	Am+Am:	-0.016	-0.016
4176		160.451250	+68.443333	5.75	1.30	gK3	-0.026	-0.026
4177		159.687917	-59.183056	4.66	1.48	K4-5III:	-0.012	0.001
4178	38 UMa	160.485833	+65.716389	5.12	1.20	K2III	-0.162	-0.069
4179		159.747500	-58.816944	5.92	1.65	M1III	-0.086	0.012
4180		159.826667	-55.603333	4.28	1.04	G2-3Ib	-0.019	0.005
4181		160.767083	+69.076111	5.00	1.38	K3III-IIIb	0.002	-0.012
4182	33 Sex	160.350833	-1.741667	6.26	0.88	K1IV	-0.137	-0.121
4183		160.215000	-35.741667	6.37	0.92	G8-K0III+F-G	-0.021	0.001
4184		160.547083	+31.696944	6.02	1.62	M4III	0.008	-0.021
4185		160.047083	-65.100556	5.52	-0.16	B9pSi	-0.027	0.003
4186		159.819167	-74.493611	6.07	1.71	K3II	0.000	-0.006
4187	39 UMa	160.930417	+57.199167	5.80	-0.02	A0V s	0.017	-0.053
4188		160.323333	-59.676944	6.42	0.08	WN7-A	-0.006	-0.001
4189	40 LMi	160.757500	+26.325556	5.51	0.17	A4Vn	-0.105	-0.063
4190		160.630417	-13.975000	6.24	1.54	K2	-0.020	-0.002
4191		160.887083	+46.203889	5.18	0.33	F5III	-0.269	-0.066
4192	41 LMi	160.854167	+23.188333	5.08	0.04	A3Vn	-0.116	0.009
4193	35 Sex	160.837083	+4.747778	5.79	1.17	K3III+K0III	0.022	-0.030
4194		160.680000	-32.715833	5.64	0.00	A0V	-0.029	0.002
4195		161.266667	+67.411389	6.00	2.39	C5II	0.005	-0.001
4196		160.558333	-64.466389	4.82	-0.14	B4V	-0.026	0.018
4197		161.060417	+19.758611	6.27	0.17	A5V	-0.116	-0.026
4198		160.669167	-59.215833	5.38	0.26	B2.5Iae	-0.009	0.000
4199	The Car	160.739167	-64.394444	2.76	-0.22	B0Vp	-0.023	0.010
4200		160.883750	-60.566667	4.57	1.71	K4III	-0.032	0.006
4201	36 Sex	161.289167	+2.488056	6.28	1.21	K4III	-0.051	-0.023
4202	41 UMa	161.593750	+57.365833	6.34	1.56	M1III	-0.050	-0.064
4203	42 LMi	161.466250	+30.682222	5.24	-0.06	A1Vn	-0.023	-0.037
4204		160.963333	-64.248889	5.77	0.00	B2.5V	-0.014	0.006
4205		161.028750	-63.961111	4.82	-0.13	B5Vn	-0.019	0.013
4206		160.463750	-79.783333	5.97	-0.07	B4IVe	-0.031	0.010
4207		161.523750	+6.373056	6.37	1.12	gK1	-0.008	-0.036
4208	51 Leo	161.602083	+18.891389	5.49	1.12	gK3	0.097	-0.038
4209	52 Leo	161.605417	+14.194722	5.48	0.91	gG4	-0.123	-0.066
4210	Eta Car	161.265000	-59.684167	6.21	0.61	pec	-0.004	0.009
4211		161.080833	-70.860000	6.26	0.20	A5IV-V	-0.075	-0.007
4212		161.133750	-70.855000	6.46	0.23	A6IV	-0.060	0.007
4213		161.110417	-72.443889	6.27	0.49	F6V	-0.175	0.040
4214		161.716667	-17.296667	5.42	0.11	A3V	-0.020	-0.013
4215		162.208333	+65.132222	6.39	-0.02	A1V	0.010	0.000
4216	Mu Vel	161.692500	-49.420000	2.69	0.90	G5III+G2V	0.074	-0.048
4217		161.570000	-60.603333	6.25	0.04	A0IV	-0.062	-0.008
4218		161.908333	-15.261944	6.67	-0.01	A0III	0.002	-0.014
4219		161.568750	-64.515000	5.34	-0.10	B6V	-0.025	-0.005
4220		161.623750	-64.263333	5.23	-0.07	B7IV	-0.008	0.012
4221		161.739583	-56.757222	5.23	-0.08	B8-9IIIe	-0.016	-0.002
4222		161.713333	-64.383333	4.85	-0.15	B3IV	-0.023	0.012
4223	43 LMi	162.238333	+29.415833	6.15	1.15	sgK1	-0.086	-0.041
4224		162.169167	-1.958889	5.93	1.60	M2III	-0.012	0.008
4225		162.059167	-31.688333	5.88	0.03	A1V	-0.020	-0.013
4226		161.911250	-57.467778	6.36	1.62	M1II	0.010	-0.004
4227	53 Leo	162.314167	+10.545278	5.34	0.03	A2V	-0.003	-0.025
4228		162.022500	-59.919167	6.00	0.27	A0Ia-Iab	-0.001	0.006
4229	40 Sex	162.322083	-4.024167	6.61	0.22	A2IV	-0.049	-0.012
4230	44 LMi	162.473750	+27.973889	6.04	0.37	F3V	-0.011	0.031
4231	Del1Cha	161.315417	-80.469722	5.47	0.95	K0III	-0.038	-0.033
4232	Nu Hya	162.406250	-16.193611	3.11	1.25	K2III	0.094	0.200
4233		162.431250	-9.852778	5.86	1.07	gG8	0.009	-0.037
4234	Del2Cha	161.445000	-80.540278	4.45	-0.19	B2.5IV	-0.049	0.008
4235	43 UMa	162.796250	+56.582222	5.67	1.12	K2III	-0.058	0.003
4236	42 UMa	162.848750	+59.320000	5.58	1.14	K2III	-0.036	-0.047
4237	41 Sex	162.575417	-8.897778	5.79	0.16	A3m	-0.004	-0.015
4238		162.487500	-34.058056	5.61	0.04	A1V	-0.044	0.015
4239		162.350417	-59.323611	5.91	0.00	B9.5IV-V	-0.043	0.001
4240		162.772500	-3.092500	5.95	1.48	K2	-0.046	-0.006
4241		163.128333	+52.565278	6.65		gG8	-0.020	-0.023
4242		163.132917	+52.503611	6.44	1.11	K2III	-0.071	-0.052
4243		163.377917	+69.853889	5.93	0.99	G9IV	-0.398	-0.067
4244		163.057083	+1.025278	6.38	0.08	A3V	-0.002	0.003
4245		163.150417	-0.201389	6.31	1.50	K5III	-0.009	-0.018
4246	44 UMa	163.393750	+54.585000	5.10	1.36	K3III	-0.064	-0.011
4247	46 LMi	163.327917	+34.215000	3.83	1.04	K0+III-IV	0.087	-0.278
4248	45Ome UMa	163.494583	+43.190000	4.71	-0.05	A1V s	0.045	-0.021
4249		163.353750	-2.255278	6.12	0.90	K0III+G0V	-0.138	-0.083
4250		163.128750	-57.240556	5.25	0.16	B9Ia	-0.004	0.002
4251		163.372917	-20.138889	5.24	0.47	F6V	0.078	-0.239
4252		163.387083	-15.445556	6.38	1.16	K3IV	0.067	-0.043
4253		163.432083	-2.129167	5.45	0.96	G8III	-0.084	0.013
4254	48 LMi	163.675833	+25.490833	6.20	0.28	A8V	-0.054	0.003
4255		163.574167	-13.758056	5.66	0.83	G4III	-0.005	0.009
4256		163.742500	+34.034722	5.72	1.01	gG7	-0.060	-0.049
4257		163.373333	-58.853333	3.78	0.95	K1III	0.067	0.030
4258	46 UMa	163.935000	+33.506944	5.03	1.10	K1III	-0.109	-0.027
4259	54 Leo	163.903333	+24.749722	4.50	0.01	A1V	-0.072	-0.012
4260	54 Leo	163.905417	+24.748889	6.30		A2Vn	-0.074	-0.026
4261		163.798333	-20.665000	6.44	1.10	K0	-0.010	0.004
4262		163.425000	-70.720278	5.99	-0.02	B6V	-0.034	-0.006
4263		163.754167	-42.251111	6.11	-0.08	A0pSiCr	-0.037	-0.001
4264		164.060417	+42.008333	6.03	1.13	K2III	0.014	-0.091
4265	55 Leo	163.926667	+0.736944	5.91	0.42	F2/3III/V	0.106	0.000
4266		163.623333	-61.826667	5.93	1.75	K4III	0.003	-0.004
4267	56 Leo	164.006250	+6.185278	5.81	1.45	M5.5III	-0.022	-0.008
4268		163.114583	-79.559444	6.33	1.46	K2II-III	-0.040	0.002
4269		164.070417	+22.351667	6.14	1.55	K2	-0.037	0.017
4270	50 LMi	164.143333	+25.500000	6.35	1.03	K0	-0.025	-0.015
4271		163.821667	-60.516944	5.92	1.08	K0III	-0.036	0.084
4272		164.986667	+77.770000	6.20	0.97	G9III	-0.072	-0.023
4273	Iot Ant	164.179583	-37.137778	4.60	1.03	K1III	0.077	-0.128
4274		164.282917	-50.765000	5.91	0.18	A4V	-0.031	0.013
4275		164.824583	+51.882222	6.17	1.38	K0	-0.012	-0.003
4276		164.451667	-59.731944	6.11	1.10	G3Ia	0.007	0.016
4277	47 UMa	164.866667	+40.430278	5.05	0.61	G1-VFe-0.5	-0.317	0.057
4278		164.886667	+36.093056	6.00	1.59	M2III	0.071	-0.049
4279		164.315417	-75.099722	6.13	1.53	K1II	-0.017	0.003
4280		165.061250	+45.526111	5.47	1.47	K5III	0.011	0.003
4281		164.921250	+11.705833	6.55	0.43	F5V	-0.228	0.044
4282		164.807917	-33.737222	5.71	0.37	F2V	0.016	-0.043
4283		165.106667	+51.501944	6.43		G9III	-0.029	-0.015
4284		164.878750	-16.353889	5.89	1.63	M2III	-0.046	-0.016
4285		165.085833	+42.911389	6.02	0.57	F9V	-0.109	-0.132
4286		165.274167	+63.421111	6.39	0.16	A2Vm	-0.040	-0.048
4287	7Alp Crt	164.943750	-18.298889	4.08	1.09	K0+III	-0.460	0.130
4288	49 UMa	165.210000	+39.212222	5.08	0.24	F0V s	-0.072	-0.019
4289		165.048333	-14.083333	5.88	1.50	K5III	-0.018	-0.022
4290		164.808333	-61.320278	6.16	-0.06	B8IV	-0.031	0.019
4291	58 Leo	165.140000	+3.617500	4.84	1.16	K1IIICN-0.5	0.014	-0.016
4292		164.997500	-43.807222	5.81	-0.08	B8-9V	-0.058	0.011
4293		165.038750	-42.225833	4.39	0.11	A3IV	0.028	0.003
4294	59 Leo	165.186667	+6.101389	4.99	0.16	A5III	-0.048	-0.025
4295	48Bet UMa	165.460417	+56.382500	2.37	-0.02	A1V	0.082	0.034
4296		165.035833	-51.817778	6.15	0.18	A3III-IV	-0.038	0.004
4297		165.238333	-15.792778	6.34	1.18	K0	0.055	-0.040
4298		165.170000	-31.839444	6.07	0.52	F8V	-0.080	0.105
4299	61 Leo	165.457083	-2.484722	4.74	1.62	M0IIIBa0.2	0.012	-0.038
4300	60 Leo	165.582500	+20.179722	4.42	0.05	A1m	-0.006	0.042
4301	50Alp UMa	165.932083	+61.750833	1.79	1.07	K0IIIa	-0.119	-0.067
4302		165.601667	-26.831389	6.23	0.31	F1V	0.065	-0.120
4303		165.810833	-0.752500	6.14	0.26	F0V	-0.013	-0.111
4304		164.803750	-81.556111	6.71	0.55	F7IV	-0.160	0.073
4305		165.812083	-11.303611	5.50	0.94	G7-III	-0.070	-0.108
4306	62 Leo	165.902500	-0.000833	5.95	1.22	K3III	-0.057	0.001
4307		165.817083	-31.960833	6.46	1.62	M1III	-0.039	-0.031
4308		165.902083	-13.434444	6.34	0.88	G5	0.003	0.010
4309	51 UMa	166.130000	+38.241389	6.00	0.16	A3III-IV	-0.064	-0.003
4310	63Chi Leo	166.254167	+7.336111	4.63	0.33	F2III-IV	-0.341	-0.047
4311		166.130000	-47.679167	5.67	0.24	A8III-IV	-0.110	0.027
4312	Eta Oct	164.807500	-84.593889	6.19	0.11	A1V	-0.068	-0.005
4313		166.225833	-35.804722	5.43	0.03	A2V	-0.017	0.004
4314	Chi1Hya	166.332917	-27.293611	4.94	0.36	F3IV	-0.188	-0.004
4315		166.391667	-11.088889	6.09	0.30	F0Vn	0.013	-0.079
4316		166.267500	-49.392500	6.13	-0.02	B9.5V	-0.023	0.004
4317	Chi2Hya	166.490000	-27.287778	5.71	-0.06	A0IV	0.034	-0.014
4318		166.524167	-51.212500	6.30	0.95	G8III	0.005	-0.065
4319	65 Leo	166.725833	+1.955556	5.52	0.97	G9IIICN-1	-0.383	-0.086
4320		166.661250	-28.727778	6.77	0.04	A1V	-0.057	-0.032
4321		166.614167	-50.956667	6.32	1.16	K2III	-0.067	0.006
4322	64 Leo	166.915417	+23.323611	6.46	0.16	A5m	-0.014	0.008
4323		166.622083	-58.675278	6.02	1.24	K2II-III	-0.015	0.000
4324		166.785000	-32.587222	6.59	0.34	F1III	-0.081	-0.052
4325		166.635000	-62.424167	4.61	1.03	G8III	-0.043	0.013
4326		166.600833	-64.839722	6.41	0.12	A3V	-0.050	0.008
4327		166.819167	-42.638611	5.15	0.03	ApSrCrEu	-0.096	0.043
4328		166.976667	-30.174722	6.54	0.60	G2V	-0.513	-0.138
4329		166.707917	-70.878056	5.57	-0.05	B2V	-0.027	0.000
4330		167.416250	+67.210278	6.06	0.22	F0pSr	-0.083	-0.025
4331		167.065833	-29.972778	6.49	0.03	A1V	0.008	-0.020
4332	67 Leo	167.204583	+24.658333	5.68	0.06	A3IV	0.003	0.004
4333		167.329583	+36.309444	5.74	1.51	M3.5IIIab	-0.046	-0.024
4334		167.182917	-28.080556	5.44	0.07	A1V	-0.080	-0.016
4335	52Psi UMa	167.415833	+44.498611	3.01	1.14	K1III	-0.065	-0.028
4336		167.410417	+43.207500	5.89	1.57	M2III	-0.064	-0.011
4337		167.147500	-58.975000	3.91	1.23	G40-Ia	-0.007	0.000
4338		167.141667	-61.947222	5.13	0.22	B9Ia	-0.006	0.002
4339		167.472500	-32.367500	5.81	0.04	A2V	0.023	-0.029
4340		168.045833	+68.271944	6.40		A3V	0.032	0.010
4341		167.932083	+14.400278	6.30	0.21	A5V	-0.066	-0.009
4342		167.727917	-58.455278	6.88	-0.08	B7III	-0.036	0.003
4343	11Bet Crt	167.914583	-22.825833	4.48	0.03	A2III	0.003	-0.100
4344		168.185417	+54.894167	6.63		A4V	0.001	-0.002
4345		168.134167	+35.813611	6.41	0.61	G0V	-0.271	-0.170
4346		168.061667	-32.433889	6.38	1.70	M1III	0.019	0.011
4347	Psi Crt	168.126667	-18.500000	6.13	-0.01	A0V	-0.019	-0.030
4348		168.144167	-21.749167	6.40	1.38	K0	-0.011	0.012
4349		167.872917	-71.436389	6.35	1.37	K2-3III	-0.020	0.003
4350		168.137917	-49.101111	5.36	0.18	A3IV-V	-0.096	0.033
4351		168.417500	+41.088611	6.33	1.15	K2III	-0.004	0.013
4352		168.150000	-60.317500	4.60	0.55	A6Iae	-0.007	0.004
4353		168.237083	-49.736389	6.11	1.06	G8II-III	-0.008	-0.009
4354		168.311250	-44.372222	5.80	1.66	K5-M0III	-0.001	0.000
4355		168.188333	-64.169722	5.23	-0.06	B8V	-0.050	0.007
4356	69 Leo	168.440000	-0.069722	5.42	-0.03	A0V	-0.043	-0.002
4357	68Del Leo	168.527083	+20.523611	2.56	0.12	A4V	0.142	-0.130
4358		168.507500	+8.060556	5.79	1.12	K3III	0.048	-0.110
4359	70The Leo	168.560000	+15.429444	3.34	-0.01	A2V	-0.061	-0.079
4360		168.413750	-53.231667	5.76	1.32	K2III	-0.025	0.038
4361		168.378333	-59.619444	5.74	-0.10	B1.5V	-0.009	-0.006
4362	72 Leo	168.800833	+23.095556	4.63	1.66	M3IIb	-0.024	-0.006
4363		169.016667	+52.773056	6.50	0.43	F6V+F9V	0.162	0.057
4364		168.725000	-43.734167	6.21	1.61	K4III	-0.025	-0.016
4365	73 Leo	168.966250	+13.307500	5.32	1.20	K3III	-0.007	-0.008
4366		168.990833	+12.844722	6.67	0.27	A9Vp	-0.034	-0.055
4367		169.174583	+49.476389	5.88	1.08	gK0	-0.083	-0.009
4368	74Phi Leo	169.165417	-3.651667	4.47	0.21	A7IVn	-0.108	-0.036
4369		169.242500	-7.134722	6.14	0.20	A8IVpeSrCrSi	-0.006	0.009
4370		169.115417	-45.880000	6.31	0.40	F3V	-0.136	0.066
4371	75 Leo	169.322500	+2.010556	5.18	1.52	M0III-IIIb	0.056	-0.140
4372		169.299167	-38.014444	6.27	0.10	A3Vn	-0.088	0.010
4373		169.413333	-34.737222	6.45	0.40	F4V	-0.006	0.002
4374	53Xi UMa	169.545417	+31.529167	4.87		G0V	-0.432	-0.586
4375	53Xi UMa	169.545833	+31.529167	4.41	0.59	G0V	-0.430	-0.586
4376		169.429167	-36.534444	6.68	0.98	G8-K0III	-0.077	0.026
4377	54Nu UMa	169.619583	+33.094167	3.48	1.40	K3-IIIBa0.3	-0.026	0.028
4378		169.587500	+11.984722	6.66	0.07	A2V	0.004	-0.036
4379		169.329167	-67.823611	6.06	1.76	M2III	0.013	-0.007
4380	55 UMa	169.782917	+38.185556	4.78	0.12	A1Vp:	-0.057	-0.068
4381	76 Leo	169.729167	+1.650556	5.91	1.04	gK0	-0.038	-0.055
4382	12Del Crt	169.835417	-14.778611	3.56	1.12	G8III-IV	-0.122	0.208
4383		170.224167	+67.100556	6.21	1.01	G8	0.049	-0.052
4384		169.818750	-64.582500	5.99	0.46	F6IV	-0.302	0.044
4385		169.642917	-79.668611	6.35	0.26	A8IIIm:	0.031	-0.026
4386	77Sig Leo	170.284167	+6.029444	4.05	-0.06	B9.5V s	-0.092	-0.012
4387		169.901250	-75.142500	6.27	-0.03	B9.5-A0V	-0.038	0.004
4388		170.455417	+57.075000	6.43	0.15	A7Vn	-0.058	0.009
4389		170.016250	-71.994444	6.41	0.05	B4V	-0.039	-0.005
4390	Pi Cen	170.251667	-54.491111	3.89	-0.15	B5Vn	-0.036	-0.006
4391		170.713750	+64.330556	6.02	0.09	A1Vnp	-0.005	0.034
4392	56 UMa	170.706667	+43.482778	4.99	0.99	G7.5IIIa:Ba0.3	-0.038	-0.013
4393		170.596250	-44.645833	6.12	0.92	G8III	-0.048	-0.034
4394		170.825000	+0.131667	6.05	1.46	K3	-0.037	-0.018
4395	13Lam Crt	170.841250	-18.780000	5.09	0.42	F5III	-0.312	-0.034
4396		170.802917	-36.164722	5.00	1.46	K6III	-0.020	0.000
4397		170.487917	-77.608333	6.43	0.20	A5III-IV	-0.081	-0.005
4398		170.783750	-56.779444	5.79	0.01	A4:pe	-0.030	0.006
4399	78Iot Leo	170.981250	+10.529167	3.94	0.41	F4IV	0.168	-0.075
4400	79 Leo	171.009583	+1.407778	5.39	0.94	G8IIICN-0.5	-0.020	0.005
4401		170.840833	-64.955000	5.11	-0.08	B5V	-0.001	-0.005
4402	14Eps Crt	171.152500	-10.859444	4.83	1.56	K5III	-0.028	0.027
4403		171.092083	-42.669167	6.12	-0.18	B2IV-V	-0.005	0.001
4404		171.245417	+11.430278	5.80	1.38	K4III	-0.102	-0.005
4405	15Gam Crt	171.220417	-17.683889	4.08	0.21	A5V	-0.098	0.004
4406		171.046250	-72.256667	5.59	0.06	B2IV-V	-0.030	-0.003
4407		171.487917	+55.850556	5.75		K0III	-0.066	0.048
4408	81 Leo	171.401667	+16.456389	5.57	0.36	F2V	-0.143	-0.005
4409		171.372500	-36.063056	5.22	0.99	K0III	-0.113	0.020
4410	80 Leo	171.458333	+3.860000	6.37	0.33	F3IV	-0.080	-0.041
4411		171.387917	-37.747778	5.89	1.54	M3III	-0.042	-0.014
4412		171.606250	+33.450556	6.32	0.43	F7V	-0.040	0.016
4413		171.430000	-63.972778	5.17	0.50	F7V	-0.313	-0.078
4414	83 Leo	171.688750	+3.013056	6.50	0.79	K0IV	-0.724	0.180
4415		171.647083	-61.115278	5.30	-0.08	B3IV	-0.026	0.002
4416	16Kap Crt	171.789583	-12.356667	5.94	0.49	F4III-IV	-0.097	0.026
4417		171.697083	-53.160000	5.81	0.52	K0III+A2-3V	-0.041	0.014
4418	84Tau Leo	171.984167	+2.856111	4.95	1.00	G7.5IIIa	0.018	-0.012
4419		171.973750	-1.700000	6.25	1.04	gK2	-0.034	-0.003
4420		171.993750	-35.328611	6.45		K5III:	-0.006	0.012
4421		172.269167	+61.778333	5.83	0.36	F5Va vw	-0.112	0.237
4422	57 UMa	172.267500	+39.336944	5.31	0.01	A2V	-0.050	0.016
4423		172.146250	-42.674167	5.08	-0.03	B9V	-0.040	0.008
4424		172.431250	+56.737500	6.28	0.15	A4m	-0.089	-0.034
4425		172.075833	-72.474444	6.09	0.16	B3V	-0.043	-0.020
4426	85 Leo	172.424583	+15.413333	5.74	1.32	gK4	-0.028	-0.045
4427		172.553750	+54.361667	6.41		K0III	0.010	-0.057
4428		172.410833	-24.463333	5.76	0.07	A0V	-0.048	0.043
4429		172.960000	+81.127222	6.15	0.24	A2m	-0.149	0.032
4430		172.604167	+46.657500	6.35	1.27	K2IIICN-1	0.011	0.032
4431	58 UMa	172.629583	+43.173333	5.94	0.49	F4V	-0.050	0.083
4432	87 Leo	172.578750	-3.003611	4.77	1.54	K3.5IIIFe-1	0.022	-0.014
4433	86 Leo	172.620833	+18.409722	5.52	1.05	K0III	-0.088	0.020
4434	1Lam Dra	172.850833	+69.331111	3.84	1.62	M0IIICa-1	-0.039	-0.017
4435		172.720417	+47.929167	6.42	0.88	G9IV	-0.229	-0.070
4436		172.792500	+48.789167	6.56	0.93	G9III	-0.030	-0.040
4437	88 Leo	172.937083	+14.364444	6.20	0.57	G0V	-0.330	-0.189
4438		172.812500	-61.278333	6.38	0.52	A3Iae	-0.007	0.003
4439		173.086667	+61.082500	5.48	0.50	F8V	0.002	-0.069
4440		172.948333	-20.776667	6.24	0.54	F7IV	-0.131	0.032
4441	Omi1Cen	172.942083	-59.442222	5.13	1.08	G30-Ia	-0.005	-0.005
4442	Omi2Cen	172.953333	-59.515833	5.15	0.49	A2Ia	-0.008	0.001
4443		173.067083	-29.263333	5.81	0.53	F8V	-0.014	0.138
4444		173.067917	-29.261111	5.64	0.53	F8V	-0.028	0.145
4445		173.097083	-26.746667	6.16	1.66	M1III	-0.079	0.033
4446		173.197917	-7.827500	5.95	1.38	K4III	-0.007	0.004
4447		173.200417	-40.436389	5.64	1.58	K6III	-0.069	0.052
4448		173.082917	-66.962222	5.90	1.13	K1IIICNIb-II	-0.004	-0.001
4449		173.225417	-31.087222	5.04	1.58	M2IIIb	-0.030	0.006
4450	Xi Hya	173.250417	-31.857778	3.54	0.94	G7III	-0.206	-0.040
4451		173.310833	-16.280556	6.05	0.60	F9III	-0.002	-0.043
4452		173.484583	+36.815556	6.40	1.05	K0III	-0.129	-0.046
4453		173.405417	-40.586944	5.39	0.12	A2IV-V	-0.071	0.024
4454		173.541667	+11.023611	6.55	0.18	A2m	0.045	-0.031
4455	89 Leo	173.591667	+3.060000	5.77	0.46	F5V	-0.182	-0.104
4456	90 Leo	173.677083	+16.796944	5.95	-0.16	B4V	-0.011	0.003
4457		173.770417	+54.785278	5.63	1.02	K0III	0.008	0.008
4458		173.622917	-32.831389	5.98	0.81	K0V	-0.674	0.826
4459		173.765833	+20.441389	6.45	1.01	G9III	-0.059	-0.005
4460		173.690417	-54.264167	4.62	-0.08	B9Ve	-0.056	0.017
4461	2 Dra	174.011667	+69.322778	5.20	1.01	K0III	0.111	-0.127
4462		173.736667	-49.136667	5.50	1.04	K1III-IV	-0.170	0.168
4463		173.805000	-47.372500	5.71	1.66	M3III	-0.089	-0.004
4464		173.930833	+10.911111	6.56	0.13	A4Vn	0.035	-0.023
4465		174.074583	+27.781111	5.80	0.23	F0V	0.023	0.003
4466		173.981667	-47.641667	5.25	0.25	A7m	0.036	-0.049
4467	Lam Cen	173.945000	-63.019722	3.13	-0.04	B9III	-0.041	-0.005
4468	21The Crt	174.170417	-9.802222	4.70	-0.08	B9.5Vn	-0.061	0.008
4469		174.145833	-33.570000	5.74	1.02	K0III	0.040	-0.037
4470		174.170000	-37.237778	6.31	0.06	A1V	-0.013	-0.019
4471	91Ups Leo	174.237083	-0.823889	4.30	1.00	G8.5IIICN-0.5	0.004	0.043
4472		174.092917	-61.052222	5.83	-0.09	B2.5IV	-0.021	0.008
4473		174.255000	-32.988056	6.29	0.46	F6III-IV	-0.011	-0.079
4474		174.470833	+50.618333	6.14	1.07	G9III:Ba2.5	-0.047	-0.021
4475		174.252500	-61.283333	5.15	1.12	K0III	-0.224	0.006
4476		174.391250	-47.747222	5.44	1.24	K2III	-0.072	0.027
4477	59 UMa	174.585833	+43.625556	5.59	0.33	F2II-III	-0.145	-0.033
4478		174.540833	+8.884167	6.17	1.08	K1III	-0.059	0.019
4479	Pi Cha	174.315000	-75.896667	5.65	0.35	F1III	-0.134	0.001
4480	60 UMa	174.639583	+46.834167	6.10	0.38	F5III s	-0.037	-0.033
4481		174.705000	+64.346944	6.46		A5IV	0.016	0.006
4482		174.634167	+33.625556	6.27	1.32	K2III	-0.028	-0.019
4483	1Ome Vir	174.615000	+8.134167	5.36	1.57	M4III	-0.006	0.005
4484		174.600417	-2.436111	6.22	1.12	G9III	-0.031	0.009
4485		174.451667	-67.620278	5.96	1.02	K0III	-0.083	-0.007
4486		174.687083	+45.108611	6.44	0.56	G0V	-0.594	0.026
4487		174.530417	-61.826389	5.15	-0.02	ApHgMn	-0.071	0.017
4488	24Iot Crt	174.667083	-13.201944	5.48	0.52	F7V	0.092	0.120
4489		174.751667	-24.721111	6.42	0.82	G5	0.033	-0.241
4490		174.962917	-14.468611	6.21	0.00	A1V	-0.038	-0.011
4491		174.960000	-16.620278	6.19	1.62	M3.5IIIBa0.2Ca1	-0.010	-0.009
4492		174.872500	-65.397778	5.17	0.80	G2III+A0V	-0.042	-0.006
4493		175.114167	+57.970556	6.37	-0.12	B9pHgMn:	-0.012	0.021
4494	Omi Hya	175.053333	-34.744722	4.70	-0.07	B9V	-0.042	0.000
4495	92 Leo	175.196250	+21.352778	5.26	0.98	K1III	-0.064	-0.049
4496	61 UMa	175.262500	+34.201667	5.33	0.72	G8V	-0.012	-0.381
4497		175.177500	-53.968611	5.96	1.66	M1III	0.004	-0.019
4498		175.285000	-29.196389	6.44	0.66	G0V	-0.324	0.215
4499		175.223333	-62.090000	4.94	1.15	G3Ib	-0.020	0.008
4500		175.431667	+55.172500	6.27	1.49	K5	-0.015	0.023
4501	62 UMa	175.392917	+31.746111	5.73	0.43	F4V	-0.351	0.032
4502		175.332500	-43.095833	5.55		A0V	-0.082	0.003
4503		175.433333	-32.499722	5.22	1.48	K5III+F7V	0.004	-0.042
4504	3 Dra	175.618333	+66.745000	5.30	1.28	K3III	-0.043	0.038
4505		175.521667	+22.210833	6.59		F2IV-V	-0.092	-0.063
4506		175.514583	-20.293889	6.22	0.95	K0	-0.015	-0.048
4507		175.255000	-83.100000	6.33	1.08	K0III	-0.071	0.015
4508		175.863333	-37.190278	5.98	1.46	K3III	-0.015	-0.024
4509		175.730833	-79.306389	6.39	0.90	K0III-IV	0.132	-0.008
4510		175.979583	-6.677222	6.07	0.96	gG8	0.059	-0.040
4511		175.880000	-62.489444	5.03	0.80	G00-IaFe1	-0.008	0.003
4512		176.055000	+25.218333	6.02	1.53	K5III	-0.014	0.012
4513		175.970417	-62.878333	6.10	0.06	A2III-IV	0.017	-0.015
4514	27Zet Crt	176.190833	-18.350833	4.73	0.97	G8IIIa	0.031	-0.030
4515	2Xi Vir	176.321250	+8.258333	4.85	0.18	A4V	0.061	-0.018
4516		176.302500	-49.069722	6.26	1.17	K1III	-0.031	0.014
4517	3Nu Vir	176.465000	+6.529444	4.03	1.51	M1IIIab	-0.018	-0.184
4518	63Chi UMa	176.512500	+47.779444	3.71	1.18	K0.5IIIb	-0.137	0.030
4519		176.432917	-45.690000	5.29	-0.12	B6III	-0.047	0.009
4520	Lam Mus	176.401667	-66.728611	3.64	0.16	A7III	-0.103	0.037
4521		176.731667	+55.628333	5.27	1.27	K2.5IIIbCN1Ca1	0.014	-0.030
4522		176.628333	-61.178333	4.11	0.90	G5Ib-II	-0.027	-0.015
4523		176.629583	-40.500556	4.91	0.66	G3V	-1.531	0.401
4524		176.779167	-35.906944	6.17	0.96	G8III	0.034	-0.037
4525		176.815417	-30.286944	6.48	0.68	G5V	-0.276	-0.240
4526		176.829583	-57.696389	5.41	1.67	K5III	-0.025	0.017
4527	93 Leo	176.996250	+20.218889	4.53	0.55	G5III-IVe+A7V	-0.149	-0.003
4528	4 Vir	176.978750	+8.245833	5.32	0.02	A1	-0.057	0.012
4529		177.097917	-10.313333	6.26	0.58	F7V	-0.099	-0.115
4530	Mu Mus	177.059583	-66.814722	4.72	1.54	K4III	0.013	-0.015
4531		177.161250	+14.284167	5.88	0.29	F0V	-0.107	0.007
4532		177.187917	-26.749722	5.11	1.60	M4+III	-0.032	-0.010
4533		177.255000	-0.318611	6.15	0.52	F7V	-0.217	0.009
4534	94Bet Leo	177.265000	+14.571944	2.14	0.09	A3V	-0.497	-0.114
4535		177.312083	+16.242778	6.04	0.27	A3m	0.054	-0.061
4536		177.423750	+34.931667	5.70	0.46	F5IV	-0.115	0.006
4537		177.421250	-63.788333	4.32	-0.15	B3Vne	-0.021	0.006
4538		177.485833	-70.225833	4.97	1.40	G6Ib	-0.009	0.001
4539		177.581250	-15.863889	6.13	0.95	K0	-0.013	0.009
4540	5Bet Vir	177.673750	+1.764722	3.61	0.55	F9V	0.743	-0.271
4541		177.613333	-62.649444	5.70	0.26	A2Iab	-0.012	-0.002
4542		177.654583	-27.277778	6.48	0.98	G8III	-0.087	0.010
4543		177.730417	+12.278889	6.35	0.27	F0IVm s	-0.137	0.023
4544		177.759167	-5.333333	5.64	1.06	K0III	0.003	0.000
4545		177.789167	+33.375000	6.27	0.32	Am	-0.021	0.019
4546		177.786250	-45.173611	4.46	1.30	K3III	-0.070	-0.010
4547		177.841250	-12.187778	6.35	0.40	F1III-IV	-0.238	0.048
4548		177.923333	-30.835000	5.85	0.56	F7V	-0.010	-0.295
4549		177.963333	-65.206111	4.90	-0.11	B4V	-0.039	-0.010
4550		178.245000	+37.718611	6.45	0.75	G8Vp	4.003	-5.813
4551		178.042083	-56.987778	5.57	0.07	A2V	-0.119	0.033
4552	Bet Hya	178.227500	-33.908056	4.28	-0.10	B9IIIpSi	-0.050	0.005
4553		178.361667	-35.066667	6.17	0.08	A2V	-0.079	-0.028
4554	64Gam UMa	178.457500	+53.694722	2.44	0.00	A0Ve	0.095	0.012
4555		178.459583	+0.551944	6.30	0.20	F0V	-0.039	-0.007
4556		178.547917	-57.410000	6.06	0.05	A0-1:III	-0.014	0.005
4557		178.607500	-37.748889	6.46	0.52	F7V	-0.309	0.060
4558		178.677083	-25.713889	5.30	0.88	G4III	0.048	0.081
4559	6 Vir	178.762917	+8.443889	5.58	0.94	gK0	-0.031	0.016
4560	65 UMa	178.773750	+46.476944	6.54	0.10	A3Vn	0.001	0.008
4561	65 UMa	178.796667	+46.469722	7.03	0.01	A1pCrEuSr:	-0.009	0.006
4562		178.808750	+36.756389	6.49	1.58	M3III	-0.054	-0.050
4563		178.749167	-63.278889	5.91	0.19	A3Ib	-0.026	0.011
4564	95 Leo	178.918750	+15.646667	5.53	0.11	A3V	0.009	0.002
4565		178.917083	-28.476944	5.93	1.50	K5III	0.004	-0.026
4566	66 UMa	178.993333	+56.598611	5.84	1.10	K1III	0.010	0.000
4567	30Eta Crt	179.003750	-17.150833	5.18	-0.02	A0V	-0.051	-0.006
4568		178.977917	-39.689167	6.13	1.02	K0III	0.048	-0.008
4569		179.221667	+61.549167	6.22	0.96	G8III	-0.031	-0.040
4570		179.182917	-47.072500	6.26	0.40	F5V	-0.126	0.016
4571		179.265417	-33.315278	6.21	-0.04	A0V	-0.055	0.003
4572		179.310833	+40.343611	6.62	0.46	F6V	-0.160	-0.062
4573		179.417083	-62.448889	5.57	-0.15	B3V	-0.022	-0.006
4574		179.530000	+32.273889	6.42	0.29	A9V	-0.109	-0.060
4575		179.585833	+61.464722	6.76		K0III	0.042	0.000
4576		179.563333	-56.317222	5.44	-0.08	B8III	-0.021	0.006
4577		179.584583	-40.947222	6.79	0.97	K1III	-0.057	0.021
4578		179.698750	-64.339167	5.61	0.18	A3Ib	-0.001	0.012
4579		179.726667	-25.908889	6.43	0.03	A0-1V	-0.027	-0.019
4580		179.764167	+0.530556	6.17	1.26	K2IV	-0.061	0.027
4581		179.823333	+33.167500	5.96	1.15	K1III	0.004	0.003
4582		179.795417	-51.696667	6.05	1.28	K1-2III	-0.012	-0.003
4583	Eps Cha	179.905417	-78.221944	4.91	-0.06	B9Vn	-0.057	-0.002
4584		179.988333	+34.035000	6.50	0.22	A9III	-0.064	0.042
4585	7 Vir	179.987083	+3.655278	5.37	0.00	A1V	-0.017	-0.006
4586		180.077500	+80.853056	6.17	1.61	M2III	-0.068	-0.038
4587		180.185417	-10.446111	5.55	0.77	G8-K0IV	0.126	-0.476
4588		180.177083	-21.837222	6.28	1.22	K0IV	0.028	0.006
4589	8Pi Vir	180.218333	+6.614167	4.66	0.13	A5V	0.001	-0.030
4590		180.213333	-19.658889	5.26	-0.20	B1.5V	-0.021	0.013
4591		180.257500	-1.768056	6.31	1.21	gG8	-0.015	-0.070
4592		180.370833	-57.503611	6.16	0.00	A0V	-0.073	-0.015
4593		180.414583	+36.041944	5.59	1.01	K0III	-0.091	-0.081
4594	67 UMa	180.528333	+43.045556	5.21	0.26	F0Vam	-0.326	0.070
4595		180.583750	-85.631667	6.05	1.29	K3III	-0.065	0.001
4596		180.619167	-71.488889	6.42	1.17	K1III	-0.064	0.018
4597		180.657083	-69.192222	5.89	-0.08	B9V	-0.039	-0.007
4598		180.715000	-7.683611	6.22	1.49	K5	-0.036	0.020
4599	The1Cru	180.756250	-63.312778	4.33	0.27	Am	-0.150	0.008
4600		180.915000	-42.434167	5.15	0.41	F6V	0.331	-0.114
4601		180.934583	-74.213889	6.44	1.23	G6III	-0.027	0.007
4602	2 Com	181.069167	+21.459167	5.87	0.22	F0IV-V	0.036	-0.004
4603	The2Cru	181.080000	-63.165556	4.72	-0.08	B2IV	-0.020	0.008
4604		181.161250	-68.329167	5.35	-0.01	A0IV	-0.054	-0.012
4605	Kap Cha	181.193750	-76.519167	5.04	1.49	K4III	-0.082	0.048
4606		181.117083	+85.587222	6.27	0.59	F6V	-0.056	0.092
4607		181.237917	-60.969167	5.96	1.67	M2III	-0.038	-0.032
4608	9Omi Vir	181.302083	+8.733056	4.12	0.98	G8IIIaCN-1Ba1CH1	-0.220	0.046
4609		181.312917	+76.905833	5.80	1.01	G9III	0.147	-0.091
4610		181.415417	+62.933056	6.13	1.17	K2III	-0.050	-0.075
4611		181.471667	-65.547222	6.33	0.22	B6Iab-Ib	-0.031	-0.012
4612		181.486250	-35.693889	6.23	-0.08	B8V	-0.031	-0.002
4613		181.499167	-3.131667	6.37	1.00	gG8	-0.028	-0.019
4614		181.582500	-68.650833	6.23	1.24	G3Ib	-0.014	0.020
4615		181.596250	-65.709167	6.06	0.65	G8-K0III+A3-5V	-0.049	0.002
4616	Eta Cru	181.720417	-64.613611	4.15	0.34	F2III	0.033	-0.037
4617		181.957500	-75.366944	5.18	1.30	K2II-III	-0.098	0.019
4618		182.021667	-50.661389	4.47	-0.15	B6IIIe	-0.035	-0.010
4619		182.020000	-50.763333	6.37	-0.05	B9V	-0.037	0.002
4620		182.061250	-48.692778	5.34	-0.01	B9V	-0.025	-0.017
4621	Del Cen	182.089583	-50.722500	2.60	-0.12	B2IVne	-0.034	-0.008
4622		182.102500	-60.847222	6.22	1.74	K3-4II	-0.013	0.003
4623	1Alp Crv	182.103333	-24.728889	4.02	0.32	F2III-IV	0.086	-0.040
4624		182.224167	-44.326111	5.75	0.24	A2mA5-F2	-0.046	-0.049
4625		182.227083	-41.231389	5.48	-0.07	B3IV	-0.024	-0.006
4626	10 Vir	182.422083	+1.897778	5.95	1.12	K3III	0.043	-0.178
4627		182.447083	+74.661389	6.35	0.50	F6IV	0.001	0.006
4628		182.510417	-34.705000	6.17	0.03	A0V	-0.052	-0.018
4629	11 Vir	182.514167	+5.806944	5.72	0.35	F2-6IIIm vs	-0.158	0.016
4630	2Eps Crv	182.531250	-22.619722	3.00	1.33	K2.5IIIaBa0.2:	-0.071	0.014
4631		182.640833	-37.870278	6.06	0.20	A5V	0.047	-0.035
4632	3 Com	182.631667	+16.809167	6.39	0.06	A4V	-0.017	0.001
4633		182.692083	+27.281389	6.01	0.11	A4Vn	-0.009	-0.014
4634		182.770417	-61.277500	6.08	0.39	F2-3IV	-0.134	-0.018
4635	3 Crv	182.766250	-23.602500	5.46	0.06	A2V	-0.063	-0.016
4636		182.762083	-45.422778	6.61	1.08	K0III	-0.018	0.009
4637		182.880833	-51.359444	6.23	0.82	G6III+G:	-0.208	-0.067
4638	Rho Cen	182.912917	-52.368611	3.96	-0.15	B3V	-0.035	-0.016
4639		182.750000	+81.710000	6.00	1.62	gK5	-0.029	0.007
4640	4 Com	182.963333	+25.870278	5.66	1.41	K4III	-0.038	-0.031
4641	68 UMa	182.937083	+57.054444	6.43		gK5	0.007	-0.013
4642		183.005000	+28.536111	6.49	0.36	F5V	0.097	-0.071
4643	5 Com	183.038750	+20.541944	5.57	0.95	K0II-III	-0.020	-0.019
4644		183.091667	-62.950833	5.92	0.29	B8Ia-Iab	-0.007	0.002
4645		183.195000	-70.151944	6.17	0.84	F6Ib	-0.022	-0.009
4646		183.049583	+77.616389	5.14	0.33	A5m	0.010	0.022
4647		183.304167	-34.125556	6.50	1.66	M4III	-0.030	-0.006
4648		183.355417	-38.929167	5.76	-0.13	B4IV	-0.003	-0.006
4649		183.482083	-78.573611	6.35	1.24	K2-3IIICNII	-0.033	-0.003
4650	12 Vir	183.357917	+10.262222	5.85	0.27	A2m	-0.091	-0.010
4651		183.402917	-33.792778	6.33	0.08	A0V	-0.006	-0.011
4652		183.510833	-45.723889	5.31	1.43	K3III	-0.042	0.007
4653		183.570000	-64.408611	6.22	0.12	B1.5Ia	-0.013	0.004
4654		183.680833	+53.434722	6.16	1.04	gK0	-0.019	-0.015
4655		183.748333	-20.844167	5.83	1.05	gG7	0.001	0.004
4656	Del Cru	183.786250	-58.748889	2.80	-0.23	B2IV	-0.041	-0.009
4657		183.794167	-10.312500	6.11	0.46	F5V	0.034	-1.017
4658		183.877083	-41.913056	6.26	1.01	K0III	-0.331	-0.175
4659		183.785417	+70.200000	5.71	1.19	gK2	-0.023	-0.026
4660	69Del UMa	183.856667	+57.032500	3.31	0.08	A3V	0.104	0.009
4661		183.945833	-23.353611	6.54	0.45	F3V	0.039	-0.030
4662	4Gam Crv	183.951667	-17.541944	2.59	-0.11	B8IIIpHgMn	-0.161	0.023
4663	6 Com	184.000833	+14.898889	5.10	0.06	A3V	-0.080	-0.034
4664		184.097917	-72.614722	6.22	-0.01	A0V	-0.053	-0.026
4665		183.922500	+72.550833	6.29	1.14	K0IIIe+K0IIIe	-0.014	-0.035
4666	2 CVn	184.031667	+40.660278	5.66	1.55	M1III+F7V	0.017	-0.032
4667	7 Com	184.085417	+23.945278	4.95	0.97	G8IIIFe-0.5	-0.027	-0.007
4668		184.125417	+33.061389	5.00	1.14	K0.5IIIb	-0.053	-0.111
4669		184.275000	-65.692778	6.06	0.03	A0V	-0.057	-0.001
4670		184.263750	-16.693611	6.05	0.10	A2IV	-0.048	0.003
4671	Eps Mus	184.392083	-67.960833	4.11	1.58	M5III	-0.244	-0.025
4672		184.372917	+53.191111	5.81	1.30	K6III	0.034	-0.046
4673		184.377083	+28.937222	5.70	0.16	A4m:	-0.042	0.037
4674	Bet Cha	184.586250	-79.312222	4.26	-0.12	B5Vn	-0.048	0.017
4675		184.447083	-36.093889	6.15	0.01	A0V	-0.037	-0.006
4676		184.434583	+15.144167	6.34	1.37	K4III	0.044	-0.063
4677		184.537917	-3.954444	6.99	0.36	F3V	-0.017	0.016
4678		184.540000	-3.948611	6.54	0.33	F2V	-0.013	0.024
4679	Zet Cru	184.608750	-64.003056	4.04	-0.17	B2.5V	-0.050	-0.010
4680		184.631667	+30.249167	6.23	0.30	A9.5III	0.077	-0.116
4681	13 Vir	184.667917	-0.787222	5.90	0.17	A5Vn	0.029	-0.016
4682		184.748750	-55.143056	5.00	1.59	M1III	-0.076	-0.014
4683		184.214167	+86.436111	6.33	0.43	F4V	0.210	-0.003
4684		184.758750	+26.007778	6.48	0.18	A5-7mIV-V	-0.004	-0.022
4685	8 Com	184.829583	+23.034722	6.27	0.17	A5III vs	-0.022	-0.012
4686		183.834583	+87.700000	6.28	0.35	F2V	-0.028	0.054
4687		184.707917	+75.160556	5.38	-0.02	A1V	-0.040	0.002
4688	9 Com	184.873333	+28.156944	6.33	0.50	F8V s	-0.197	-0.129
4689	15Eta Vir	184.976667	-0.666944	3.89	0.02	A2IV	-0.063	-0.018
4690	3 CVn	184.952917	+48.984167	5.29	1.66	M0III	-0.012	0.007
4691		185.044583	-22.175556	5.97	0.82	G3IV	-0.109	-0.025
4692		185.116667	-65.842778	6.21	-0.04	B9V	-0.056	-0.015
4693		185.082083	+26.619444	5.54	1.09	K2III-IV	-0.065	-0.107
4694		185.073750	+26.001944	6.15	0.30	F0IV	-0.145	0.019
4695	16 Vir	185.087500	+3.312500	4.96	1.16	K0-IIIbFe-1	-0.292	-0.065
4696	5Zet Crv	185.140417	-22.215833	5.21	-0.10	B8Vne	-0.095	-0.028
4697	11 Com	185.179167	+17.792778	4.74	1.01	G8+III	-0.111	0.092
4698		185.172083	+27.054722	7.13	0.36	F3V+F3V	-0.001	-0.114
4699		185.232083	-13.565556	5.14	1.05	K1III	-0.006	0.014
4700	Eps Cru	185.340000	-60.401111	3.59	1.42	K3-4III	-0.175	0.087
4701	70 UMa	185.211667	+57.863889	5.55	1.43	K5III	0.041	-0.073
4702		185.489583	-56.374722	5.92	1.57	K4III+F:	-0.008	-0.012
4703	Zet2Mus	185.530417	-67.521944	5.15	0.19	A5V	-0.031	-0.003
4704	Zet1Mus	185.549583	-68.307500	5.74	1.04	K0III	-0.016	-0.057
4705		185.545000	+24.773889	6.19	-0.01	A0V	-0.062	-0.008
4706		185.705417	-57.676111	5.39	-0.10	B9V	-0.046	-0.013
4707	12 Com	185.626250	+25.846111	4.81	0.49	G0III-IV+A3V	-0.011	-0.009
4708	17 Vir	185.633333	+5.305556	6.40	0.60	F8V	-0.166	-0.053
4709		186.406250	-86.150556	6.33	1.08	K0III	-0.017	-0.001
4710		185.807500	-67.631667	6.36	0.89	G8-K0IV	-0.759	0.254
4711	6 Crv	185.840000	-24.840556	5.68	1.16	gK1	-0.019	-0.010
4712		185.897500	-35.412778	5.32	-0.08	B9III	-0.036	-0.003
4713		185.903750	-39.303056	6.40	0.29	F2V	-0.009	-0.016
4714		185.937083	-38.911111	5.79	-0.08	B9V	-0.036	0.000
4715	4 CVn	185.945833	+42.542778	6.06	0.33	F3III-IV	-0.078	0.015
4716	5 CVn	186.006250	+51.562222	4.80	0.87	G6IIIBa0.2	0.014	0.013
4717	13 Com	186.077083	+26.098611	5.18	0.08	A3V	-0.016	-0.011
4718		186.186250	-41.384167	6.25	1.18	K2-3III	-0.064	-0.071
4719		186.111250	+25.582778	6.42	0.27	A7V+F4V	-0.014	-0.004
4720		186.322083	-65.770556	6.30	0.96	G8-K0IV	-0.080	-0.121
4721		186.285417	-42.514444	6.11	0.65	G5III+F-G	-0.130	-0.022
4722		186.298750	-11.610278	5.95	0.03	A1V	-0.065	-0.023
4723		186.326667	-27.749167	6.09	1.27	K1III	0.005	-0.001
4724		186.340833	-35.186389	5.73	-0.06	B9III	-0.034	-0.006
4725		186.312917	+23.926111	6.03	1.10	K0III	0.058	-0.038
4726	71 UMa	186.263333	+56.777500	5.81	1.62	M3IIIb	-0.014	-0.018
4727		186.276667	+63.802778	6.32	0.91	G8III	-0.015	0.002
4728	6 CVn	186.462083	+39.018611	5.02	0.96	G9III	-0.078	-0.032
4729		186.628750	-63.122500	4.86	-0.12	B4IV	-0.040	-0.025
4730	Alp1Cru	186.649583	-63.099167	1.33	-0.24	B0.5IV	-0.036	-0.012
4731	Alp2Cru	186.652083	-63.099444	1.73	-0.26	B1V	-0.034	-0.007
4732		186.631667	-51.450833	4.82	-0.14	B3Vn	-0.044	-0.017
4733	14 Com	186.600417	+27.268333	4.95	0.27	F0p	-0.013	-0.008
4734		186.700833	-48.913333	6.26	0.68	G3-5V	-0.633	-0.082
4735		186.715417	-32.830000	5.55	0.01	B9V	-0.005	-0.027
4736		186.852500	-63.789167	6.00	0.07	B8IV	-0.035	-0.018
4737	15Gam Com	186.734583	+28.268333	4.36	1.13	K1IIIFe0.5	-0.083	-0.080
4738	16 Com	186.747083	+26.825556	5.00	0.08	A4V	-0.006	-0.011
4739		186.869583	-58.991944	5.50	1.45	M4-5III	-0.031	0.005
4740		186.600833	+71.929722	6.24	1.06	gG8	-0.153	-0.023
4741		186.925417	+8.610278	6.37	0.93	G8III	0.018	-0.010
4742		186.955833	-16.631944	6.35	0.84	G3III	-0.018	0.003
4743	Sig Cen	187.010000	-50.230556	3.91	-0.19	B2V	-0.030	-0.015
4744		187.078750	-64.341389	6.04	0.02	A0Vn	-0.068	-0.027
4745	73 UMa	186.896250	+55.712778	5.70	1.55	M2IIIb	-0.021	-0.012
4746		186.965000	-4.615278	6.22	0.44	A8n	-0.086	0.006
4747		187.106250	-61.795278	6.22	1.26	K2III	-0.034	-0.014
4748		187.093750	-39.041389	5.44	-0.08	B8V	-0.023	-0.017
4749		187.139167	-56.407778	6.15	0.92	K0-1III	-0.240	-0.220
4750		187.158750	+26.226667	6.54	0.17	A2m	-0.020	-0.014
4751		187.185833	+25.899167	6.65	0.22	Am(A2/A9V/F0)	-0.018	-0.021
4752	17 Com	187.227917	+25.912778	5.29	-0.05	A1IVp	-0.025	-0.020
4753	18 Com	187.362083	+24.108889	5.48	0.43	F5III	-0.031	-0.001
4754		187.474583	-56.524722	5.80	1.56	M1III	-0.022	0.019
4755		187.491250	-41.736111	6.02	1.52	M2II-III	0.008	-0.025
4756	20 Com	187.430000	+20.896111	5.69	0.07	A3V	0.024	-0.032
4757	7Del Crv	187.466250	-16.515556	2.95	-0.05	B9.5V	-0.210	-0.138
4758		187.520000	-13.393056	6.35	0.56	G0V	-0.248	-0.041
4759		187.572917	-23.696667	5.63	1.67	M0III	-0.020	-0.003
4760	74 UMa	187.488750	+58.405833	5.35	0.20	A5Del Del	-0.062	0.091
4761	7 CVn	187.512083	+51.535556	6.21	0.51	F6-8V	-0.289	0.024
4762	75 UMa	187.517917	+58.767500	6.08	0.98	G8III-IV	0.031	-0.024
4763	Gam Cru	187.791250	-57.113333	1.63	1.59	M3.5III	0.023	-0.262
4764	Gam Cru	187.819583	-57.081111	6.42	0.16	A3V	0.002	0.000
4765	4 Dra	187.527917	+69.201111	4.95	1.62	M3IIIa	-0.059	-0.052
4766	21 Com	187.752500	+24.567222	5.46	0.05	A2p	-0.012	-0.009
4767		187.708750	+53.076667	6.21	0.54	F8-G0V	0.015	0.181
4768		187.917917	-59.423889	5.48	0.63	F7Ib-II	-0.018	-0.004
4769		188.041667	-73.001667	5.88	1.11	K1III	0.038	-0.024
4770		187.839167	+7.604167	6.05	1.52	K5	-0.018	0.010
4771		187.982500	-63.506111	5.95	0.27	A8III	-0.063	0.008
4772		187.911250	-5.052500	6.19	1.04	gG9	-0.038	0.031
4773	Gam Mus	188.116667	-72.133056	3.87	-0.15	B5V	-0.058	-0.002
4774		188.018750	-32.533611	6.46	0.20	A3V	-0.015	-0.008
4775	8Eta Crv	188.017500	-16.196111	4.31	0.38	F2III-IV	-0.426	-0.061
4776		188.150000	-13.859167	5.74	0.40	F2V	-0.144	-0.051
4777	20 Vir	188.262083	+10.295556	6.26	0.95	G8III	-0.051	0.005
4778		188.343333	-19.791944	6.26	0.29	F2V	-0.013	-0.002
4779		188.392917	-12.830278	5.58	0.86	G8III	-0.016	0.052
4780	22 Com	188.392500	+24.283056	6.29	0.11	A4Vm	-0.018	-0.004
4781	21 Vir	188.445000	-9.451944	5.48	-0.03	A0V	-0.080	0.007
4782		188.496667	-49.909444	6.38	0.46	F3III-IV	-0.163	-0.040
4783		188.412083	+33.247500	5.42	1.00	K0IIICN-1	0.020	-0.033
4784		188.447500	+33.384722	6.24	1.05	K0III	0.002	-0.008
4785	8Bet CVn	188.435417	+41.357500	4.26	0.59	G0V	-0.705	0.292
4786	9Bet Crv	188.596667	-23.396667	2.65	0.89	G5II	0.002	-0.054
4787	5Kap Dra	188.370833	+69.788333	3.87	-0.13	B6IIIpe	-0.059	0.012
4788		188.676250	-44.673333	5.77	0.70	G1V	-0.083	-0.215
4789	23 Com	188.712917	+22.629167	4.81	0.00	A0IV	-0.065	0.021
4790		188.870833	-61.841944	6.22	0.73	G3III	-0.304	-0.084
4791	24 Com	188.776250	+18.377222	6.56	0.25	A9Vm	-0.003	0.024
4792	24 Com	188.782500	+18.376944	5.02	1.15	K2III	-0.006	0.023
4793		188.783750	+21.881389	5.85	1.22	K1III	0.014	-0.019
4794		188.939583	-41.021944	5.13	0.22	A7III	-0.107	-0.001
4795	6 Dra	188.683333	+70.021944	4.94	1.31	K3III*	-0.032	0.000
4796		189.005000	-39.870000	5.80	0.01	A0V	-0.034	-0.037
4797		188.994167	-20.527222	6.20	0.33	F0III	0.014	-0.037
4798	Alp Mus	189.295833	-69.135556	2.69	-0.20	B2IV-V	-0.048	-0.013
4799	25 Vir	189.197500	-5.831944	5.87	0.07	A3V	-0.028	-0.018
4800		189.097083	+59.486944	5.50		M4IIIe	-0.025	-0.011
4801	25 Com	189.242917	+17.089444	5.68	1.41	K5III	-0.037	-0.016
4802	Tau Cen	189.425833	-48.541111	3.86	0.05	A2V	-0.184	-0.005
4803		189.425833	-27.138889	5.45	0.32	F1IV	0.076	-0.091
4804		189.810417	-75.369444	6.49	0.08	B8Vne	-0.032	0.031
4805		189.518333	+3.282500	6.33	0.01	A1V	-0.029	-0.009
4806		189.718750	-67.193056	6.25	0.06	B1Ia	-0.006	-0.002
4807		189.593333	+1.854722	5.71	1.60	M3+IIIbCa0.5	-0.080	-0.018
4808		189.625000	+6.988333	7.08	1.44	M4.5IIIe	-0.026	-0.004
4809		189.685833	-18.250278	6.00	0.29	dA6	-0.119	0.025
4810		189.764583	-30.422222	5.89	1.21	K2-3III	-0.034	-0.006
4811	9 CVn	189.692917	+40.874444	6.37	0.18	A7Vn	-0.026	-0.016
4812		189.758750	+22.659444	6.38	1.10	K1III	-0.050	-0.016
4813	26Chi Vir	189.811667	-7.995556	4.66	1.23	K2III-IIIbCN1	-0.076	-0.025
4814		189.981667	-66.511667	6.26	-0.05	B8V	-0.059	-0.021
4815	26 Com	189.780417	+21.062500	5.46	0.96	G9III	-0.081	-0.013
4816		189.820417	+35.951944	6.45	0.06	A0pSrCrEu	0.022	-0.006
4817		189.968750	-39.987500	4.64	-0.08	B8II/III	-0.047	-0.030
4818		190.345833	-46.145556	5.84	1.52	K4III	-0.069	0.057
4819	Gam Cen	190.379167	-48.959722	2.17	-0.01	A1IV	-0.189	-0.005
4820		190.521250	-69.407500	6.33	0.78	F7Ib-G2	-0.004	-0.002
4821		190.316667	-13.013611	6.08		F3Vn	-0.113	0.019
4822		190.317500	-13.015000	5.98	0.42	F5V	-0.127	0.008
4823		190.485833	-59.685833	4.93	-0.04	B6IVe	-0.025	-0.002
4824	27 Vir	190.393333	+10.426389	6.19	0.19	A7Vn	-0.109	0.004
4825	29Gam Vir	190.415000	-1.449444	3.65	0.36	F0V	-0.565	0.012
4826	29Gam Vir	190.415000	-1.449444	3.68		F0V	-0.565	0.012
4827		190.455000	-19.758611	6.03	0.39	F3-5III	-0.212	0.027
4828	30Rho Vir	190.471250	+10.235556	4.88	0.09	A0V	0.084	-0.091
4829	31 Vir	190.487917	+6.806667	5.59	0.00	A2V	-0.068	-0.012
4830		190.709583	-63.058611	5.31	0.27	B1IIIe	-0.015	0.000
4831		190.647500	-48.813056	4.66	1.09	K0III	-0.127	-0.032
4832		190.706667	-55.947222	6.08	-0.03	B9V	-0.047	-0.019
4833	76 UMa	190.391250	+62.713056	6.07	0.01	A2III	-0.032	-0.017
4834		190.787917	-56.176111	6.00	-0.08	B7-8V	-0.041	-0.010
4835		190.867500	-58.903056	6.40	1.09	K0-1III	-0.085	-0.011
4836		190.859583	-40.177778	6.44	0.25	A8V:	0.027	-0.014
4837		190.908750	-1.576944	5.93	0.86	G8IIIp	0.050	-0.076
4838		190.994583	-36.349167	6.39	-0.06	A0V	0.013	-0.007
4839		191.002083	-28.323889	5.48	1.34	K4III	-0.027	-0.038
4840		190.767500	+61.155556	6.38	1.26	K0	-0.047	0.026
4841		191.257083	-68.831111	6.16	0.69	F6Ia	-0.032	-0.015
4842	Iot Cru	191.407917	-60.981111	4.69	1.05	K0III	0.098	-0.063
4843		191.112917	+44.103056	6.33	0.43	F6IV	-0.027	0.005
4844	Bet Mus	191.570417	-68.108056	3.05	-0.18	B2.5V	-0.039	-0.017
4845	10 CVn	191.247917	+39.278889	5.95	0.55	G0V	-0.355	0.139
4846		191.282500	+45.440278	4.99	2.54	C7I	-0.001	0.015
4847	32 Vir	191.404583	+7.673333	5.22	0.33	F0IIIm	-0.107	0.004
4848		191.594583	-56.488889	4.65	-0.16	B3V	-0.036	-0.013
4849	33 Vir	191.593750	+9.540000	5.67	0.99	K1III-IV	0.277	-0.446
4850		191.691667	-33.315556	5.86	1.34	K3III	-0.007	-0.030
4851	27 Com	191.661250	+16.577500	5.12	1.35	K3III	0.009	0.007
4852		191.108333	+80.621111	6.40	0.12	A5m	0.030	-0.042
4853	Bet Cru	191.930000	-59.688611	1.25	-0.23	B0.5III	-0.048	-0.014
4854		191.759583	+5.950833	6.34	-0.05	A0pSrEuCr	0.035	-0.043
4855	34 Vir	191.806667	+11.958056	6.07	0.12	A3V	0.042	-0.018
4856		191.889167	-6.301944	6.26	0.55	F7V	0.001	-0.044
4857		191.973750	-24.851667	6.44	-0.06	B8III	-0.041	0.040
4858	35 Vir	191.964167	+3.572778	6.41	1.60	M3IIIb	-0.006	-0.003
4859		191.828750	+62.780833	5.89		A9V	0.016	-0.001
4860		192.110000	-27.597500	5.66	0.95	G5III-IV	-0.139	-0.063
4861	28 Com	192.059583	+13.553056	6.56	0.01	A1V	-0.047	-0.028
4862		192.437083	-71.986389	5.55	1.17	G8Ib-II	0.001	-0.005
4863	7 Dra	191.893333	+66.790278	5.43	1.56	gK5	0.010	-0.005
4864		192.195833	+24.840278	6.31	0.70	G7V	-0.339	-0.108
4865	29 Com	192.225833	+14.122500	5.70	0.02	A1V	0.026	-0.019
4866	11 CVn	192.174167	+48.466944	6.27	0.18	A6m	-0.065	0.016
4867		192.164167	+60.320000	5.85	0.46	F5V	0.105	0.001
4868		192.550000	-60.400833	6.75	0.35	A3II	-0.007	-0.017
4869	30 Com	192.322500	+27.552222	5.78	0.03	A2V	-0.096	0.021
4870	Iot Oct	193.744167	-85.123333	5.46	1.02	K0III	0.062	0.028
4871		192.581667	-48.459722	6.24	0.05	A0V	-0.037	0.002
4872		192.741250	-52.787500	5.73	0.13	A5V	-0.026	-0.012
4873		192.572500	+22.863333	6.43	1.00	K0III	0.109	-0.069
4874		192.671667	-33.999444	4.91	-0.04	A0IV	-0.028	-0.020
4875		192.544583	+37.516944	5.89	0.15	A3V	-0.097	0.027
4876		192.824167	-60.329722	5.72	0.38	A2Iabe	-0.025	0.007
4877		192.845417	-10.338333	6.41	1.02	G8III	-0.008	-0.006
4878	37 Vir	192.903750	+3.056667	6.02	1.29	gK4	-0.035	0.020
4879		192.986667	-39.680833	5.98	-0.10	B8V	-0.035	-0.028
4880		193.022083	-48.094167	6.33	0.03	A0IV	-0.060	0.013
4881		192.991250	-26.738056	6.15	0.23	A0III	-0.111	0.040
4882		193.102500	-53.829444	6.24	1.13	G8Ib-II	-0.020	0.012
4883	31 Com	192.924583	+27.540556	4.94	0.67	G0III	-0.012	-0.008
4884	32 Com	193.051250	+17.073889	6.32	1.59	M0III	0.001	-0.007
4885		193.266250	-54.952500	5.93	1.31	K2III	-0.119	0.011
4886		193.115000	+16.122500	6.30	0.16	A7V	-0.043	-0.019
4887		193.340833	-60.328611	5.76	0.33	B9Ia	-0.013	0.000
4888		193.278750	-48.943333	4.33	1.37	K3-4III	-0.076	-0.030
4889		193.359167	-40.178889	4.27	0.21	A7III	0.063	-0.022
4890	Kap Cru	193.454583	-60.376944	5.90	0.20	B5Ia	0.004	-0.021
4891	38 Vir	193.296667	-3.553056	6.11	0.50	F5V	-0.262	-0.003
4892		192.277500	+83.418056	5.85	-0.06	A0V+A2V	-0.026	0.022
4893		192.306667	+83.412778	5.28	-0.03	A1IIIShell	-0.029	0.020
4894	35 Com	193.324167	+21.245000	4.90	0.90	G8III+F6V	-0.047	-0.022
4895		193.591667	-58.430556	6.58	0.76	F7Ib-II	-0.014	-0.001
4896		193.408750	-4.223889	6.44	1.10	K0	0.001	-0.041
4897	Lam Cru	193.663333	-59.146667	4.62	-0.15	B4Vne	-0.036	-0.010
4898	Mu 1Cru	193.648333	-57.177778	4.03	-0.17	B2IV-V	-0.033	-0.006
4899	Mu 2Cru	193.653333	-57.168333	5.17	-0.12	B5Vne	-0.035	-0.001
4900	41 Vir	193.457083	+12.418611	6.25	0.27	A7III	0.051	-0.024
4901		193.577917	-11.648611	6.00	0.08	A2V	-0.141	0.013
4902	40Psi Vir	193.588333	-9.538889	4.79	1.60	M3-IIICa-1	-0.024	-0.015
4903		193.743750	-44.151944	5.89	0.64	G1V	-0.223	-0.225
4904		193.554583	+33.534444	6.26	0.20	A7IV	-0.090	0.032
4905	77Eps UMa	193.507083	+55.959722	1.77	-0.02	A0pCr	0.112	-0.006
4906		193.830833	-42.915833	5.47	1.68	M0III	-0.038	-0.012
4907		194.131250	-72.185278	5.93	1.13	G8III	-0.027	-0.011
4908		193.987500	-56.836111	5.32	0.01	O9Ib	-0.024	-0.010
4909		193.735417	+47.196667	5.84	1.55	M5III	-0.016	-0.006
4910	43Del Vir	193.900833	+3.397500	3.38	1.58	M3+III	-0.469	-0.054
4911		193.972083	-15.326944	6.17	0.00	A0Vn	-0.017	0.003
4912		194.125417	-26.460278	6.62	0.68	F3Ia	0.013	-0.015
4913		194.268333	-51.198611	5.16	-0.06	B8-9V	-0.026	-0.015
4914	12Alp1CVn	194.001667	+38.314722	5.60	0.34	F0V	-0.236	0.062
4915	12Alp2CVn	194.007083	+38.318333	2.90	-0.12	A0pSiEuHg	-0.234	0.056
4916	8 Dra	193.868750	+65.438611	5.24	0.28	F0V	-0.005	-0.029
4917		194.073333	+54.099444	5.82	0.19	A5m	-0.077	0.001
4918		194.388333	-22.753889	6.31	1.07	G5	-0.052	-0.029
4919		194.282083	+46.176944	6.12	1.01	K0III-IV	-0.022	-0.047
4920	36 Com	194.730833	+17.409444	4.78	1.56	M1-IIIb	-0.039	0.034
4921	44 Vir	194.914583	-3.811944	5.79	0.18	A3V	-0.037	0.008
4922		195.135833	-33.505278	6.02	0.38	F0V	-0.078	-0.079
4923	Del Mus	195.567500	-71.548889	3.62	1.18	K2III	0.256	-0.021
4924	37 Com	195.068750	+30.785000	4.90	1.17	G9IIICH-2Fe1Ca1	-0.018	-0.013
4925	46 Vir	195.149583	-3.368611	5.99	1.12	K2III	-0.025	0.050
4926		195.161667	+18.373056	6.20	0.42	F6V s	-0.226	0.060
4927		194.697083	+75.472500	6.01	0.99	K0III	0.008	0.010
4928	9 Dra	194.979583	+66.597222	5.32	1.29	K2III	-0.139	-0.013
4929	38 Com	195.290000	+17.123056	5.96	0.96	K0III	-0.005	-0.025
4930		195.771667	-71.476111	6.03	0.05	B1.5IIIne	-0.023	-0.014
4931	78 UMa	195.182500	+56.366389	4.93	0.36	F2V	0.114	-0.009
4932	47Eps Vir	195.544167	+10.959167	2.83	0.94	G8IIIab	-0.273	0.020
4933	Xi 1Cen	195.888333	-49.527222	4.85	0.02	A0V	-0.059	-0.014
4934		195.445000	+63.610278	6.00	0.41	F6V	-0.180	0.029
4935		195.942083	-20.583056	5.58	0.56	F7V	0.142	0.018
4936		195.668333	+59.716111	6.53	0.05	A3Vn	-0.029	-0.016
4937	48 Vir	195.976667	-3.663333	6.59	0.29	F0V	-0.035	-0.036
4938		196.200417	-41.196667	6.26	1.68	M3-4III	-0.028	-0.034
4939		196.378333	-52.115000	6.43	1.70	M1III	-0.048	0.032
4940		196.569583	-48.463611	4.71	-0.14	B5V	-0.030	-0.023
4941		196.646250	-41.588611	5.59	1.05	K0II-III	0.046	-0.017
4942	Xi 2Cen	196.727500	-49.906111	4.27	-0.19	B1.5V	-0.026	-0.012
4943	14 CVn	196.435417	+35.798889	5.25	-0.08	B9V	-0.030	0.021
4944		196.850833	-59.860556	5.99	0.48	F8-G2+B9IV	-0.027	-0.012
4945		196.467917	+45.268611	5.63	1.13	K1III	-0.012	0.028
4946	39 Com	196.588333	+21.153333	5.99	0.39	F4V	-0.069	-0.046
4947		196.726250	-35.861944	6.54	-0.02	A0IV-III	0.041	-0.078
4948		196.542500	+29.029444	6.54	0.05	A3IV	-0.069	0.001
4949	40 Com	196.594167	+22.616111	5.60	1.59	M5III	0.025	-0.049
4950		196.207083	+73.025278	6.31		F0V	-0.019	0.020
4951		196.909583	-53.459722	5.71	-0.07	B8V	-0.039	-0.024
4952	The Mus	197.029167	-65.306389	5.51	-0.02	B0Ia+WC5:	-0.016	-0.009
4953		196.594583	+62.041944	6.14	0.99	G7III	0.005	-0.037
4954	41 Com	196.794583	+27.624722	4.80	1.48	K5III	0.031	-0.070
4955	49 Vir	196.974167	-10.740278	5.19	1.14	K2III	0.017	-0.006
4956		196.973333	+27.555833	6.19	1.36	K4III	-0.041	-0.064
4957		197.135417	-8.984444	5.55	1.18	K3III	-0.032	-0.062
4958	45Psi Hya	197.263750	-23.118056	4.95	1.05	K1III	-0.024	-0.036
4959		197.310000	-9.538333	6.32	1.02	K0	-0.033	-0.009
4960		197.301667	+10.022222	5.78	1.00	K0III	0.017	-0.003
4961	50 Vir	197.438750	-10.329444	5.94	1.49	K5III	-0.008	-0.012
4962		197.449167	+16.848611	5.91	1.45	K5III	-0.069	-0.012
4963	51The Vir	197.487500	-5.538889	4.38	-0.01	A1IV s+Am	-0.032	-0.033
4964		197.411250	+37.423056	6.02	1.15	K3III	-0.103	0.005
4965		197.743333	-52.566944	6.06	-0.09	ApSi	-0.041	-0.017
4966		197.965000	-69.941944	5.91	0.42	F3IV-V	0.036	0.006
4967	15 CVn	197.425000	+38.533889	6.28	-0.12	B7III	-0.016	0.003
4968	42Alp Com	197.497083	+17.529444	5.22	0.45	F5V	-0.431	0.136
4969	42Alp Com	197.497083	+17.529444	5.22		F5V	-0.430	0.136
4970		197.786667	-42.233056	5.79	0.52	F7IV	-0.080	-0.024
4971	17 CVn	197.513333	+38.498889	5.91	0.29	A9III-IV	-0.070	0.044
4972		197.971250	-63.302778	6.33	0.44	A8II-III	-0.006	0.003
4973		197.846667	-43.368889	5.25	1.05	K1-2III	-0.117	-0.027
4974		197.459167	+62.229167	6.54	-0.02	A1V	-0.030	-0.008
4975		198.072500	-59.920833	4.60	-0.08	B8V	-0.049	-0.024
4976		198.571667	-78.447222	5.85	1.07	F8Ib	-0.018	0.004
4977		198.203750	-66.226944	5.90	0.06	A0Vm:	0.024	0.006
4978		197.913333	-26.551667	6.50	0.19	A5Vn	-0.068	0.004
4979		198.013333	-37.803056	4.85	0.70	G3V	-0.385	0.047
4980		198.233333	-59.816667	6.16	0.60	G0V	0.014	-0.107
4981	53 Vir	198.014583	-16.198611	5.04	0.46	F5III-IV	0.098	-0.286
4982		198.212083	-42.699722	6.22	1.06	K0III	-0.020	0.003
4983	43Bet Com	197.968333	+27.878056	4.26	0.57	F9.5V	-0.801	0.882
4984		198.035000	+24.258056	6.33	0.98	K1III	-0.008	-0.041
4985		198.347917	-50.700000	5.89	-0.02	B9V	-0.019	-0.027
4986		198.137083	+11.556111	5.77	1.51	M0III	-0.050	-0.033
4987		198.149583	+18.751667	6.53	0.88	G8III	-0.065	-0.003
4988		198.550417	-58.683889	5.89	1.08	K0-1III	-0.051	-0.012
4989		198.561667	-59.103333	4.92	0.48	F7IV	-0.265	-0.157
4990	54 Vir	198.361667	-18.826667	6.28	0.09	B9III	-0.020	-0.017
4991		198.489583	-43.138889	6.16	1.38	K4III	-0.170	0.028
4992		198.301667	+18.726944	6.11	1.20	G8III	-0.215	-0.049
4993	Eta Mus	198.812083	-67.894444	4.80	-0.08	B8V	-0.041	-0.008
4994		198.857083	-69.679722	6.37	1.21	K2-3III	-0.101	-0.048
4995	55 Vir	198.545417	-19.930833	5.33	0.87	G6V	-0.122	0.167
4996		198.679583	-48.956667	5.89	1.06	K1III	-0.129	-0.081
4997		198.429167	+40.152778	4.92	1.06	G8IIIaCN0.5	-0.048	0.015
4998		198.630417	+11.331667	5.67	1.50	M0III	0.074	-0.052
4999		198.790417	-36.371111	6.19	0.97	K1III	-0.012	-0.015
5000		199.186667	-65.138333	6.07	0.44	F5V	-0.103	-0.052
5001	57 Vir	198.995000	-19.943056	5.22	1.03	K1III-IV	0.306	-0.116
5002		199.304167	-66.783611	4.87	1.50	K2Ib-II	-0.020	-0.014
5003		198.383333	+72.798889	6.59	0.08	A2V	0.017	-0.016
5004	19 CVn	198.883333	+40.855278	5.79	0.19	A7V	-0.108	0.015
5005		199.106250	-1.390556	6.68	0.31	F1IV	-0.035	-0.028
5006		199.221250	-31.506111	5.10	0.96	K1III	0.034	-0.048
5007		199.059583	+19.051667	6.45	0.98	G8III	-0.102	0.002
5008		199.307917	-43.979444	5.84	0.20	Am	0.000	-0.008
5009		198.105833	+80.471389	6.25	0.94	K0Ib	-0.009	0.012
5010		199.134583	+19.785278	6.45	0.25	F0V	-0.110	0.023
5011	59 Vir	199.193750	+9.424167	5.22	0.59	G0V s	-0.334	0.190
5012		199.828750	-72.035556	6.04	1.35	K3III	-0.013	-0.056
5013		199.315000	+13.675556	5.33	1.31	K3III	0.007	0.039
5014		199.374583	-0.676667	6.37	0.26	F0V	-0.058	-0.025
5015	60Sig Vir	199.401250	+5.469722	4.80	1.67	M1III	-0.005	0.013
5016		199.644167	-51.286111	6.19	0.01	A0V	-0.048	-0.023
5017	20 CVn	199.385417	+40.572500	4.73	0.30	F3III	-0.125	0.021
5018		199.119167	+68.408056	6.20	-0.06	B9.5V	-0.013	0.016
5019	61 Vir	199.601250	-18.311389	4.74	0.71	G6V	-1.070	-1.065
5020	46Gam Hya	199.730417	-23.171667	3.00	0.92	G8-IIIa	0.064	-0.045
5021		199.712917	+3.687778	6.62	0.06	A1IV	-0.050	-0.011
5022		199.615833	+34.098056	5.82	1.35	K4.5III	0.033	0.003
5023	21 CVn	199.560417	+49.681944	5.15	-0.07	A0V	-0.033	0.015
5024		200.145417	-59.773333	6.18	0.43	F3-F5II	-0.042	-0.024
5025		199.767500	+35.128056	6.02	0.24	F0IV	-0.030	0.019
5026		200.157500	-52.748056	5.48	-0.13	B6V	-0.030	-0.019
5027		200.201250	-55.800556	6.02	0.29	B0.5Ia	-0.009	0.004
5028	Iot Cen	200.149167	-36.712222	2.75	0.04	A2V	-0.341	-0.085
5029		200.240417	-46.880556	5.77	1.12	K1III	-0.075	0.004
5030		200.719167	-72.146667	6.05	0.09	B6V	-0.023	-0.013
5031		200.173333	+2.941667	6.26	0.10	A3V	-0.059	-0.029
5032	23 CVn	200.079167	+40.150556	5.60	1.20	K1III	-0.058	-0.002
5033		200.374583	-19.488889	6.21	0.09	A2V	-0.066	0.008
5034		200.648750	-60.972222	6.18	0.01	B2.5Vn	-0.020	-0.013
5035		200.657917	-60.988333	4.53	-0.13	B3V	-0.039	-0.014
5036		200.567500	-52.183056	5.83	0.12	B2.5Ib	-0.010	0.001
5037		200.423333	+2.087222	5.69	0.06	A2V	-0.061	-0.053
5038		200.719583	-47.943056	6.16	0.18	A4V	0.036	0.005
5039		200.760833	-48.562778	6.38	-0.07	B6IV	-0.006	-0.001
5040	64 Vir	200.540417	+5.154722	5.87	0.12	A2m	-0.065	-0.036
5041		201.002083	-64.535833	4.53	0.85	G6II	0.029	-0.026
5042	Iot1Mus	201.279583	-74.887778	5.05	1.11	K0III	-0.115	-0.130
5043		200.786250	-33.190000	6.22	1.65	M1III	-0.005	-0.005
5044	63 Vir	200.754583	-17.735278	5.37	0.99	KIII	-0.047	-0.029
5045		200.515833	+43.903056	6.35	0.24	A7m	-0.071	0.010
5046		200.967917	-49.823056	6.48	0.96	G8III	-0.067	-0.044
5047	65 Vir	200.828750	-4.924444	5.89	1.43	K3III	-0.019	-0.015
5048		201.307917	-64.485278	5.31	0.40	F2III	-0.157	-0.022
5049		201.458750	-70.627500	5.67	-0.03	ApHgMn:	-0.067	-0.009
5050	66 Vir	201.138333	-5.163889	5.75	0.42	F3-4V s	0.159	-0.030
5051	Iot2Mus	201.826250	-74.691944	6.63	-0.06	B9V	-0.049	-0.017
5052		200.975000	+37.033889	6.07	1.68	M3III	0.022	-0.006
5053		201.127083	+12.431944	6.44	1.06	K0III	-0.016	0.041
5054	79Zet UMa	200.981250	+54.925278	2.27	0.02	A1VpSrSi	0.122	-0.020
5055	79Zet UMa	200.985000	+54.921667	3.95	0.13	A1m	0.119	-0.028
5056	67Alp Vir	201.298333	-11.161389	0.98	-0.23	B1III-IV+B2V	-0.041	-0.028
5057		201.277917	+23.854444	5.78	0.06	A3IV	-0.013	-0.009
5058		201.532500	-39.755278	5.09	1.20	K0.5III:Ba3	0.184	-0.052
5059		201.547500	-1.192500	5.97	0.19	A7III	-0.111	0.004
5060		201.733750	-41.498056	5.69	1.47	K3III	-0.004	-0.019
5061		201.776250	-49.143889	6.31		A0III-IV	-0.021	-0.006
5062	80 UMa	201.306250	+54.988056	4.01	0.16	A5V	0.118	-0.016
5063		201.836667	-49.380833	6.28	-0.12	B3IV	0.011	0.010
5064	68 Vir	201.680000	-12.707778	5.25	1.52	M0III	-0.130	-0.020
5065		201.811250	-40.163056	6.40	0.98	G8/K0III	-0.007	-0.002
5066		202.193333	-69.628056	6.20	0.02	ApSi	-0.047	-0.045
5067		201.569167	+46.028056	5.88	0.97	gK0	0.024	-0.021
5068	69 Vir	201.863333	-15.973611	4.76	1.09	K0-III-IVCN2Fe0.5	-0.119	0.024
5069		202.281667	-64.675833	6.11	0.11	ApSrEuCr	-0.083	-0.005
5070		201.499583	+63.261111	6.50	0.74	G6V	-0.392	0.216
5071		202.355000	-51.165278	5.06	0.07	A1V	-0.002	-0.017
5072	70 Vir	202.107500	+13.778889	4.98	0.71	G4V	-0.236	-0.577
5073		201.533750	+72.391389	5.79	1.63	M1IIIab	0.022	-0.009
5074		201.769167	+64.735556	6.66	0.37	F0	-0.068	0.028
5075		201.794583	+64.719444	7.04	0.39	F0	-0.063	0.032
5076		201.997917	+52.745833	6.34	0.23	F0	-0.114	-0.008
5077		202.109167	+40.729722	6.47	0.92	G8III	0.009	-0.056
5078		202.312083	-1.364444	6.43	1.11	K0III	-0.043	-0.062
5079		202.048750	+50.587222	6.80		F1IV	-0.113	0.041
5080		202.428333	-23.281389	4.97	1.60	M7IIIe	-0.056	0.016
5081	71 Vir	202.304167	+10.818333	5.65	1.05	K0III	-0.061	-0.035
5082		203.311667	-77.568333	6.48	0.48	F6V	-0.344	-0.112
5083		202.190417	+50.718333	6.43	0.37	F0IV	0.029	-0.083
5084	Kap Oct	205.231250	-85.786111	5.58	0.18	Am	-0.090	-0.018
5085		202.112917	+59.945833	5.40	-0.01	A1Vn	-0.080	0.037
5086		202.500417	+7.178889	6.17	1.47	K5	0.004	0.003
5087		202.490000	+6.013333	6.51	0.96	K0	-0.017	0.050
5088	72 Vir	202.607083	-6.470278	6.09	0.33	F2V	0.042	0.017
5089		202.761250	-39.407500	3.88	1.17	G9Ib*	-0.012	-0.015
5090		202.888750	-28.112778	6.47	0.10	A1V	-0.062	0.002
5091		201.736250	+78.643889	5.77	0.77	G2.5IIIbCH1	-0.146	0.029
5092		203.022083	-38.399167	6.16	1.04	K1III	0.035	-0.043
5093		203.398750	-65.632500	6.37	-0.02	A0V	-0.048	-0.012
5094	73 Vir	203.011667	-18.728889	6.01	0.18	F0IV-V	-0.099	-0.014
5095	74 Vir	202.991250	-6.255833	4.69	1.62	M2III	-0.104	-0.045
5096		202.815833	+42.106111	6.08	1.05	K2III	-0.093	0.026
5097		203.149583	-28.692778	5.69	0.04	A1Vn	-0.095	-0.022
5098		203.143750	-29.565278	6.45	0.44	F3IV	-0.072	0.004
5099	75 Vir	203.215417	-15.363056	5.55	1.23	K1.5IIIb	-0.073	-0.002
5100	76 Vir	203.242083	-10.165000	5.21	0.96	K0III	-0.029	-0.036
5101		203.252917	-7.195000	6.68	1.28	M7IIIe	0.050	-0.005
5102		203.200417	+24.346389	6.11	0.96	G8III	0.049	-0.206
5103		203.620417	-48.272222	6.33	-0.05	B8III	-0.029	-0.012
5104		203.681667	-33.310833	6.44	1.26	K2III	-0.049	-0.012
5105	78 Vir	203.532917	+3.658889	4.94	0.03	A1pSrCrEu	0.044	-0.024
5106		203.668750	-13.214444	5.91	0.02	A2pSrEu:Cr:	-0.044	-0.010
5107	79Zet Vir	203.673333	-0.595833	3.37	0.11	A3V	-0.285	0.042
5108		203.590833	+38.789167	6.37	0.21	F0IV	0.013	0.024
5109	81 UMa	203.530417	+55.348611	5.60	-0.03	A0V	-0.022	-0.002
5110		203.699167	+37.182500	4.98	0.40	F2IV	0.086	-0.009
5111	80 Vir	203.880417	-5.396111	5.73	0.95	G6III	0.017	0.085
5112	24 CVn	203.613750	+49.016111	4.70	0.12	A5V	-0.127	0.030
5113		204.300833	-61.691944	5.63	0.50	F6V	0.135	-0.113
5114		203.888750	+10.204722	6.49	1.03	K1III+F6V	0.077	-0.061
5115		204.799583	-75.683889	6.34	0.01	B8IV	-0.027	-0.006
5116		203.808750	+44.196944	6.84	0.20	A7-F0III	-0.016	0.015
5117		204.210417	-34.467778	6.50	1.03	K0III	-0.011	-0.028
5118		204.275000	-44.143333	5.98	0.94	G8-K0III	-0.050	-0.020
5119		204.690417	-70.445000	6.10	1.42	K3III	-0.068	-0.032
5120		204.201667	-26.495000	5.78	0.22	A7III	-0.091	0.021
5121		204.348750	-46.428333	5.90	-0.12	B8V	-0.009	-0.033
5122		204.531667	-58.415000	6.42	1.12	K1III	-0.008	-0.036
5123		204.246250	+24.613333	5.74	1.55	M2III	-0.024	-0.005
5124		204.704583	-57.623056	6.01	1.14	G5Ib	-0.006	-0.014
5125		205.002500	-70.788333	6.59	1.30	K0III	-0.026	-0.028
5126		204.165833	+49.486667	6.49		K1III	-0.004	-0.012
5127	25 CVn	204.365000	+36.295000	4.82	0.23	A7III	-0.099	0.027
5128		204.675000	-29.560833	5.83	0.40	F5V	-0.078	-0.069
5129		204.532917	+14.301667	6.52	0.25	A9V s	0.036	-0.019
5130		205.045417	-64.576944	5.79	0.39	F3III-IV	-0.059	-0.012
5131		203.678333	+76.546667	6.57		K5III:	-0.026	-0.003
5132	Eps Cen	204.971667	-53.466389	2.30	-0.22	B1III	-0.028	-0.016
5133		204.429167	+50.714722	6.48	1.55	M2II-III+K3III:	-0.012	0.001
5134		204.998750	-49.950278	6.00	1.50	M5III	-0.113	0.011
5135		204.920000	-39.748056	6.27	1.66	M4III	-0.020	-0.025
5136		204.952500	-40.051944	5.60	1.30	K2/3III	-0.044	-0.061
5137		204.759583	+18.265278	6.48	1.20	K3III	-0.045	-0.018
5138		204.894167	+10.746111	5.57	0.33	F0V	-0.112	-0.013
5139		204.295833	+71.242222	5.50	1.20	gK2	-0.038	-0.006
5140		205.504583	-58.787222	5.38	-0.03	B9III	-0.035	-0.010
5141		205.436250	-54.560000	5.01	-0.05	B8Vn	-0.048	-0.047
5142	82 UMa	204.876667	+52.921389	5.46	0.10	A3Vn	-0.142	0.060
5143		205.065000	+31.011944	6.21	0.96	G5II:	-0.078	0.087
5144	1 Boo	205.168750	+19.955556	5.75	0.01	A1V	-0.049	0.023
5145		205.162917	+28.065278	6.23	1.28	K3III	-0.066	0.014
5146		205.378750	-23.449722	6.59	0.06	A0	-0.009	0.003
5147		205.440417	-33.596944	6.05	1.44	K0e-M4IIe	-0.014	0.026
5148		205.096667	+50.519444	6.32	0.54	F7-9V	-0.132	0.060
5149	2 Boo	205.259583	+22.495833	5.62	1.01	G9III	-0.020	-0.025
5150	82 Vir	205.403333	-8.703056	5.01	1.63	M1.5III	-0.094	0.040
5151		205.733750	-56.768056	6.00	-0.08	B0.5III	-0.011	-0.004
5152		205.727500	-50.790556	6.41	1.67	M0III	-0.007	-0.027
5153		205.088750	+57.207500	6.29	0.10	A2VpSrCrEu	-0.057	0.024
5154	83 UMa	205.184583	+54.681667	4.66	1.64	M2IIIabBa0.5	-0.022	-0.009
5155		205.729167	-41.401111	5.98	1.02	K0III	-0.059	-0.049
5156		205.552917	+8.388333	6.16	0.42	F3Vp	-0.382	-0.090
5157		205.916667	-42.067500	5.98	-0.08	B8III	-0.026	-0.006
5158		206.066250	-51.013056	6.47	-0.13	A0pSiCr	-0.036	-0.041
5159	84 Vir	205.765417	+3.538056	5.36	1.11	K2III	-0.291	-0.071
5160		205.620000	+41.674167	6.30	0.86	G6III	-0.090	0.007
5161		205.680833	+34.988889	5.98	0.85	G5III	0.013	0.012
5162		205.374583	+64.822500	5.85	0.07	A2V	0.054	-0.012
5163		205.976250	-5.498889	6.51	0.05	A1V	-0.050	-0.018
5164		205.938333	+22.700278	6.13	1.42	K4III	0.049	-0.036
5165	83 Vir	206.124167	-16.179167	5.60	0.81	G0Ib-IIa	0.013	-0.004
5166		206.190417	-25.500833	6.21	1.38	K0	-0.053	-0.016
5167		206.403750	-26.116111	5.81	0.02	A1Vn	-0.071	-0.010
5168	1 Cen	206.421667	-33.043889	4.23	0.38	F3IV	-0.462	-0.146
5169		205.977917	+52.064444	6.02	0.00	A1V	-0.026	-0.003
5170	85 Vir	206.396250	-15.767500	6.19	0.05	A2Vn	-0.044	-0.024
5171		206.794583	-62.590000	6.51	1.98	K00-Iae	-0.023	-0.011
5172		206.663750	-51.432778	4.65	0.96	G8-K0III	0.006	-0.033
5173	86 Vir	206.484583	-12.426667	5.51	0.90	G8III	-0.017	0.008
5174		206.735000	-36.251944	5.15	-0.02	A0V	-0.011	-0.009
5175		206.865000	-50.249444	5.91	0.29	A3mA5F0	0.058	0.013
5176		206.910000	-50.321111	5.45	1.36	K2III	-0.151	-0.023
5177		206.305000	+55.879444	6.50	0.47	F7IV-V	0.102	-0.360
5178		206.806250	-9.709167	6.05	1.42	K5III	0.008	-0.037
5179		206.556250	+41.088611	5.87	0.21	A5V	-0.114	-0.043
5180		206.579167	+38.503889	5.94	0.94	G9III	-0.051	-0.002
5181	87 Vir	206.855833	-17.860000	5.43	1.62	M2IIIab	0.059	-0.034
5182	3 Boo	206.680417	+25.702222	5.95	0.49	G5III+A7V:	-0.020	-0.061
5183		206.737917	+6.350556	6.33	0.63	G0-1IV-V	-0.510	-0.108
5184		205.663750	+78.064444	5.91	1.01	gG7	-0.062	0.049
5185	4Tau Boo	206.815417	+17.456667	4.50	0.48	F6IV	-0.482	0.041
5186		206.749167	+38.542778	5.50	1.03	K0III+F8V	-0.131	-0.016
5187	84 UMa	206.648750	+54.432778	5.70	-0.08	B9pEuCr	-0.019	0.001
5188		208.911250	-82.666111	5.95	1.46	K2.5IIIaCH-3Ba0.5	-0.036	-0.023
5189		207.229583	-35.703889	6.53	0.57	G3IV-V	-0.516	-0.174
5190	Nu Cen	207.376250	-41.687778	3.41	-0.22	B2IV	-0.022	-0.021
5191	85Eta UMa	206.885000	+49.313333	1.86	-0.19	B3V	-0.122	-0.011
5192	2 Cen	207.361250	-34.450833	4.19	1.50	M4.5III	-0.042	-0.057
5193	Mu Cen	207.404167	-42.473889	3.04	-0.17	B2IV-Ve	-0.023	-0.020
5194		207.947500	-69.401389	5.75	1.73	K5-M0III	0.004	-0.003
5195		207.161250	+31.190278	5.62	1.01	K0III	-0.007	0.037
5196	89 Vir	207.467917	-18.134167	4.97	1.06	K0.5III-IIIb	-0.100	-0.038
5197		207.527083	-29.081389	6.18	-0.03	A0V	-0.048	-0.032
5198		207.580833	-39.901111	6.44	0.99	K1III	0.007	-0.012
5199		207.238333	+39.542778	7.40		M6IIIe	0.023	-0.002
5200	5Ups Boo	207.369167	+15.797778	4.07	1.52	K5.5III	-0.095	0.042
5201	6 Boo	207.428333	+21.264167	4.91	1.43	K4III	0.024	0.017
5202		207.643750	-19.897222	6.53	0.51	G5III-IV:+A5:	-0.046	0.034
5203		205.596250	+82.752500	5.98	1.01	G9III	0.035	-0.041
5204		207.437500	+36.632778	6.38		A7IV-V	-0.074	0.022
5205		207.602917	+5.497222	6.01	0.90	K0	0.009	-0.003
5206		207.946667	-46.899167	5.77	-0.16	B2Vp	-0.018	-0.030
5207		208.020000	-52.811667	5.25	-0.09	B9V	-0.045	-0.035
5208		207.902500	-36.433333	6.35	0.48	F6IV-V	-0.100	-0.117
5209		207.835000	-24.390833	6.45	0.69	G5V	-0.572	-0.302
5210	3 Cen	207.956667	-32.994444	4.56	-0.13	B5IIIp	-0.033	-0.038
5211	3 Cen	207.958750	-32.994722	6.06	-0.04	B8V	-0.056	-0.027
5212		208.003750	-31.619444	6.12	0.48	F7V	-0.053	-0.052
5213		207.439583	+61.489167	5.96	0.96	G3V	0.065	-0.099
5214		207.768750	+34.772500	6.65	0.12	A5IV	0.031	-0.010
5215		207.788333	+34.664444	5.87	1.62	M2III	0.005	-0.054
5216		207.615417	+58.539444	6.46	0.09	A3V	-0.029	0.011
5217		208.429583	-53.373611	5.89	0.01	B5III	-0.024	-0.029
5218		208.703750	-67.652500	5.71	1.49	K2III	-0.034	-0.027
5219		207.947917	+34.444167	4.74	1.66	K5III	-0.019	-0.032
5220		208.076667	+12.165278	6.04	0.04	A1V	0.028	-0.005
5221	4 Cen	208.302083	-31.927778	4.73	-0.14	B4IV	-0.015	-0.012
5222		208.386667	-35.664167	5.54	0.44	F4V	-0.078	-0.019
5223		208.487083	-47.128056	6.10	-0.07	B2IIIe	-0.037	-0.001
5224		208.467500	-35.314444	6.19	1.02	K1IV-V	-0.270	-0.075
5225	7 Boo	208.303750	+17.932778	5.70	0.84	G5III	-0.039	0.004
5226	10 Dra	207.857917	+64.723333	4.65	1.58	M3.5III	0.001	-0.002
5227		207.746667	+68.315278	6.40	1.17	K2IV	-0.172	-0.055
5228		208.569167	-28.569722	6.04	1.13	K2III	-0.170	-0.069
5229		208.292917	+28.648056	5.90	0.20	A7V	-0.125	0.027
5230		208.800833	-52.161111	5.71	-0.08	B9V	-0.027	-0.024
5231	Zet Cen	208.885000	-47.288333	2.55	-0.22	B2.5IV	-0.057	-0.042
5232	90 Vir	208.675417	-1.503056	5.15	1.08	K2III	-0.088	-0.018
5233		208.742500	-8.058889	6.19	0.53	F8V+G0	-0.172	-0.030
5234		209.082500	-54.131944	6.14	0.07	A1V	-0.038	-0.014
5235	8Eta Boo	208.671250	+18.397778	2.68	0.58	G0IV	-0.063	-0.358
5236		209.137500	-54.704444	6.00	0.78	G6IV-V	-0.038	-0.216
5237		208.935417	-31.285000	6.51	0.90	G8III	-0.047	0.009
5238	86 UMa	208.462500	+53.728611	5.70	-0.05	A0V	-0.030	-0.003
5239		209.081250	-46.592500	5.83	1.14	K1III	-0.164	-0.076
5240		210.136667	-78.590000	6.09	0.03	B9III	-0.021	-0.005
5241		209.412083	-63.686667	4.71	1.11	K1.5III	-0.044	-0.030
5242		209.630000	-65.800556	6.20	1.05	K0III	-0.033	-0.036
5243		208.958333	+14.056389	6.16	0.50	F6V	-0.292	0.007
5244	92 Vir	209.116250	+1.050556	5.91	0.20	A8V	-0.026	0.014
5245		209.043750	+32.032500	6.32	0.37	F4IV-V	-0.118	0.048
5246		209.365417	-23.022778	6.14	1.43	K0	-0.041	0.006
5247	9 Boo	209.142500	+27.491944	5.01	1.42	K3III	0.028	-0.048
5248	Phi Cen	209.567917	-42.100833	3.83	-0.21	B2IV	-0.024	-0.021
5249	Ups1Cen	209.670000	-44.803611	3.87	-0.20	B2IV-V	-0.025	-0.024
5250	47 Hya	209.629583	-24.972222	5.15	-0.10	B8VpShell	-0.049	-0.029
5251		209.822083	-50.370000	5.91	0.96	G8-K0III	0.011	-0.034
5252		210.072083	-61.481389	6.49	0.33	F1III-IV	-0.072	-0.040
5253		210.217500	-66.268611	5.97	0.35	F2III	-0.136	-0.016
5254		209.666250	+14.649444	6.00	1.44	K5III	-0.061	-0.056
5255	10 Boo	209.662083	+21.696111	5.76	-0.03	A0V s	-0.009	-0.045
5256		209.383750	+61.492778	6.37		K3V	-0.034	0.210
5257	48 Hya	210.000417	-25.010278	5.77	0.48	F7V	-0.196	-0.091
5258		209.955417	-3.549722	6.40	0.49	F8V	-0.025	-0.058
5259		210.329167	-40.222222	6.13	1.25	K1III	-0.037	-0.006
5260	Ups2Cen	210.430833	-45.603611	4.34	0.60	F6II	0.002	-0.019
5261	The Aps	211.332500	-76.796667	5.50	1.55	M6.5III:	-0.094	-0.032
5262		210.335000	+8.894722	5.99	0.09	A2V	0.036	-0.007
5263	11 Boo	210.293750	+27.386667	6.23	0.17	A7III	-0.080	0.017
5264	93Tau Vir	210.411667	+1.544444	4.26	0.10	A3V	0.018	-0.021
5265		210.595000	-27.430000	5.48	1.34	K3III	-0.033	-0.008
5266		210.859167	-56.213611	5.92	1.22	K2III	-0.083	-0.031
5267	Bet Cen	210.955833	-60.373056	0.61	-0.23	B1III	-0.032	-0.019
5268		210.757083	-31.683889	6.18	0.48	F8V	0.022	0.083
5269		210.864583	-41.423333	6.11	-0.11	ApSi	-0.034	-0.017
5270		210.632500	+9.686389	6.20	0.90	F8IV	-0.196	-0.063
5271		210.550833	+45.753611	6.27	1.32	K2III	0.033	-0.076
5272		210.971250	-22.421667	6.30	0.45	F5III	-0.012	0.013
5273		210.884583	+10.786667	6.30	0.74	G8V	0.083	-0.307
5274		210.903333	+7.546389	6.26	0.94	G9III	-0.038	-0.012
5275		210.982500	+4.900833	6.24	0.39	F4V	-0.011	-0.003
5276		211.060833	-5.381389	6.39	1.32	K0	-0.009	-0.011
5277		211.112500	-14.971667	6.28	1.08	G6III	-0.036	-0.019
5278		211.443750	-54.669444	6.17	0.23	A5III-IV	-0.050	-0.019
5279		212.112917	-74.850278	6.02	0.58	G2-3IV	-0.252	0.179
5280		210.748750	+50.971944	6.15	0.01	A2V	-0.021	0.000
5281		211.604583	-59.715556	6.42	0.12	B0Ia	-0.011	0.019
5282		210.460833	+68.678611	6.34	1.40	K5	-0.035	-0.001
5283		211.156250	+2.297500	6.28	1.02	K0	-0.030	-0.003
5284		211.308333	-16.335833	6.56	0.10	A4V	0.002	0.006
5285	Chi Cen	211.511667	-41.179722	4.36	-0.19	B2V	-0.017	-0.020
5286		211.545417	-43.091944	6.20	0.98	G8III	-0.006	-0.037
5287	49Pi Hya	211.592917	-26.682500	3.27	1.12	K2-III-IIIbFe-0.5	0.044	-0.139
5288	5The Cen	211.670833	-36.370000	2.06	1.01	K0-IIIb	-0.519	-0.519
5289		212.059583	-63.208056	6.40	1.02	G8-K0III	0.025	0.038
5290	95 Vir	211.678333	-9.313333	5.46	0.34	F2IV	-0.139	0.011
5291	11Alp Dra	211.097083	+64.375833	3.65	-0.05	A0III	-0.055	0.018
5292		212.234583	-59.276667	6.34	0.05	B5IV	-0.010	-0.011
5293		212.628750	-70.305556	6.05	1.74	K4II	-0.006	-0.010
5294		212.216250	-43.471111	6.17	-0.06	B9V	-0.019	-0.028
5295		212.757917	-69.719722	6.06	0.18	A6IV	-0.035	-0.026
5296		212.395833	-51.504722	6.00	-0.06	B9IV	-0.030	-0.007
5297		212.478333	-53.439167	4.75	0.94	G9-III	-0.146	-0.096
5298	96 Vir	212.252500	-10.334444	6.47	1.00	G8III	-0.005	0.025
5299		211.982500	+43.854444	5.27	1.59	M4.5:III	0.011	-0.028
5300	13 Boo	212.072083	+49.458056	5.25	1.65	M1.5III	-0.061	0.059
5301		212.710417	-16.301944	4.91	1.72	M2IIIa	0.006	-0.006
5302		212.191667	+59.337778	6.46	1.02	K0III	-0.123	-0.017
5303	Eta Aps	214.557500	-81.007778	4.91	0.25	A2m	-0.031	-0.063
5304	12 Boo	212.599583	+25.091667	4.83	0.54	F9IV w	-0.022	-0.061
5305	3 UMi	211.735000	+74.593611	6.45	0.14	A7V	-0.052	0.012
5306		214.228750	-77.663889	6.47	1.42	K2IIp	-0.017	0.009
5307		212.880000	+1.362222	6.43	0.48	F7V	-0.125	0.028
5308		213.318333	-53.665833	5.56	1.44	K5III+B-A	-0.012	-0.018
5309		213.102083	-24.364167	6.34	1.35	K0	0.011	-0.028
5310		212.812917	+32.295556	6.11	1.26	K4III	-0.025	0.022
5311		213.416250	-54.625833	6.11	0.05	B5Ve	-0.019	-0.015
5312	50 Hya	213.191667	-27.261111	5.08	1.16	K3III	-0.012	-0.034
5313		213.065833	+2.409444	5.01	-0.12	A0VpSi	-0.042	-0.026
5314		213.305000	-26.612222	6.24	1.08	K0III	0.009	-0.014
5315	98Kap Vir	213.224167	-10.273611	4.19	1.33	K2.5IIIFe-0.5	0.008	0.140
5316		213.737500	-57.085833	5.07	-0.08	B4Vne	-0.039	-0.009
5317		213.420000	-0.845556	5.91	0.47	F7V w	0.207	-0.141
5318		213.677500	-41.837500	5.61	0.93	G8III	-0.133	-0.021
5319		213.838333	-53.509722	6.39	1.57	K3III	-0.030	0.002
5320		214.160833	-66.587778	5.75	-0.06	B1.5III	-0.015	-0.005
5321	4 UMi	212.212083	+77.547500	4.82	1.36	K3III	-0.032	0.034
5322		213.588750	-5.947500	6.36	0.60	F9V	-0.306	0.088
5323	14 Boo	213.521667	+12.959444	5.54	0.54	F6IV	-0.256	-0.052
5324		213.755417	-29.281944	6.08		A1V	-0.030	-0.015
5325		213.911667	-45.000833	6.31	0.60	F9V	0.137	-0.142
5326		214.142500	-59.913889	6.39	2.04	M5IIe	-0.019	-0.018
5327		216.097083	-82.848611	6.42	0.02	B8Ve	0.001	-0.019
5328	17Kap1Boo	213.365417	+51.787778	6.69	0.39	F1V	0.054	-0.019
5329	17Kap2Boo	213.370833	+51.790278	4.54	0.20	A8IV	0.063	-0.002
5330	15 Boo	213.711667	+10.100556	5.29	1.00	K1III	-0.028	-0.167
5331		213.720833	+3.336111	6.45	1.60	M4IIIab	-0.045	-0.014
5332		213.850417	-18.200833	5.43	-0.03	A1V	-0.039	-0.012
5333		213.670833	+21.873333	6.39	0.18	A7V	0.039	-0.006
5334		213.016667	+69.432500	5.24	1.58	M2IIIab	-0.027	-0.047
5335		213.597917	+41.518889	6.24	1.04	gK3	-0.024	-0.105
5336	Eps Aps	215.594583	-80.108889	5.06	-0.10	B4V	-0.025	-0.009
5337		214.076250	-33.241389	6.55	0.30	F0V	0.022	0.004
5338	99Iot Vir	214.003750	-6.000556	4.08	0.52	F6III	-0.004	-0.432
5339	Del Oct	216.728750	-83.667778	4.32	1.31	K2III	-0.105	-0.007
5340	16Alp Boo	213.915417	+19.182500	-0.04	1.23	K1.5IIIFe-0.5	-1.093	-1.998
5341		214.089583	-6.621944	6.44	0.28	A9III	-0.032	-0.016
5342		214.125417	-3.196389	6.15	-0.01	A1V	-0.025	-0.038
5343		214.017500	+18.911944	5.98	0.26	A8III	0.043	-0.028
5344		214.265833	-18.585278	6.22	0.98	G5	0.001	0.005
5345		213.820417	+52.535833	6.58	0.10	A4V	-0.032	-0.004
5346		214.136667	+20.121389	6.25	0.49	F8V	-0.148	-0.103
5347		214.100833	+39.744722	6.38	0.36	F2IV	-0.147	0.008
5348		214.599167	-33.220556	6.54	0.27	F0V	-0.070	-0.042
5349		214.964583	-61.273056	5.23	0.29	Am	-0.171	-0.093
5350	21Iot Boo	214.041250	+51.367222	4.75	0.20	A9V	-0.150	0.092
5351	19Lam Boo	214.095833	+46.088333	4.18	0.08	A0p	-0.187	0.161
5352		214.368333	+15.263333	5.80	1.71	M3IIIa	0.012	0.011
5353		214.502500	-7.542500	6.47	0.73	G5IV	0.254	-0.240
5354	Iot Lup	214.850833	-46.057778	3.55	-0.18	B2.5IV	-0.013	0.002
5355		214.659583	-18.716111	5.90	0.00	A0pCrEu	-0.059	-0.042
5356		214.753333	-25.815556	5.87	0.50	F5V	-0.372	0.350
5357		214.849583	-37.003611	5.94	0.08	A2Vn	-0.047	-0.059
5358		215.081250	-56.386667	4.33	0.12	B6Ib	-0.014	-0.009
5359	100Lam Vir	214.777500	-13.371111	4.52	0.13	A2m	-0.015	0.030
5360		214.337917	+51.307222	6.20	0.04	A2IV	-0.025	-0.005
5361		214.499167	+35.509444	4.81	1.06	K0III	0.004	0.016
5362		215.040417	-43.058889	5.56	0.92	G8III	-0.010	0.010
5363		214.455000	+48.001667	6.32	0.44	F5	-0.010	-0.045
5364		215.177083	-45.187222	4.77	0.31	F0IV	0.034	-0.080
5365	18 Boo	214.817917	+13.004167	5.41	0.38	F5IV	0.106	-0.030
5366	102Ups Vir	214.885417	-2.265556	5.14	1.02	G9III	-0.120	-0.074
5367	Psi Cen	215.139167	-37.885278	4.05	-0.03	A0IV	-0.063	-0.012
5368		214.920417	+0.384167	6.19	0.20	A7V	-0.041	-0.013
5369		214.732083	+38.767500	6.86	1.06	G9IV	-0.001	0.031
5370	20 Boo	214.938333	+16.306944	4.86	1.23	K3III	-0.142	0.060
5371		215.654167	-58.459444	4.92	0.86	G8III+F5V	-0.052	0.013
5372		214.732500	+54.864167	6.53		A5Vn	-0.028	0.011
5373		214.948750	+38.793889	6.33	0.05	A2V	0.022	-0.013
5374		215.036250	+30.429167	6.44	0.15	A5III	-0.010	-0.005
5375		215.661250	-48.320278	6.09	-0.13	B1III	-0.013	-0.013
5376		215.582083	-34.786944	5.56	-0.09	B8V	-0.025	0.001
5377		215.834583	-50.772222	6.02	1.36	K2III	-0.005	-0.004
5378		215.759167	-39.512222	4.42	-0.18	B7IIIp	-0.027	-0.032
5379		216.276250	-68.195278	5.61	0.49	A3Ib	-0.012	-0.003
5380		215.951667	-53.176667	6.00	1.10	K1III	-0.071	-0.024
5381	51 Hya	215.774167	-27.753889	4.77	1.31	K4III	-0.193	-0.112
5382		216.414583	-66.173333	6.36	0.13	A3V	-0.059	-0.026
5383	2 Lib	215.856667	-11.714167	6.21	0.99	G7III	-0.009	-0.058
5384		215.813750	+1.241667	6.27	0.63	G1V	0.226	-0.477
5385		215.844167	+8.445000	6.86	0.43	F0V+F2V	-0.075	-0.008
5386		215.844583	+8.446667	5.12	-0.02	A0V	-0.075	-0.008
5387		215.778333	+25.338056	6.22	0.37	F5V	-0.155	0.064
5388		216.003750	+8.243611	5.95	0.06	A3V	0.003	-0.025
5389		217.403333	-76.729167	6.07	1.18	K0-1III	-0.039	-0.026
5390		216.202500	-24.806389	5.32	0.96	G8III	-0.055	-0.016
5391		216.779583	-65.821667	5.85	1.50	K3III	-0.018	-0.013
5392		216.047083	+5.820000	5.10	0.12	A5V	-0.077	0.005
5393		216.170417	-11.669722	6.49	0.42	F4III	-0.071	-0.029
5394		216.076250	+8.085000	6.19	1.20	K4III	-0.114	-0.092
5395	Tau1Lup	216.534167	-45.221389	4.56	-0.15	B2IV	-0.012	-0.013
5396	Tau2Lup	216.545000	-45.379444	4.35	0.43	F4IV+A7:	0.016	-0.008
5397		216.374167	-19.969722	6.61	0.14	A2V	-0.039	-0.006
5398		216.555833	-42.319167	6.32	1.19	K2III	-0.123	-0.071
5399		216.448750	-26.852500	6.48	0.94	G7IV	-0.019	-0.061
5400		216.707917	-39.873889	6.35	-0.08	B7IV	-0.019	-0.016
5401		216.800833	-46.134444	5.83	0.31	A1mA5/7-F2	-0.153	-0.082
5402		216.371667	+38.393056	6.27	1.23	gK2	0.007	-0.013
5403		217.181250	-59.197778	6.45	0.14	A0II-III	-0.011	-0.015
5404	23The Boo	216.299167	+51.850833	4.05	0.50	F7V	-0.236	-0.397
5405	22 Boo	216.614167	+19.226944	5.39	0.23	F0m	-0.071	0.025
5406	104 Vir	216.851667	-6.120278	6.17	0.09	A2IV	-0.071	-0.058
5407	52 Hya	217.043333	-29.491667	4.97	-0.07	B8V	-0.024	-0.023
5408		217.818750	-67.717222	5.83	1.00	K1III	0.035	-0.066
5409	105Phi Vir	217.050417	-2.228056	4.81	0.70	G2IV	-0.139	-0.002
5410	106 Vir	217.173750	-6.900556	5.42	1.49	K5III	-0.019	-0.052
5411		216.863750	+41.025000	6.63	0.37	F1IV	-0.056	-0.019
5412		217.535833	-45.321667	5.50	-0.08	B8Vn	-0.046	-0.040
5413		217.587083	-49.519167	5.37	0.05	A1V+B	-0.052	-0.047
5414		217.131250	+28.289167	7.62	-0.01	A1V	0.028	-0.013
5415		217.138750	+28.290833	7.12	-0.03	A1V	0.017	0.008
5416		217.068333	+36.196944	6.10		K0III	-0.024	0.002
5417		217.735417	-40.845000	6.39	1.44	K3III	-0.030	0.003
5418		217.460417	+0.828889	5.94	0.16	A5IV	0.010	0.002
5419		217.795000	-38.869722	5.97	1.06	K1III	0.005	0.023
5420	24 Boo	217.157500	+49.844722	5.59	0.85	G3IV	-0.305	-0.046
5421		218.137083	-56.887778	6.93	0.91	F5Ia	-0.027	-0.012
5422		217.457083	+31.791111	6.06	-0.03	A0V s	-0.018	0.004
5423		217.403333	+41.795833	6.35	0.70	G5V	0.162	-0.218
5424		217.689167	+4.772222	6.02	1.42	gK4	0.009	-0.012
5425	Sig Lup	218.153750	-50.456944	4.42	-0.19	B2III	-0.043	-0.010
5426		218.385000	-54.998333	5.87	0.48	F6IV-V	-0.095	0.004
5427		218.374583	-52.680000	5.87	1.09	K0III	-0.006	-0.031
5428		218.290000	-30.714167	6.09	1.03	K0III	0.040	-0.015
5429	25Rho Boo	217.957500	+30.371389	3.58	1.30	K3-III	-0.100	0.119
5430	5 UMi	216.881250	+75.696111	4.25	1.44	K4-IIIBa0.3	0.009	0.023
5431		218.533333	-42.099722	6.60	0.06	A2IV	-0.016	-0.029
5432		218.821667	-60.015833	6.40	1.26	K2III	-0.021	-0.031
5433		218.084167	+26.677222	6.01	0.22	A7Vn	-0.064	-0.029
5434	26 Boo	218.135417	+22.260000	5.92	0.35	F2IV	-0.127	0.039
5435	27Gam Boo	218.019583	+38.308333	3.03	0.19	A7III	-0.114	0.153
5436		217.692083	+63.185556	6.09	0.41	F4IV	-0.178	0.000
5437		217.928333	+60.225556	6.27	0.24	F0III	-0.049	0.021
5438		218.711250	-20.439167	6.50	0.14	A4V	0.017	0.002
5439		218.881250	-41.517222	5.87	-0.08	B7V	-0.020	-0.017
5440	Eta Cen	218.876667	-42.157778	2.31	-0.19	B1.5Vne	-0.035	-0.035
5441		218.334583	+36.959444	6.43		F8IV w	-0.004	-0.057
5442		218.128750	+55.397778	5.76	1.50	gK5	0.006	-0.015
5443		219.442917	-67.932222	6.04	0.50	F7V	-0.343	-0.290
5444		219.079167	-46.245278	5.55	1.48	K3III	-0.038	0.019
5445		218.548750	+32.534444	6.33	0.40	F5V	0.108	0.007
5446		219.100833	-39.597222	6.13	1.05	K1III	-0.037	-0.018
5447	28Sig Boo	218.670000	+29.745000	4.46	0.36	F2V	0.189	0.132
5448		218.660417	+36.625833	6.03	1.38	gK5	-0.029	-0.054
5449		219.184167	-40.211667	5.74	-0.12	B8n	-0.016	-0.025
5450		219.333750	-46.133889	5.41	1.01	G8III	-0.014	-0.020
5451		218.566250	+57.065278	6.48	0.49	F6-8V	0.217	-0.229
5452		218.665000	+49.368333	5.74	1.56	M1IIIab	-0.045	0.054
5453	Rho Lup	219.471667	-49.425833	4.05	-0.15	B5V	-0.024	-0.031
5454		219.028750	+23.250278	6.38	1.06	K0	-0.012	0.027
5455		219.249167	-12.305278	6.20	0.46	F5V	-0.872	0.365
5456		219.581667	-38.794167	6.02	1.43	K3III	0.066	-0.023
5457		219.795833	-46.584167	6.07	0.51	F7V	-0.182	-0.211
5458		219.852917	-49.055556	6.39	0.44	F3IV	-0.167	-0.132
5459	Alp1Cen	219.899583	-60.835278	-0.01	0.71	G2V	-3.642	0.699
5460	Alp2Cen	219.900417	-60.835556	1.33	0.88	K1V	-3.646	0.700
5461		220.136667	-56.440833	6.30	1.18	K0-1II	-0.007	-0.011
5462		219.558333	+18.298333	5.91	1.10	gK2	-0.029	-0.068
5463	Alp Cir	220.626667	-64.975278	3.19	0.24	ApSrEuCr:	-0.192	-0.232
5464		219.552083	+43.641944	5.70	1.48	K2III	-0.113	0.030
5465		220.482083	-58.616111	6.22	0.45	F4V	0.019	-0.042
5466		220.255833	-36.135000	5.67	-0.08	A0p:	-0.022	-0.008
5467		219.563333	+54.023333	5.85	-0.01	A1V	0.018	-0.016
5468	33 Boo	219.709167	+44.404444	5.39	0.00	A1V	-0.067	-0.017
5469	Alp Lup	220.482500	-47.388333	2.30	-0.20	B1.5III/Vn	-0.021	-0.018
5470	Alp Aps	221.965000	-79.044722	3.83	1.43	K3IIIa	-0.012	-0.015
5471		220.490000	-37.793611	4.00	-0.17	B3V	-0.023	-0.032
5472		220.091250	+21.975556	6.10	0.40	G0V	-0.018	0.034
5473		220.176667	+13.534167	5.91	0.21	F0V	0.055	-0.025
5474		220.462917	-30.933333	6.37	-0.09	ApSi	-0.031	-0.022
5475	29Pi 1Boo	220.181667	+16.418333	4.94	-0.03	B9pMnHgSi	0.015	0.015
5476	29Pi 2Boo	220.182917	+16.417778	5.88	0.24	A6V	0.001	0.010
5477	30Zet Boo	220.287083	+13.728333	4.83		A2III	0.053	-0.016
5478	30Zet Boo	220.287083	+13.728333	4.43	0.05	A2III	0.053	-0.016
5479		218.409583	+79.660278	6.26	1.30	K3III	-0.101	0.081
5480	31 Boo	220.411667	+8.161667	4.86	1.00	G7+IIIHdel -0.5	-0.009	0.003
5481	32 Boo	220.431250	+11.660556	5.56	0.94	G8III	-0.157	-0.114
5482		221.322083	-62.875833	5.36	0.29	A9V	0.063	-0.084
5483		220.475833	+21.123611	6.38		G8III-IV	-0.010	-0.053
5484	4 Lib	220.806667	-24.997500	5.73	-0.01	B9	-0.019	-0.001
5485		220.914167	-35.173611	4.05	1.35	K3IIIb	-0.064	-0.180
5486		221.231250	-58.477778	6.11	1.02	K0III	-0.083	-0.053
5487	107Mu Vir	220.765000	-5.658333	3.88	0.38	F2III	0.109	-0.316
5488		221.295417	-55.601944	6.10	-0.06	B2III	-0.015	-0.013
5489		221.246667	-35.191944	4.92	0.01	A0V	0.003	-0.004
5490	34 Boo	220.855833	+26.527778	4.81	1.66	M3-III	-0.013	-0.017
5491		232.079583	-88.133056	6.48	0.30	Am	-0.091	-0.077
5492		220.513333	+61.261944	6.25	0.41	F2V	0.070	-0.030
5493		220.935000	+40.459167	5.73	1.39	K4III	-0.014	0.023
5494		221.621250	-47.441111	5.74	0.07	A1V	-0.022	-0.015
5495		221.755417	-52.383611	5.21	0.98	G8III	-0.016	-0.082
5496		221.298750	-1.417778	6.07	1.61	M1III	-0.053	-0.004
5497	54 Hya	221.500417	-25.443056	4.94	0.35	F2III-IV	-0.150	-0.104
5498		221.801250	-52.205556	6.07	0.09	A1III-IV	-0.025	-0.017
5499		221.528333	-23.153056	5.81	0.98	gG5	0.027	-0.058
5500		222.185000	-66.593889	5.91	-0.07	B2.5Ve	-0.021	-0.025
5501	108 Vir	221.375833	+0.717222	5.69	-0.03	B9.5V	-0.038	-0.007
5502	35Omi Boo	221.310417	+16.964444	4.60	0.98	G8.5III	-0.058	-0.049
5503	5 Lib	221.490833	-15.459722	6.33	1.19	K1III	-0.032	0.000
5504		221.545417	-21.176111	6.40	0.58	F7V	-0.062	-0.104
5505	36Eps Boo	221.246667	+27.075000	5.12		A2V	-0.050	0.021
5506	36Eps Boo	221.246667	+27.074167	2.70	0.97	K0-II-III	-0.049	0.021
5507		221.336250	+18.884722	6.13	0.83	K0	0.032	0.014
5508		221.771250	-38.290833	5.94	1.33	K3III	0.052	-0.090
5509		221.883750	-43.557500	6.30	1.08	G8III	-0.013	-0.032
5510		221.307083	+32.788333	6.28	1.58	M1IIIb	0.045	-0.072
5511	109 Vir	221.562083	+1.892778	3.72	-0.01	A0V	-0.114	-0.026
5512		221.525000	+15.131944	5.63	1.57	M5IIIab	-0.084	0.020
5513		221.807083	-21.324722	6.06	1.65	K5III	-0.013	0.004
5514	55 Hya	221.843750	-25.624444	5.63		A0IIIp	-0.008	-0.016
5515		222.278750	-56.667778	6.23	1.13	K1III	-0.110	-0.123
5516	56 Hya	221.936667	-26.087500	5.24	0.94	G5III	0.041	-0.007
5517	57 Hya	221.989583	-26.646389	5.77	-0.02	B9V	-0.013	-0.011
5518		221.978750	-12.839722	6.35	1.10	K0III	0.043	-0.085
5519		222.158750	-36.634722	6.04	1.54	M3III	-0.014	-0.048
5520		223.307083	-73.190000	5.60	0.82	G7IIIa+F9IV	0.021	0.033
5521		222.327917	-24.251667	5.68	1.30	gK1	-0.023	-0.003
5522		222.225417	-0.847778	6.14	-0.04	B9VSi:Cr:	-0.008	0.017
5523	7Mu Lib	222.329583	-14.148889	5.31	0.07	A1pSrCrEu	-0.061	-0.014
5524		222.097083	+24.366667	6.14	0.48	F2-6V	-0.110	0.045
5525	Pi 1Oct	225.461667	-83.227778	5.65	0.95	G8-K0III	0.016	0.053
5526	58 Hya	222.572083	-27.960278	4.41	1.40	K4III	-0.241	-0.059
5527		223.145833	-63.810000	5.87	0.72	G3II+B8V	-0.024	-0.009
5528	Omi Lup	222.910000	-43.575556	4.32	-0.15	B5IV	-0.020	-0.027
5529		222.277917	+37.811111	6.16	0.36	F2V	-0.253	0.111
5530	8Alp1Lib	222.671667	-15.997222	5.15	0.41	F4IV	-0.098	-0.066
5531	9Alp2Lib	222.719583	-16.041667	2.75	0.15	A3IV	-0.106	-0.067
5532		222.493333	+28.615833	5.80	0.05	A4V	0.017	0.003
5533	38 Boo	222.327917	+46.116111	5.74	0.48	F7IV w	-0.002	-0.076
5534		222.565833	+23.911944	5.85	0.56	G0-2V	0.143	0.034
5535	11 Lib	222.754167	-2.299167	4.94	0.98	G8III-IV	0.084	-0.123
5536		222.750417	-0.257222	6.18	1.40	K3III	-0.026	0.015
5537		222.384583	+51.374722	6.51	0.40	F5IV	0.012	0.008
5538	39 Boo	222.422083	+48.720556	5.69	0.47	F6V+F5V	-0.076	0.096
5539	Zet Cir	223.676667	-65.991389	6.09	-0.06	B3Vn	-0.022	-0.022
5540		224.470417	-76.662778	5.34	1.45	K4III:	-0.074	-0.015
5541		222.623333	+37.271944	5.48	1.02	K0III-IV	-0.211	0.094
5542		223.137917	-30.576944	6.29	0.60	G1V	-0.329	-0.027
5543		223.212917	-37.803333	5.03	-0.16	B7IIIp	-0.018	-0.021
5544	37Xi Boo	222.847083	+19.101111	4.55	0.76	G8Ve+K4Ve	0.137	-0.098
5545	Pi 2Oct	226.194583	-83.038333	5.65	1.30	G8Ib	-0.016	-0.010
5546		223.894167	-60.114167	5.20	1.16	K2III	-0.125	-0.115
5547		225.049167	-77.160278	5.93	1.05	G8II	-0.003	0.004
5548	12 Lib	223.583750	-24.642222	5.30	1.32	K2III	-0.010	-0.027
5549		223.658333	-33.300556	5.82	1.42	K2III	0.000	0.002
5550		223.347083	+15.704444	6.40	0.57	F9V	-0.022	0.009
5551	The Cir	224.183333	-62.780833	5.11	0.00	B4Vnpe	-0.011	0.000
5552		222.860000	+59.293889	5.46	1.36	K4III	-0.122	0.139
5553		223.348750	+19.152778	6.01	0.83	K2V	-0.452	0.216
5554	13Xi 1Lib	223.595417	-11.898333	5.80	0.97	G7III	-0.052	-0.010
5555		224.983333	-75.032500	6.20	-0.04	B9V	-0.006	-0.014
5556		224.072083	-52.809722	5.38	0.13	A2III	0.026	0.005
5557	Ome Oct	227.784583	-84.787500	5.91	-0.06	B9.5V	-0.008	0.009
5558		223.936250	-33.855833	5.32	0.04	A0V	0.020	0.000
5559		224.133333	-47.879167	5.64	-0.04	B9V	-0.040	-0.020
5560		224.255833	-51.446944	6.64	1.70	M2III	-0.076	-0.009
5561		224.149167	-39.416111	6.36	0.06	A0-1V	-0.026	-0.024
5562		224.128750	-32.636667	6.06	1.41	K3III	-0.008	-0.028
5563	7Bet UMi	222.676250	+74.155556	2.08	1.47	K4-III	-0.031	0.012
5564	15Xi 2Lib	224.192083	-11.409722	5.46	1.49	K4III	0.011	0.008
5565		224.306667	-29.157778	6.29	-0.04	B9V	-0.027	-0.031
5566		224.536667	-48.863056	6.35	0.71	G3-5V	-0.007	-0.333
5567		224.055000	+14.446389	5.77	-0.06	A0V	-0.013	0.000
5568		224.366667	-21.415556	5.74	1.11	K4V	1.045	-1.729
5569		223.994583	+32.300278	6.12	0.10	A2V	-0.043	0.004
5570	16 Lib	224.295833	-4.346389	4.49	0.32	F0V	-0.094	-0.150
5571	Bet Lup	224.632917	-43.133889	2.68	-0.22	B2III/IV	-0.035	-0.039
5572		224.653333	-39.906667	6.15	1.23	K2III	-0.047	-0.063
5573		224.388750	-0.167500	5.53	1.13	K1III	0.062	-0.026
5574		224.265000	+21.555278	6.49	-0.01	A1V	-0.023	-0.028
5575		224.298750	+16.388333	5.71	0.94	gG5	0.005	0.001
5576	Kap Cen	224.790417	-42.104167	3.13	-0.20	B2IV	-0.019	-0.024
5577	59 Hya	224.663333	-27.657222	5.65	0.24	A4V+A6V	-0.042	-0.010
5578	17 Lib	224.555833	-11.155000	6.60	0.01	A1V	-0.011	-0.014
5579		224.807917	-37.881389	6.47	-0.08	B8V	-0.017	-0.020
5580		224.862917	-43.160000	6.10	0.60	F5III	-0.018	-0.013
5581		224.095833	+49.628611	5.63	0.50	F7V	0.115	-0.223
5582	18 Lib	224.723333	-11.144167	5.87	1.26	K3-IIICN1	-0.101	-0.061
5583		224.720000	-4.989167	6.09	0.50	F8V	-0.357	-0.097
5584		224.846250	+4.567778	5.93	1.60	M2III	0.005	-0.008
5585		225.304167	-38.058333	5.89	1.24	K2-3III	0.013	-0.034
5586	19Del Lib	225.243333	-8.518889	4.92	0.00	B9.5V	-0.063	-0.005
5587		225.492083	-34.358889	6.22	0.24	A8IV	-0.025	-0.020
5588	40 Boo	224.903750	+39.265278	5.64	0.31	F0-2IV-III	-0.032	0.042
5589		224.395833	+65.932500	4.60	1.59	M4.5III	-0.079	0.032
5590		225.332500	-2.755000	5.52	1.68	M0III	0.027	-0.023
5591	60 Hya	225.526667	-28.060556	5.85	0.16	A4IV	0.085	-0.029
5592		225.218333	+22.045556	6.38		K0	0.010	0.006
5593	Eta Cir	226.200833	-64.031667	5.17	0.93	G8III	0.099	0.004
5594		225.453750	-0.140556	5.71	1.52	M0.5IIb	0.009	-0.024
5595		225.747083	-32.643333	5.44	-0.12	B3V	-0.015	-0.021
5596		222.585000	+82.511944	5.64	0.68	F9V	0.176	-0.222
5597		225.161250	+47.277778	6.37	-0.14	B9pSiSrCr	-0.009	0.024
5598		226.786250	-71.905278	6.52	1.59	K4III	0.023	-0.015
5599		225.687083	-3.031389	6.61	0.20	A5m	-0.039	-0.020
5600	41Ome Boo	225.527083	+25.008056	4.81	1.50	K4-IIIabCa0.5	-0.007	-0.051
5601	110 Vir	225.725000	+2.091389	4.40	1.04	K0.5IIIbFe-0.5	-0.054	0.016
5602	42Bet Boo	225.486667	+40.390556	3.50	0.97	G8IIIaBa0.3Fe-0.5	-0.041	-0.028
5603	20Sig Lib	226.017500	-25.281944	3.29	1.70	M3-III	-0.073	-0.043
5604		226.178750	-40.861389	6.41	1.46	M6III	-0.015	-0.039
5605	Pi Lup	226.280000	-47.051111	4.72	-0.14	B5V	-0.020	-0.019
5606	Pi Lup	226.280000	-47.051111	4.82		B5IV	-0.019	-0.019
5607		226.329583	-41.067222	5.15	1.01	G8III	0.020	-0.003
5608		225.362917	+60.204444	5.93	0.09	A4V	-0.017	0.015
5609		225.775417	+35.205833	5.51	1.02	gG8	-0.038	0.012
5610		226.026667	+5.492500	6.50	0.31	F0V	-0.010	-0.041
5611		226.986667	-65.275556	6.17	1.47	K3III	0.007	-0.009
5612		225.777500	+44.644444	6.65	0.46	F6IV	-0.093	0.024
5613		225.902083	+34.566111	6.59	1.02	G8III-IV	-0.002	-0.016
5614		226.448750	-25.789722	6.67	-0.01	B8V	-0.002	-0.020
5615		226.557917	-36.264167	6.27	1.65	K5III	-0.017	0.008
5616	43Psi Boo	226.111250	+26.947500	4.54	1.24	K2III	-0.174	-0.006
5617		226.857917	-49.088333	5.77	0.92	G8III	0.014	0.017
5618	44 Boo	225.947500	+47.654444	4.76	0.65	F9-G1Vn	-0.407	0.033
5619		226.638750	-30.918889	5.96	-0.08	A0pSi	-0.016	-0.038
5620		226.612917	-22.031944	6.17	1.05	gK1	0.063	-0.058
5621		227.374583	-67.084167	5.76	0.69	F6II	-0.005	-0.001
5622	21Nu Lib	226.656667	-16.256944	5.20	1.58	K5-III	-0.033	-0.022
5623		227.356250	-63.642778	6.28	0.06	A0pSrCrEu	-0.015	-0.018
5624		227.050417	-40.583889	5.79	-0.14	B8IVSi	-0.030	-0.032
5625		227.162917	-42.867778	5.85	-0.11	B7V	-0.027	-0.018
5626	Lam Lup	227.210833	-45.279722	4.05	-0.18	B3V	-0.016	-0.019
5627	47 Boo	226.357500	+48.151111	5.57	0.00	A1V	-0.066	0.031
5628		228.140833	-72.770278	6.01	0.00	B8-9III	-0.024	-0.007
5629		225.990833	+65.919722	6.13		A2V s	0.023	-0.007
5630		226.646250	+36.455556	6.35	0.52	F8V	-0.063	0.028
5631		226.917917	+5.498056	6.16	0.94	K0III	-0.003	-0.017
5632		227.685833	-61.422500	6.30	0.63	G2V	-0.198	-0.021
5633		226.835000	+18.441667	6.02	0.06	A3V	0.043	-0.055
5634	45 Boo	226.825417	+24.869167	4.93	0.43	F5V	0.185	-0.165
5635		226.569583	+54.556389	5.25	0.96	G7.5IIIFe-1	0.048	0.015
5636		227.531250	-38.792500	5.98		G8III	-0.006	-0.023
5637		227.816667	-55.346111	5.54	1.14	G2Ib-II	-0.002	-0.008
5638	46 Boo	227.099167	+26.301111	5.67	1.24	gK2	0.005	-0.014
5639		227.222500	+13.235000	6.10	0.96	dG6	-0.056	0.064
5640		227.147917	+25.108611	5.81	1.24	K1III	-0.008	-0.001
5641		227.577500	-26.332778	5.76	1.05	K0III	-0.032	-0.010
5642		227.895417	-45.277500	6.44	1.04	K1III	-0.009	0.014
5643		227.882917	-45.279444	7.39	1.08	K0III	0.025	-0.055
5644		228.579583	-70.079444	5.81	3.38	C5,5	-0.001	-0.006
5645		228.254167	-61.743889	6.32	1.90	K4Ib	-0.010	-0.008
5646	Kap1Lup	227.983750	-48.737778	3.87	-0.05	B9.5Vne	-0.095	-0.049
5647	Kap2Lup	227.990000	-48.743611	5.69	0.14	A3IV	-0.103	-0.040
5648		227.081250	+50.055000	6.39	1.03	K0III	-0.004	-0.018
5649	Zet Lup	228.071250	-52.099167	3.41	0.92	G8III	-0.112	-0.073
5650		228.130417	-48.218611	6.33	1.12	K2III	-0.014	-0.028
5651		228.206250	-44.500556	4.82	-0.17	B3IV	-0.034	-0.028
5652	24Iot1Lib	228.055417	-19.791667	4.54	-0.08	A0pSi	-0.036	-0.039
5653		228.280833	-36.091389	6.10	-0.08	B8V	-0.043	-0.021
5654		228.017917	+18.975833	5.89	1.53	M4IIIab	-0.017	0.005
5655		228.322917	-24.008333	6.47	-0.04	B9	-0.011	-0.020
5656	25Iot2Lib	228.330000	-19.647500	6.08	0.12	A3Vn	-0.051	-0.037
5657	23 Lib	228.369583	-25.309167	6.45	0.70	G4V	-0.398	-0.071
5658		228.472083	-26.193611	5.84	1.14	gG5	-0.015	0.000
5659		228.181250	+19.285833	6.68	0.68	G5V	-0.590	0.290
5660	1 Lup	228.655417	-31.519167	4.91	0.37	F1II	-0.005	0.001
5661		229.151667	-60.903889	5.73	-0.08	B0.5Ve	-0.026	0.000
5662	26 Lib	228.640417	-17.768611	6.17	-0.05	B9.5III	-0.022	-0.014
5663		228.974167	-48.074167	5.95	0.21	A3m	0.018	-0.032
5664	Del Cir	229.236250	-60.957500	5.09	-0.06	O8.5V	-0.019	-0.009
5665		228.382917	+22.983333	6.30	0.06	A2V	0.049	0.093
5666	Eps Cir	229.412083	-63.610556	4.86	1.25	K2.5III	0.001	0.008
5667		229.016667	-41.491111	5.16	0.58	G5Ia+B	-0.005	-0.006
5668		229.043750	-43.484722	6.04	-0.14	B3IV	-0.007	0.003
5669		228.711250	-5.502778	6.28	1.47	K2	-0.018	0.005
5670	Bet Cir	229.378333	-58.801111	4.07	0.09	A3V	-0.100	-0.137
5671	Gam TrA	229.727500	-68.679444	2.89	0.00	A1V	-0.072	-0.031
5672		227.683750	+67.781389	6.17		A8Vn	0.001	0.000
5673		228.398333	+38.264722	6.20	1.20	gK2	-0.010	-0.047
5674		228.525417	+31.788056	5.99	1.52	K5	0.043	-0.018
5675	3 Ser	228.797500	+4.939444	5.33	1.09	K0III	-0.018	0.005
5676	48Chi Boo	228.621667	+29.164167	5.26	0.03	A2V	-0.066	0.030
5677		228.542917	+42.171389	6.13	1.66	M2IIIa	0.019	-0.014
5678		229.095833	-22.399444	5.50	1.38	K5III	-0.034	0.003
5679	4 Ser	228.954583	+0.372222	5.63	0.18	A4V	-0.107	0.015
5680		229.703750	-60.496389	5.46	-0.10	O7.5III((f))	-0.027	-0.002
5681	49Del Boo	228.875833	+33.314722	3.47	0.95	G8IIIFe-1	0.086	-0.112
5682		229.539167	-41.060833	6.28	0.18	Am	0.028	0.007
5683	Mu Lup	229.633333	-47.875000	4.27	-0.08	B8Ve	-0.026	-0.038
5684		230.169583	-67.481389	6.28	-0.09	B3V	-0.003	-0.008
5685	27Bet Lib	229.251667	-9.383056	2.61	-0.11	B8V	-0.096	-0.019
5686	2 Lup	229.457917	-30.148889	4.34	1.10	G9IIIaFe1	-0.008	-0.010
5687		229.735000	-40.788333	5.59	-0.10	B7V	-0.014	-0.024
5688		229.672083	-31.209444	6.18	1.23	G6-8III	-0.006	-0.008
5689		229.881667	-37.096667	6.20	0.96	G6III-IV	-0.092	-0.124
5690		229.609167	-0.461389	5.89	1.51	K5III	0.006	-0.007
5691		228.659583	+67.346667	5.13	0.53	F9IV	0.221	-0.390
5692		229.602083	+20.572778	5.70	0.97	G8IIIaBa0.3	-0.012	-0.020
5693		228.716250	+68.945278	6.51		A1Vn	0.024	-0.009
5694	5 Ser	229.828333	+1.765278	5.06	0.54	F8III-IV	0.374	-0.514
5695	Del Lup	230.342917	-40.647500	3.22	-0.22	B1.5IV	-0.015	-0.026
5696		230.397083	-40.749722	6.20	0.07	A1V	-0.010	-0.032
5697		230.375417	-38.219167	6.48	-0.06	A0pSi	-0.013	-0.041
5698	Nu 1Lup	230.534583	-47.927778	5.00	0.50	F8V	-0.140	-0.137
5699	Nu 2Lup	230.450833	-48.317778	5.65	0.65	G3-5V	-1.617	-0.277
5700		230.793333	-60.656944	5.67	0.48	F7V	-0.090	-0.020
5701	28 Lib	230.223750	-18.158611	6.17	1.02	G8III	-0.011	-0.061
5702		229.875833	+32.515278	6.32	0.24	A2m	-0.015	0.016
5703	29Omi Lib	230.255833	-15.548333	6.30	0.41	F0III	0.024	0.026
5704	Gam Cir	230.844583	-59.320833	4.51	0.19	B5IV+F8	-0.016	-0.038
5705	Phi1Lup	230.451667	-36.261389	3.56	1.54	K5III	-0.089	-0.084
5706		230.196250	-2.413333	6.35	1.06	K0V	-0.253	-0.177
5707		230.281667	-5.824722	5.54	1.04	K1III	-0.050	-0.008
5708	Eps Lup	230.670417	-44.689444	3.37	-0.18	B2IV-V	-0.019	-0.013
5709	1Omi CrB	230.035417	+29.616111	5.51	1.02	K0III	-0.120	-0.047
5710	6 Ser	230.258333	+0.715278	5.35	1.19	K3III	-0.042	-0.106
5711		230.278750	+24.957778	6.39	1.23	K0	-0.026	-0.026
5712	Phi2Lup	230.789167	-36.858611	4.54	-0.15	B4V	-0.018	-0.023
5713		231.561250	-68.309167	5.89	1.02	G8-K0III	0.121	0.011
5714	11 UMi	229.274583	+71.823889	5.02	1.37	K4III	0.007	0.011
5715		230.021667	+51.958611	5.66	0.11	A4V	0.014	0.012
5716		230.173333	+44.434167	6.19	0.39	F3-4IV s	0.027	-0.106
5717	7 Ser	230.596667	+12.567500	6.28	-0.02	A0V	-0.004	-0.004
5718	50 Boo	230.452500	+32.933889	5.37	-0.07	B9Vn	-0.051	0.017
5719	Ups Lup	231.187083	-39.710278	5.37	-0.11	A0pSi	-0.037	-0.047
5720		230.967500	-12.369444	5.72	1.04	gG6	-0.038	-0.039
5721	8 Ser	230.932083	-1.022500	6.12	0.25	F0V	0.076	-0.030
5722		231.277500	-38.169444	7.03	0.09	A2V	-0.010	-0.029
5723	31Eps Lib	231.049583	-10.322222	4.94	0.44	F5IV	-0.067	-0.154
5724		231.334167	-38.733611	4.60	0.00	A0IV	-0.052	-0.016
5725		231.887917	-64.531389	5.71	1.64	K5-M0III	-0.015	-0.019
5726		230.655833	+39.581389	5.50	1.59	gK4	0.002	-0.015
5727	2Eta CrB	230.801250	+30.287778	5.58	0.58	G0V	0.138	-0.187
5728	2Eta CrB	230.801250	+30.287778	6.08		G3V	0.137	-0.187
5729	Rho Oct	235.820000	-84.465278	5.57	0.11	A2V	0.131	0.097
5730	Kap1Aps	232.878333	-73.389444	5.49	-0.12	B3IVe	-0.006	-0.013
5731		230.655417	+62.047222	5.98	-0.03	A0pSi	0.010	-0.034
5732		231.021250	+45.271111	6.01	1.20	K2III	-0.014	0.008
5733	51Mu 1Boo	231.122500	+37.377222	4.31	0.31	F2IVa	-0.146	0.087
5734	51Mu 2Boo	231.128750	+37.347778	6.50	0.59	G1V	-0.144	0.094
5735	13Gam UMi	230.182083	+71.833889	3.05	0.05	A3II-III	-0.019	0.020
5736		231.825833	-36.767778	5.45	-0.15	B4Vp	-0.012	-0.035
5737		230.660000	+63.341389	5.79	1.27	gK4	-0.013	-0.091
5738		232.113333	-51.597500	6.10	1.09	G2II	-0.007	0.005
5739	9Tau1Ser	231.447500	+15.428056	5.17	1.66	M1III	-0.013	-0.007
5740		231.472083	+19.480833	6.27	0.60	G0IV-V	-0.057	-0.006
5741		231.572500	+34.335833	5.46	1.40	K4III	-0.114	0.056
5742		232.351250	-46.732778	5.24	1.74	K4III	-0.010	-0.006
5743	32Zet1Lib	232.064167	-16.716389	5.64	1.55	K5III	0.017	-0.032
5744	12Iot Dra	231.232500	+58.966111	3.29	1.16	K2III	-0.009	0.017
5745		231.912083	+25.101667	6.02	1.62	gM1	0.007	-0.014
5746	10 Ser	232.159167	+1.842222	5.17	0.23	A8IV	-0.083	-0.029
5747	3Bet CrB	231.957083	+29.105833	3.68	0.28	F0p	-0.179	0.086
5748		231.635417	+54.020000	6.45	0.05	A2IV	0.048	-0.019
5749		232.651250	-20.728333	6.22	0.17	A5m	0.014	-0.019
5750	34Zet3Lib	232.668333	-16.609444	5.82	1.06	gG6	0.018	0.001
5751		233.018333	-38.623056	6.25	0.20	A7V	-0.026	-0.089
5752		232.185417	+47.201389	6.15	0.10	AmA3-F0V:	-0.015	-0.002
5753		232.959583	-32.881111	6.46	0.09	B7V	-0.012	-0.024
5754		231.920000	+62.275556	6.50	0.14	A5IV	0.033	-0.024
5755		231.964167	+60.670278	5.90	1.44	K5III	-0.019	-0.002
5756		232.930833	-20.164722	6.22	0.22	A8V	-0.075	-0.028
5757		234.826250	-77.918056	6.18	1.20	K2IIICN0.5Ba-1	-0.085	-0.123
5758		232.730833	+8.579167	6.57	0.37	F4V w	0.034	-0.003
5759		232.236667	+55.195000	6.43	0.08	A3m	-0.007	0.036
5760		232.594583	+31.286111	6.46	0.19	A4IV	-0.024	-0.012
5761		232.616250	+36.804167	6.37		K0	-0.059	0.023
5762		233.152917	-19.670556	5.52	0.18	A2m	-0.021	-0.035
5763	52Nu 1Boo	232.732500	+40.833056	5.02	1.59	K4.5IIIbBa0.4	0.011	-0.007
5764	35Zet4Lib	233.230000	-16.852778	5.50	-0.14	B2Vn	-0.011	-0.014
5765		233.287917	-24.489444	7.00	0.27	A3+F0V:	-0.003	-0.038
5766		234.072500	-65.613333	6.51	0.35	F3IV-V	-0.092	-0.063
5767		233.506667	-40.066111	5.82	1.68	M2III	-0.055	-0.025
5768		232.338333	+62.099722	6.38		K5	-0.024	-0.001
5769		232.843333	+36.616389	6.38	0.50	F6III	0.006	-0.031
5770	12Tau2Ser	233.040417	+16.056111	6.22	-0.05	B9V	0.001	0.009
5771	Eps TrA	234.180000	-66.316944	4.11	1.17	K1-2III	0.023	-0.055
5772	11 Ser	233.241250	-1.186389	5.51	1.09	K0III	-0.017	-0.042
5773		233.587083	-39.349444	6.36	-0.03	B9V	-0.028	-0.047
5774	53Nu 2Boo	232.945833	+40.899444	5.02	0.07	A5V	-0.017	-0.009
5775	36 Lib	233.655417	-28.046944	5.15	1.30	K4III	0.014	-0.033
5776	Gam Lup	233.785417	-41.166944	2.78	-0.20	B2IV	-0.015	-0.028
5777	37 Lib	233.544583	-10.064444	4.62	1.01	K1III-IV	0.309	-0.234
5778	4The CrB	233.232500	+31.359167	4.14	-0.13	B6Vnne	-0.019	-0.011
5779		233.586667	-5.695000	6.51	0.58	F7V	-0.095	0.011
5780		233.610833	-9.183333	5.17	-0.09	B6IV	-0.016	-0.023
5781		233.971667	-44.958611	4.54	-0.18	B3IVp	-0.025	-0.030
5782	Kap2Aps	235.088333	-73.446667	5.65	-0.04	B7III-IV	-0.021	-0.024
5783		233.470000	+17.137778	6.45		F3III	-0.042	-0.038
5784		234.050417	-44.396944	5.43	1.50	K4-5III	-0.045	-0.057
5785		232.732083	+64.208611	5.79	0.96	K0III-IV	-0.117	0.081
5786		235.477500	-76.081944	5.95	-0.04	B9V	-0.018	-0.041
5787	38Gam Lib	233.881667	-14.789444	3.91	1.01	G8.5III	0.065	0.009
5788	13Del Ser	233.700417	+10.537500	3.80	0.26	F0IV	-0.074	-0.005
5789	13Del Ser	233.700417	+10.539167	3.80	0.26	F0IV	-0.074	0.012
5790		234.047500	-33.092778	6.24		B8V	-0.016	-0.017
5791		233.769167	+1.668889	6.56	0.28	F0III	-0.074	-0.035
5792		235.047917	-70.227778	6.44	0.08	A1V	-0.049	-0.060
5793	5Alp CrB	233.672083	+26.714722	2.23	-0.02	A0V+G5V	0.121	-0.089
5794	39Ups Lib	234.256250	-28.135000	3.58	1.38	K3III	-0.009	0.003
5795	15Tau3Ser	233.888333	+17.655556	6.12	0.94	gG8	-0.079	-0.014
5796		233.972500	+11.265556	6.07	1.09	gK0	-0.030	-0.012
5797	Ome Lup	234.513333	-42.567500	4.33	1.42	K4.5III	-0.153	0.057
5798		234.706250	-52.372778	5.44	0.00	A0V	-0.036	-0.035
5799	14 Ser	234.140417	-0.561667	6.51	0.72	G8III+A	-0.027	-0.022
5800	6Mu CrB	233.812500	+39.010000	5.11	1.64	M1.5III-IIIb	0.029	0.006
5801		234.368750	-26.280000	6.19	0.01	B7IV	-0.010	-0.023
5802	16 Ser	234.123333	+10.010000	5.26	0.95	K0III:CN1Ba0.7Sr2	0.045	-0.129
5803		234.985417	-59.908333	5.95	0.48	F6V	-0.122	-0.220
5804	18Tau5Ser	234.122083	+16.118889	5.93	0.29	F3V	0.076	-0.007
5805		234.636250	-39.160833	6.57	-0.07	B9V	-0.013	-0.032
5806		234.450417	-23.141667	5.78	1.10	K0III	-0.022	-0.080
5807		234.676250	-39.128056	6.04	0.21	A3-5mA3-F2	0.023	-0.008
5808		233.955417	+38.373889	6.42		K2	0.029	-0.006
5809		234.565417	-28.206667	6.32	1.17	K1III	0.003	-0.026
5810		234.567917	-21.016111	5.84	1.08	gG9	0.068	-0.060
5811		233.817917	+53.921944	5.97	1.18	gK4	-0.011	-0.004
5812	40Tau Lib	234.664167	-29.777778	3.66	-0.17	B2.5V	-0.015	-0.030
5813		234.222500	+29.991111	6.52		F5V:	0.087	-0.060
5814	41 Lib	234.727083	-19.301944	5.38	0.86	G8III	0.085	-0.076
5815		234.666667	-8.794444	6.50	0.53	F6IV-V	0.022	-0.014
5816		234.667083	-8.791111	6.48	0.52	F6V	0.028	-0.018
5817		234.017083	+52.069722	6.74	0.32	F4IIIp	-0.022	0.082
5818		233.987917	+54.630556	5.74		A2V	-0.035	-0.010
5819		234.838750	-23.150278	6.34	0.02	A0V	-0.036	-0.029
5820	3Psi1Lup	234.941667	-34.411944	4.67	0.99	G8III	0.004	-0.015
5821		235.242917	-47.735556	6.23	1.63	K5-M0III	-0.027	-0.025
5822		235.064167	-31.213611	6.34	1.43	K2III	-0.061	-0.020
5823	54Phi Boo	234.456667	+40.353333	5.24	0.88	G7III-IVFe-2	0.063	0.062
5824	42 Lib	235.070417	-23.818056	4.96	1.33	K3IIICN1	-0.013	-0.012
5825		235.297083	-44.661111	4.64	0.40	F5IV-V	-0.177	-0.262
5826	15The UMi	232.853750	+77.349444	4.96	1.58	K5III	-0.049	0.010
5827		234.703750	+34.675000	6.11	1.02	K0	-0.006	-0.016
5828		234.383333	+54.508889	5.87	1.07	gK1	-0.037	-0.015
5829		232.295833	+80.448611	6.58	0.67	G0IV-V+G8IV-V	-0.228	0.113
5830		234.567500	+46.797778	5.75	0.36	F2V	0.090	-0.126
5831		235.043333	+12.053056	6.25	0.94	G7.5IIIaFe-0.5	-0.007	-0.007
5832		235.655000	-49.489444	6.04	1.31	K2III	-0.004	-0.018
5833	7Zet1CrB	234.842500	+36.636667	6.00		B9V	-0.014	-0.013
5834	7Zet2CrB	234.844583	+36.635833	5.07	-0.12	B7V	-0.013	-0.006
5835		234.642917	+50.423333	5.84	0.83	G8III	0.005	-0.038
5836		235.979583	-60.287222	6.48	1.05	G0Ib	-0.017	-0.005
5837		235.659583	-37.425000	5.24	0.98	G8-K0III	-0.048	-0.021
5838	43Kap Lib	235.486667	-19.678889	4.74	1.57	M0-IIIb	-0.037	-0.103
5839	4Psi2Lup	235.670833	-34.710556	4.75	-0.14	B5V	-0.021	-0.029
5840	19Tau6Ser	235.246667	+16.024722	6.01	0.90	G8III	0.028	-0.013
5841		234.789583	+57.924444	6.45	1.09	K1III	-0.005	0.011
5842	21Iot Ser	235.387917	+19.670278	4.52	0.04	A1V	-0.057	-0.046
5843	20Chi Ser	235.447500	+12.847500	5.33	0.04	A0pSr	0.040	-0.003
5844		234.412917	+69.283333	5.62	1.35	K5IIIb	-0.047	0.058
5845	22Tau7Ser	235.477917	+18.463889	5.81	0.20	A2m	-0.072	0.053
5846		236.094167	-41.819444	5.94	0.00	A0V+B	-0.028	-0.047
5847		235.853750	-15.043333	6.31	1.16	K0IV	-0.004	-0.096
5848	44Eta Lib	236.018333	-15.672778	5.41	0.23	F0IV	-0.034	-0.066
5849	8Gam CrB	235.685833	+26.295556	3.84	0.00	B9IV+A3V	-0.105	0.045
5850		235.794167	+13.667778	6.48	0.86	G5III	-0.010	-0.032
5851		236.973333	-65.442500	6.18	0.22	A5III-IV	-0.005	-0.042
5852		236.973750	-65.442500	6.39	0.24	F0-2IV	-0.005	-0.042
5853	23Psi Ser	236.007500	+2.515000	5.88	0.68	G2.5V	-0.054	-0.151
5854	24Alp Ser	236.067083	+6.425556	2.65	1.17	K2IIIbCN1	0.137	0.047
5855	9Pi CrB	235.997083	+32.515833	5.56	1.06	gG9	-0.032	-0.010
5856		236.553333	-28.061667	6.51	0.32	F2IV	-0.067	-0.026
5857		235.711250	+52.360833	5.51	-0.07	B9pSiCr	-0.067	0.032
5858	26Tau8Ser	236.175417	+17.264167	6.14	0.00	A0V	-0.026	0.000
5859		236.347917	+5.446944	5.58	0.04	A0V	0.027	-0.015
5860		236.684167	-34.682500	5.61	-0.11	B7Vn	-0.021	-0.028
5861		236.415417	+0.891389	6.33	1.19	K0III	0.043	0.008
5862		236.855833	-40.194167	6.42	0.88	G5III-IV	-0.176	-0.037
5863	25 Ser	236.523333	-1.804444	5.40	-0.03	B8III	-0.027	-0.038
5864		236.870833	-37.916389	6.01	0.72	G6V	-0.430	-0.217
5865		237.209583	-52.438056	6.07	1.38	K2-3III	-0.007	-0.002
5866		236.689167	-6.120278	6.24	1.17	K0	-0.009	-0.002
5867	28Bet Ser	236.547083	+15.421944	3.67	0.06	A2IV	0.067	-0.045
5868	27Lam Ser	236.610833	+7.353056	4.43	0.60	G0-V	-0.223	-0.067
5869		237.528750	-53.209444	5.77	-0.08	B9Vn:	-0.048	-0.030
5870	31Ups Ser	236.822083	+14.115278	5.71	0.09	A3V	-0.060	0.039
5871		237.489583	-48.911944	5.84	0.07	A1V	-0.032	-0.001
5872		237.567917	-45.401667	6.12	0.29	A9III	0.045	-0.033
5873		237.778333	-55.055833	5.73	0.06	B2II	-0.001	-0.014
5874		237.055417	+13.788611	6.00	1.25	gK2	-0.006	-0.116
5875		237.236667	-3.818611	5.53	0.12	A5IV	-0.033	0.009
5876		238.236250	-65.152500	6.54	0.19	A5IV	0.035	0.008
5877		237.008333	+31.735833	6.44		K5	0.032	-0.041
5878		236.645000	+55.474722	5.92	1.39	gK3	-0.125	0.076
5879	35Kap Ser	237.185000	+18.141667	4.09	1.62	M0.5IIIab	-0.051	-0.088
5880		237.143333	+28.156667	5.85	0.77	G0Iep	-0.002	-0.015
5881	32Mu Ser	237.405000	-3.430278	3.53	-0.04	A0V	-0.086	-0.024
5882		237.881250	-47.060556	6.01	1.16	K2III	-0.112	-0.030
5883	5Chi Lup	237.739583	-33.627222	3.95	-0.04	B9IV	-0.006	-0.030
5884		238.345000	-62.606944	6.19	1.47	K3III	-0.011	-0.023
5885	1 Sco	237.744583	-25.751389	4.64	-0.05	B3V	-0.018	-0.024
5886		236.666667	+62.599444	5.19	0.04	A2IV	0.039	-0.055
5887		236.908333	+55.376667	5.86	0.25	A3m	0.011	0.010
5888	34Ome Ser	237.572917	+2.196389	5.23	1.02	G8III	0.031	-0.051
5889	10Del CrB	237.398750	+26.068333	4.63	0.80	G3.5III-IVFe-1	-0.076	-0.063
5890		238.214583	-50.615278	6.60	1.53	K3III	0.015	0.011
5891	Kap TrA	238.873333	-68.603056	5.09	1.13	G5IIa	-0.012	-0.003
5892	37Eps Ser	237.704167	+4.477778	3.71	0.15	A2Vm	0.128	0.063
5893		238.053333	-29.886667	6.40	0.98	K1III	-0.135	-0.089
5894		237.673750	+15.133611	5.20		M7IIIe	-0.005	-0.041
5895	36 Ser	237.815000	-3.090556	5.11	0.12	A3Vnp	-0.087	-0.027
5896		237.910000	-14.133611	6.19	1.00	G8III	-0.026	-0.005
5897	Bet TrA	238.785417	-63.430556	2.85	0.29	F2III	-0.191	-0.398
5898		238.719167	-60.743333	6.15	0.10	B9II	-0.009	0.003
5899	38Rho Ser	237.816250	+20.977778	4.76	1.54	K5-III	-0.053	0.019
5900		238.884583	-60.177778	5.77	0.35	G5II-III+A3	-0.052	-0.075
5901	11Kap CrB	237.807917	+35.657500	4.82	1.00	K1IVa	-0.007	-0.347
5902	45Lam Lib	238.333750	-20.167222	5.03	-0.01	B2.5V	-0.011	-0.023
5903	16Zet UMi	236.014583	+77.794444	4.32	0.04	A3Vn	0.020	-0.001
5904	2 Sco	238.402917	-25.327222	4.59	-0.07	B2.5Vn	-0.016	-0.025
5905		239.025000	-60.482778	5.76	0.06	A3V	-0.034	-0.081
5906		238.474167	-24.533056	5.39	-0.02	B6IVn	-0.024	-0.023
5907		238.482500	-23.978056	5.42	-0.04	B2.5Vne	-0.015	-0.025
5908	46The Lib	238.456250	-16.729444	4.15	1.02	G8.5IIIb	0.099	0.133
5909		238.234167	+17.403611	6.36		K0	-0.041	0.002
5910		238.625000	-27.338611	6.14	-0.07	B6Vp	-0.025	-0.023
5911	39 Ser	238.300417	+13.196667	6.10	0.60	G0VFe-0.5	-0.151	-0.561
5912	3 Sco	238.664583	-25.243611	5.87	-0.06	B8IIIp	-0.013	-0.022
5913		238.395417	+16.075000	6.09		F5II-III	0.027	-0.020
5914	1Chi Her	238.168750	+42.451667	4.62	0.56	F8VFe-2Hdel -1	0.440	0.632
5915	47 Lib	238.751250	-19.383056	5.94	-0.01	B5V	-0.016	-0.020
5916		238.876667	-31.083611	6.21	1.37	K4III	0.014	0.024
5917	4 Sco	238.875417	-26.265833	5.62	0.15	A3V	-0.045	-0.021
5918		239.027083	-39.864167	6.03	0.15	B6V	-0.035	-0.018
5919	40 Ser	238.667917	+8.580278	6.29	0.18	A7Vn	0.002	0.002
5920		239.742083	-65.037778	5.75	-0.06	B7III	-0.013	-0.019
5921		239.265833	-48.162222	6.31	0.38	F1IV	-0.109	-0.095
5922		238.069167	+55.826667	5.81	0.96	gG8	-0.023	0.057
5923		239.057917	-31.785833	6.29	0.43	F6V	0.036	0.001
5924		238.644167	+20.310833	5.44	1.59	M0III	-0.082	0.043
5925	Xi 1Lup	239.222917	-33.966389	5.12	0.12	A3V	0.018	-0.042
5926	Xi 2Lup	239.225833	-33.964167	5.62	0.05	B9V	0.020	-0.039
5927		239.060000	-14.399444	6.37	0.48	F7V:	0.031	-0.073
5928	5Rho Sco	239.221250	-29.214167	3.88	-0.20	B2IV-V	-0.013	-0.025
5929		239.338750	-36.185000	5.80	1.01	K0-1III	-0.018	-0.002
5930		239.139167	-14.829167	6.13	0.23	A2III	0.069	-0.027
5931		238.915833	+18.620556	6.26	-0.11	B8III	-0.014	-0.015
5932	2 Her	238.657917	+43.138611	5.37	1.65	M3IIIBa0.3	-0.032	0.065
5933	41Gam Ser	239.113333	+15.661667	3.85	0.48	F6V	0.312	-1.281
5934		239.418333	-20.983056	5.85	0.02	B3V	-0.016	-0.018
5935		239.627917	-37.503056	6.31	1.01	K0III	-0.025	-0.002
5936	12Lam CrB	238.948333	+37.946944	5.45	0.33	F0IV	0.031	0.083
5937		239.975000	-54.021111	6.10	0.00	B5IV	-0.023	-0.017
5938	4 Her	238.877500	+42.566111	5.75	-0.11	B9pe	-0.025	0.015
5939		240.294583	-63.776667	6.41	0.78	F8II	-0.009	-0.003
5940	Phi Ser	239.310833	+14.414444	5.54	1.14	K1IV	-0.121	0.087
5941	48 Lib	239.547500	-14.279444	4.88	-0.10	B5IIIp	-0.012	-0.015
5942		239.645000	-24.831389	5.43	-0.09	B5IV	-0.014	-0.018
5943		239.876250	-41.744444	4.99	1.00	K0II-III	-0.040	-0.018
5944	6Pi Sco	239.712917	-26.114167	2.89	-0.19	B1V+B2V	-0.011	-0.026
5945		239.991667	-40.652778	6.49	1.52	K1II-III	0.021	0.008
5946		240.276667	-54.577778	6.13	0.25	A5V	-0.043	-0.039
5947	13Eps CrB	239.397083	+26.877778	4.15	1.23	K2IIIab	-0.076	-0.061
5948	Eta Lup	240.030417	-38.396944	3.41	-0.22	B2.5IV	-0.022	-0.032
5949		238.957083	+58.911667	6.31	-0.02	A0V	-0.024	0.022
5950		239.374583	+39.695278	6.31	1.07	K0	-0.063	0.060
5951		240.718333	-62.541667	6.25	-0.04	B9.5V	-0.042	-0.023
5952		240.223750	-40.435278	6.21	0.01	A0V	0.014	0.037
5953	7Del Sco	240.083333	-22.621667	2.32	-0.12	B0.3IV	-0.012	-0.022
5954	49 Lib	240.081667	-16.533333	5.47	0.52	F8V	-0.630	-0.394
5955		241.482500	-72.400833	5.70	1.17	K1IIICNII	-0.037	0.069
5956		240.331250	-31.889444	6.33	1.45	K4III	0.010	-0.004
5957		239.740417	+36.643889	5.62	1.49	gK5	0.022	0.029
5958		239.875833	+25.920278	2.00	0.10	sdBe+gM3+Q	-0.005	0.013
5959	50 Lib	240.198333	-8.411389	5.55	0.05	A0V s	-0.014	-0.013
5960		239.447500	+54.749722	4.95	0.26	F0IV	-0.150	0.110
5961	Iot1Nor	240.882917	-57.775278	4.63	0.24	A7IV	-0.124	-0.085
5962	Eta Nor	240.803750	-49.229722	4.65	0.92	G8III	0.043	0.010
5963		240.212917	+4.427500	5.83	1.00	gK0	-0.041	0.075
5964		239.768333	+49.881111	6.05	0.29	F0IV	0.023	-0.041
5965		240.664167	-29.135833	6.03	1.31	K3III	0.036	-0.013
5966	5 Her	240.309583	+17.818333	5.12	0.99	G8IIIbFe-0.5	-0.048	0.157
5967		240.850833	-38.602500	4.89	-0.14	B6IV	-0.016	-0.027
5968	15Rho CrB	240.261250	+33.303611	5.41	0.60	G0+VaFe-1	-0.192	-0.766
5969		240.835833	-25.865278	5.00	1.22	K5III	-0.071	-0.038
5970		240.892917	-32.000556	6.01	0.47	F4IV	-0.044	-0.028
5971	14Iot CrB	240.360833	+29.851111	4.99	-0.07	A0p:Hg:	-0.039	-0.009
5972	44Pi Ser	240.573750	+22.804444	4.83	0.07	A3V	0.002	0.028
5973		240.977917	-24.726389	6.21	1.38	K0	0.001	0.009
5974		241.074167	-33.214444	6.10	0.34	A9IV	-0.031	-0.055
5975		241.152917	-37.863056	5.90	0.40	F3IV	-0.137	-0.117
5976	43 Ser	240.940417	+4.986667	6.08	0.96	G9III	-0.041	0.012
5977	Xi Sco	241.092083	-11.373056	5.07		F5IV	-0.060	-0.029
5978	Xi Sco	241.092083	-11.373056	4.77	0.47	F5IV	-0.060	-0.029
5979		241.850000	-56.191389	6.16	0.58	F2II	-0.003	-0.011
5980	Del Nor	241.622500	-45.173333	4.72	0.23	Am	0.002	0.028
5981		240.522917	+52.915833	5.93	1.48	gK5	-0.002	-0.034
5982	6Ups Her	240.699583	+46.036667	4.76	-0.11	B9III	0.059	-0.058
5983		240.830833	+36.631667	5.83	0.56	A2V+F7III	0.010	-0.017
5984	8Bet1Sco	241.359167	-19.805556	2.62	-0.07	B1V	-0.006	-0.019
5985	8Bet2Sco	241.360417	-19.801944	4.92	-0.02	B2V	-0.019	-0.020
5986	13The Dra	240.472083	+58.565278	4.01	0.52	F8IV	-0.320	0.335
5987	The Lup	241.647917	-36.802222	4.23	-0.17	B2.5Vn	-0.017	-0.029
5988		241.526250	-23.606389	5.92	-0.08	B8p	-0.013	-0.028
5989		241.435417	-6.291667	6.53	0.48	F2IV	0.037	-0.008
5990		241.499167	-6.139444	6.41	1.03	K0	-0.030	0.004
5991		241.818333	-36.755556	5.73	0.29	F1IV	0.066	-0.043
5992		241.407500	+8.096111	6.29	0.08	A3m	-0.009	-0.002
5993	9Ome1Sco	241.701667	-20.669167	3.96	-0.04	B1V	-0.009	-0.021
5994	Iot2Nor	242.327500	-57.934444	5.57	-0.04	B9.5V	-0.013	-0.063
5995		240.788750	+59.410833	6.19	1.58	M1III	-0.023	-0.022
5996		241.764167	-14.070833	6.32	0.66	G4IV-V	-0.258	0.024
5997	10Ome2Sco	241.851250	-20.868611	4.32	0.84	G3II-III	0.041	-0.038
5998		241.966250	-24.461944	6.33	-0.06	B7IIIp:	-0.011	-0.007
5999		242.142500	-39.105278	7.05	0.36	A7IVe	-0.019	-0.031
6000		242.143333	-39.093056	6.65	-0.07	A0-3III	-0.027	-0.035
6001		242.031667	-26.326667	5.38	1.65	M2III	0.108	-0.003
6002	11 Sco	241.901667	-12.745556	5.78	0.01	B9.5Vnn	-0.045	-0.029
6003		242.182083	-23.685556	5.88	0.02	B9IVp:	-0.009	-0.025
6004	45 Ser	241.906250	+9.891667	5.63	0.20	A7V	-0.021	-0.004
6005		241.842500	+21.822500	6.14	1.37	K4III	-0.013	-0.041
6006		242.382083	-32.649722	6.19	0.79	K0-2III	-0.026	-0.053
6007		242.469167	-33.545833	5.54	-0.10	B8V	-0.023	-0.042
6008	7Kap Her	242.018750	+17.046944	5.00	0.95	G8III	-0.032	-0.007
6009	7Kap Her	242.020417	+17.054444	6.25	1.14	K1III	-0.031	-0.028
6010	47 Ser	242.116667	+8.534167	5.73	1.61	M3.5IIIa	-0.017	-0.010
6011		242.245417	+3.454444	5.91	1.47	gK5	-0.028	0.016
6012		242.480000	-18.340833	6.47	0.44	F4V	-0.084	-0.076
6013	8 Her	242.194167	+17.205833	6.14	0.00	A0Vnn	-0.021	-0.026
6014		242.296667	+6.378889	5.97	1.00	K1.5IV	0.236	-0.738
6015		242.823750	-41.119722	5.86	0.27	F0IV	-0.077	-0.127
6016		242.460417	-3.466944	5.37	1.45	K4III	-0.030	-0.007
6017		242.758333	-29.416389	5.13	1.12	K3III	-0.093	-0.087
6018	16Tau CrB	242.242917	+36.490833	4.76	1.01	K1-III-IV	-0.053	0.333
6019	Zet Nor	243.344167	-55.540833	5.81	0.34	F2III	-0.105	-0.043
6020	Del1Aps	245.086667	-78.695833	4.68	1.69	M5IIIb	-0.014	-0.035
6021	Del2Aps	245.111667	-78.667222	5.27	1.41	K3III	-0.007	-0.025
6022		243.320000	-53.671667	5.83	1.96	M0Ib-II+F-G	-0.017	-0.016
6023	11Phi Her	242.192500	+44.935000	4.26	-0.07	B9p:Mn:	-0.025	0.038
6024	Kap Nor	243.369583	-54.630556	4.94	1.04	G8III	-0.002	-0.024
6025		241.582083	+67.810278	5.44	-0.02	A0Vn	-0.035	0.066
6026	14Nu Sco	242.994167	-19.449722	6.30	0.13	B8V+B9VpSi	-0.010	-0.009
6027	14Nu Sco	242.998750	-19.460556	4.01	0.04	B3V	-0.010	-0.023
6028	13 Sco	243.075833	-27.926389	4.59	-0.16	B2V	-0.013	-0.025
6029	12 Sco	243.066250	-28.417500	5.67	0.01	B9V	-0.032	-0.043
6030	Del TrA	243.859583	-63.685556	3.85	1.11	G2Ib-IIa	0.002	-0.011
6031	15Psi Sco	243.000000	-10.064167	4.94	0.09	A3IV	-0.001	-0.014
6032		242.873750	+9.712500	6.53	0.24	F0IV	0.014	-0.005
6033	16 Sco	243.030417	-8.547500	5.43	0.12	A4V	0.042	0.003
6034		240.880417	+76.793611	5.56		A3V	-0.021	0.016
6035		242.869583	+16.665556	6.08	0.02	A0V	0.003	0.004
6036		242.262083	+57.937778	6.33		A1V	-0.024	0.022
6037		244.272917	-67.941389	5.75	0.15	A4V	-0.046	-0.094
6038		242.358333	+55.828889	6.49		K0	-0.033	0.025
6039	10 Her	242.908333	+23.494722	5.70	1.56	M4.5IIIa	-0.029	-0.012
6040		243.957083	-57.912222	5.63	0.14	A3III	-0.022	-0.048
6041		243.235417	-4.220833	6.25	0.13	A1V	-0.032	-0.015
6042		243.440417	-24.421944	6.41	0.04	B5V	0.013	-0.013
6043		242.915417	+33.342500	6.29	1.20	K2III	0.015	0.010
6044		243.592917	-33.011389	5.92	1.02	K0III	-0.015	-0.034
6045	The Nor	243.813750	-47.372222	5.14	-0.13	B8V	-0.032	-0.051
6046		242.950000	+36.425000	5.63	1.34	K3III	-0.011	-0.036
6047	9 Her	243.314167	+5.021111	5.48	1.47	gK5	0.040	-0.007
6048	17Chi Sco	243.462083	-11.837500	5.22	1.42	K3III	-0.010	-0.006
6049		243.850000	-42.899722	6.14	1.11	K2III	-0.026	-0.009
6050		242.948333	+42.374444	5.87	1.45	K4II+F6-8V	-0.006	0.027
6051		243.620000	-21.107500	6.41	-0.01	A0V	-0.027	-0.026
6052		243.188750	+26.670833	6.50	0.39	F3V	0.049	-0.025
6053		243.662917	-18.535278	6.32	1.09	K2III	-0.106	-0.109
6054		243.723333	-25.476944	6.05	0.04	B7IV	0.007	-0.019
6055		244.179583	-53.811111	5.44	1.73	M2III	-0.006	0.004
6056	1Del Oph	243.586250	-3.694444	2.74	1.58	M0.5III	-0.044	-0.143
6057		243.556250	+5.901944	6.31	1.15	K2III	0.029	-0.012
6058	Gam1Nor	244.253750	-50.068333	4.99	0.80	F9Ia	-0.005	-0.004
6059		244.337083	-53.086667	6.33	0.27	A8IV	-0.059	-0.058
6060	18 Sco	243.905417	-8.369444	5.50	0.65	G2Va	0.234	-0.501
6061		243.964583	-14.849167	6.09	0.06	A0V	0.009	0.004
6062		244.716250	-57.899722	6.49	1.00	F8-G0Ib	0.000	-0.001
6063	17Sig CrB	243.670000	+33.858611	5.64	0.51	G0VCaIIe	-0.271	-0.079
6064	17Sig CrB	243.670000	+33.858333	6.66		G1V	-0.271	-0.079
6065	16 Her	243.869583	+18.808333	5.69	1.12	K3III	-0.064	-0.077
6066		244.245000	-21.303889	6.61	0.02	B9V	-0.015	-0.016
6067		244.230417	-3.953333	6.18	0.31	A9Vn	0.040	0.009
6068		243.947500	+27.422222	6.14	1.31	K2	-0.029	-0.033
6069		243.104583	+67.144167	6.21	0.99	G8III	-0.023	-0.043
6070		244.574583	-28.613889	4.78	0.02	A0V	-0.028	-0.099
6071	Lam Nor	244.823750	-42.673889	5.45	0.10	A3Vn	0.016	-0.011
6072	Gam2Nor	244.960000	-50.155556	4.02	1.08	G8III	-0.155	-0.053
6073		245.105000	-55.140000	5.77	0.97	K0III	0.019	-0.021
6124		246.708750	+2.347500	6.07	0.92	G8III	0.023	-0.027
6074	18Ups CrB	244.186667	+29.150278	5.78	0.07	A3V	0.023	-0.016
6075	2Eps Oph	244.580417	-4.692500	3.24	0.96	G9.5IIIbFe-0.5	0.085	0.041
6076		244.782083	-20.217778	6.29	1.08	K5III	0.011	-0.005
6077		244.886250	-30.906667	5.49	0.47	F6III	0.085	0.023
6078		244.751667	-14.872500	5.94	1.52	K4III	-0.028	0.015
6079	19 UMi	242.706250	+75.877500	5.48	-0.11	B8V	-0.001	0.013
6080		245.135833	-39.430833	6.12	-0.07	B9V	-0.012	-0.064
6081	19Omi Sco	245.159167	-24.169444	4.55	0.84	A5II	-0.003	-0.023
6082	20 UMi	243.134167	+75.210556	6.39		K2IV	-0.041	0.034
6083		245.616667	-49.572222	5.33	-0.04	B6IV	-0.011	-0.024
6084	20Sig Sco	245.297083	-25.592778	2.89	0.13	B1III	-0.010	-0.021
6085		245.620417	-43.912222	5.88	1.16	G3II	-0.027	-0.014
6086		244.313750	+59.755000	5.40	1.63	M4IIIa	0.007	0.028
6087		245.017917	+21.132500	6.05	0.94	G8IIIb	-0.017	-0.050
6088		243.639583	+73.395000	5.98	0.08	A3V	-0.005	0.040
6089		246.341667	-63.124722	6.15	0.03	A1V	-0.027	0.023
6090		244.796667	+49.038056	5.91	1.37	gK6	-0.023	0.033
6091		244.979583	+39.708611	5.46	0.40	F3IV-V	-0.132	0.004
6092	22Tau Her	244.935000	+46.313333	3.89	-0.15	B5IV	-0.011	0.040
6093	50Sig Ser	245.518333	+1.029167	4.82	0.34	F0V	-0.155	0.050
6094		246.005417	-39.193056	5.40	0.62	G5V	0.075	0.001
6095	20Gam Her	245.480000	+19.153056	3.75	0.27	A9III	-0.047	0.043
6096		245.662083	-2.079722	6.23	0.07	B9V	-0.013	0.003
6097		245.986250	-33.199444	6.47	0.01	A0V+A0V	-0.016	-0.031
6098	Zet TrA	247.117083	-70.084444	4.91	0.55	F9V	0.196	0.108
6099		246.225833	-45.349167	6.33	0.19	A2-3V	0.024	-0.001
6100		246.132083	-37.565833	5.42	-0.11	B8IV	-0.020	-0.024
6101		244.539167	+68.554444	6.41		K0	-0.044	0.047
6102	Gam Aps	248.362500	-78.897222	3.89	0.91	G8-K0III	-0.131	-0.076
6103	19Xi CrB	245.524167	+30.891944	4.85	0.97	K0III	-0.096	0.109
6104	4Psi Oph	246.025833	-20.037500	4.50	1.01	K0II-III	-0.027	-0.047
6105		246.165000	-29.703333	6.63	0.59	G0IV	0.063	-0.102
6106		246.165417	-29.704722	5.84	0.59	G0IV	0.066	-0.080
6107	20Nu 1CrB	245.589167	+33.799167	5.20	1.60	M2IIIab	0.007	-0.037
6108	21Nu 2CrB	245.621667	+33.703611	5.39	1.53	K5III	-0.007	0.059
6109	Iot TrA	246.988750	-64.058056	5.27	0.36	F4IV	0.046	0.027
6110		245.735417	+32.333056	6.40	0.08	A4Vn	0.023	-0.007
6111	21 Her	246.045000	+6.948056	5.85	-0.01	A2pSr:	0.003	0.014
6112	5Rho Oph	246.396667	-23.447222	5.02	0.24	B2IV	0.002	-0.018
6113	5Rho Oph	246.396250	-23.446111	5.92		B2V	-0.007	-0.017
6114		247.063333	-58.599722	5.69	0.00	B9II-III	-0.021	-0.038
6115	Eps Nor	246.796250	-47.555000	4.47	-0.07	B4V	-0.005	-0.030
6116	21Eta UMi	244.376250	+75.755278	4.95	0.37	F5V	-0.085	0.252
6117	24Ome Her	246.354167	+14.033333	4.57	0.00	B9pCr	0.044	-0.059
6118	7Chi Oph	246.755833	-18.456389	4.42	0.28	B2IV:pe	-0.002	-0.022
6119		246.448750	+18.892500	6.70		M7IIIe	0.022	-0.003
6120		247.437500	-57.755833	6.06	1.48	G8Ib	-0.018	0.015
6121		246.547917	+11.407500	6.11	1.03	G8III	-0.031	0.014
6122		247.061250	-37.179444	5.79	1.10	K1IIICNII	0.033	-0.008
6123	25 Her	246.350833	+37.393889	5.54	0.17	A5V	0.006	-0.012
6125		247.705833	-61.633611	5.20	1.23	K0II-IIICNIb-II	-0.013	-0.013
6126		245.452917	+69.109444	5.25	1.12	K2III	-0.019	-0.004
6127		246.105417	+55.205000	5.74	0.00	A2Si3955 Sr	0.012	0.023
6128		246.931250	-7.598056	5.23	1.72	M3-III	0.014	-0.155
6129	3Ups Oph	246.950417	-8.371667	4.63	0.17	A3m	-0.087	0.021
6130		245.945833	+61.696667	5.67	0.96	G8III	-0.037	0.034
6131		247.426250	-46.243333	5.35	0.56	B1.5Iape	-0.001	-0.005
6132	14Eta Dra	245.997917	+61.514167	2.74	0.91	G8-IIIab	-0.017	0.061
6133		258.997083	-87.566389	6.57	0.91	G5III	-0.119	-0.155
6134	21Alp Sco	247.351667	-26.431944	0.96	1.83	M1.5Iab-Ib+B4Ve	-0.010	-0.020
6135		248.580417	-70.988056	5.50	1.22	K1IIICNIa-Ib	-0.017	-0.013
6136		247.141667	+0.665000	5.39	1.46	K4IIIp	0.004	-0.067
6137		247.203750	-8.128889	6.48	0.40	F2V	-0.058	-0.073
6138		251.473333	-83.238889	6.57	1.57	K4III	0.009	0.013
6139		255.243750	-86.364444	6.04	0.05	A2V	0.005	-0.001
6140		247.445417	-14.550833	5.68	0.82	G2-6III	0.037	0.014
6141	22 Sco	247.551667	-25.115000	4.79	-0.11	B2V	-0.008	-0.022
6142		247.923750	-41.816944	5.33	0.33	B1Iae	-0.016	0.000
6143		247.845417	-34.704444	4.23	-0.16	B2III-IV	-0.009	-0.017
6144		247.624583	-7.515000	6.50	0.37	A7Ib	-0.015	-0.011
6145		247.845000	-26.537778	6.10	1.08	K1III	-0.029	-0.034
6146	30 Her	247.160417	+41.881667	5.04	1.52	M6-III	0.030	-0.009
6147	8Phi Oph	247.784583	-16.612778	4.28	0.92	G8+IIIa	-0.051	-0.035
6148	27Bet Her	247.555000	+21.489722	2.77	0.94	G7IIIa	-0.098	-0.015
6149	10Lam Oph	247.728333	+1.983889	3.82	0.01	A0V+A4V	-0.027	-0.073
6150		247.180833	+51.407778	6.29	1.05	G9III	0.034	0.006
6151	The TrA	248.936667	-65.495278	5.52	0.93	G8-K0III	0.032	-0.029
6152		247.640000	+20.479167	5.25	1.29	G8IIICN-2CH-1	-0.078	-0.063
6153	9Ome Oph	248.034167	-21.466389	4.45	0.13	A7p	0.028	0.039
6154		247.805833	+22.195278	5.76	1.61	gK5	-0.012	0.003
6155	Mu Nor	248.520833	-44.045278	4.94	0.05	B0Ia	0.005	-0.004
6156	34 Her	247.525000	+48.960833	6.45	0.03	A1V	-0.048	-0.062
6157		247.761667	+35.225000	6.25	1.64	K5	-0.008	-0.016
6158	28 Her	248.148750	+5.521111	5.63	-0.06	B9.5III	0.015	0.001
6159	29 Her	248.151250	+11.488056	4.84	1.49	K7III	-0.180	-0.078
6160		248.782917	-45.244722	6.46	1.34	K2-3III	-0.022	-0.073
6161	15 Dra	246.995833	+68.768056	5.00	-0.06	A0III	-0.025	0.036
6162		247.947083	+45.598333	5.65	0.12	A4Vn	-0.007	0.043
6163	Bet Aps	250.769167	-77.517500	4.24	1.06	K0III	-0.287	-0.350
6164		249.093750	-42.858889	5.47	0.40	O9Ia	-0.006	-0.009
6165	23Tau Sco	248.970833	-28.216111	2.82	-0.25	B0V	-0.008	-0.022
6166		249.093750	-35.255556	4.16	1.57	K6III	0.022	0.000
6167		249.719583	-60.990278	6.18	-0.08	B7Vn	-0.005	-0.023
6168	35Sig Her	248.525833	+42.436944	4.20	-0.01	B9V	-0.011	0.046
6169		248.859583	+17.057222	6.41	0.05	A2V	-0.007	-0.004
6170		248.107083	+60.823333	5.94	0.02	A2V	0.022	-0.010
6171	12 Oph	249.089583	-2.324722	5.75	0.82	K2V	0.458	-0.310
6172	Eta1TrA	250.347083	-68.296111	5.91	-0.08	B7IVe	-0.006	-0.012
6173		246.429583	+78.963889	5.56	0.26	F0V	-0.115	0.108
6174		249.609167	-43.398611	5.83	-0.02	B2.5IV	-0.022	-0.027
6175	13Zet Oph	249.289583	-10.567222	2.56	0.02	O9.5Vn	0.014	0.026
6176		249.179167	+15.498056	6.30	-0.11	B9pSiCrSr:	-0.009	-0.008
6177		250.210417	-60.446111	6.18	0.48	F2III-IV	0.051	-0.070
6178		249.771667	-37.217500	5.91	0.00	B9-A0V+B	-0.012	-0.047
6179		249.506667	-6.538056	6.09	0.16	A0pCrEu	-0.007	-0.008
6180		247.867083	+72.611944	6.30	1.32	K2III	-0.043	0.041
6181		249.450000	+13.686944	6.31	0.41	F5IV	-0.035	-0.063
6182		250.842083	-67.432500	6.03	0.02	A0Vn	0.012	-0.037
6183		249.046667	+46.613333	5.79	1.04	G8II	-0.011	0.004
6184	16 Dra	249.047917	+52.900278	5.53	-0.07	B9.5Vn	-0.009	0.033
6185	17 Dra	249.057083	+52.924444	5.08	-0.04	B9V	-0.009	0.027
6186	17 Dra	249.058750	+52.924167	6.53	-0.06	A1Vnn	-0.009	0.027
6187		250.334583	-48.763056	5.65	0.13	O5III(f)	-0.008	-0.003
6188		250.417500	-49.651667	5.65	-0.03	B1Iab-Ib	-0.001	-0.007
6189		249.912917	-9.554444	6.35	0.48	F3V	0.007	-0.145
6190		250.143750	-20.408611	6.26	1.08	gG9	0.012	0.034
6191		247.661667	+77.446667	6.34	1.00	K1III	-0.104	0.276
6192		250.439583	-33.146389	5.87	0.65	G3III	-0.059	-0.083
6193		250.400833	-24.468056	6.09	0.20	F0V	-0.049	-0.008
6194	36 Her	250.146250	+4.207222	6.93	0.13	A3IV	-0.002	-0.011
6195	37 Her	250.161250	+4.219722	5.77	-0.02	A1V	-0.001	-0.013
6196		250.393333	-17.742222	4.96	1.11	G7.5IICN1Ba0.4	-0.020	-0.001
6197		250.764167	-46.070556	6.23	0.85	F5Iab	-0.015	-0.018
6198		249.229167	+63.072778	6.16	1.53	K5	0.004	-0.087
6199		249.501667	+56.015556	5.29	1.08	K1III	0.000	0.066
6200	42 Her	249.687083	+48.928333	4.90	1.55	M2.5IIIab	-0.047	0.031
6201		250.297917	-1.000556	6.24	0.30	A7III	0.006	-0.015
6202		250.473750	-19.924444	5.57	0.43	F4IV-III	0.022	0.041
6203		250.214167	+12.395000	6.08	0.05	A3Vn	-0.026	-0.010
6204		251.666667	-67.109722	5.13	-0.08	ApSi	-0.014	-0.015
6205	14 Oph	250.427083	+1.181111	5.74	0.32	F2-4III-IV	-0.097	0.051
6206		250.939583	-41.118889	6.20	0.14	A4V	-0.046	-0.016
6207		251.165833	-53.152500	5.96	1.26	G8III	-0.009	-0.018
6208		250.252500	+24.858611	6.06	1.31	K2	-0.034	0.000
6209		250.974583	-41.113056	6.12	-0.07	B6-7V	-0.026	-0.013
6210		250.948333	-38.156667	6.05	-0.06	B9II-III	-0.009	-0.049
6211		250.911250	-32.106111	6.46	-0.08	B8V	-0.002	-0.023
6212	40Zet Her	250.321667	+31.603056	2.81	0.65	G0IV	-0.470	0.394
6213	39 Her	250.402917	+26.916944	5.92	0.40	F2III	0.002	-0.044
6214		251.177500	-40.839722	5.71	-0.12	B3V	-0.010	-0.024
6215		251.588333	-58.503611	5.74	-0.09	B2IV-V	-0.008	-0.016
6216		251.072083	-27.456111	6.58	0.10	A2V	-0.019	-0.007
6217	Alp TrA	252.166250	-69.027778	1.92	1.44	K2IIb-IIIa	0.014	-0.034
6218		251.250833	-28.509722	6.02	0.09	A3IV	-0.028	0.001
6219		251.831250	-58.341389	5.58	-0.08	B0.5Ia	-0.019	-0.020
6220	44Eta Her	250.724167	+38.922222	3.53	0.92	G7.5IIIbFe-1	0.037	-0.083
6221		251.699167	-39.377222	5.48	0.98	K0III	-0.032	-0.034
6222		250.965417	+34.038889	5.99	0.29	F2-3III-IV	-0.071	0.058
6223	18 Dra	250.229583	+64.589167	4.83	1.22	K0III*	0.001	-0.013
6224	16 Oph	251.373750	+1.020278	6.03	-0.02	B9.5III	0.002	0.013
6225	25 Sco	251.713750	-25.528611	6.71	1.18	gG6	-0.005	-0.014
6226		250.743333	+55.690278	6.16	0.07	A2VpSr	0.049	0.085
6227		251.343750	+15.745278	5.56	1.66	M3IIIab	0.027	-0.043
6228	43 Her	251.457917	+8.582500	5.15	1.53	K5III	0.000	0.015
6229	Eta Ara	252.446250	-59.041389	3.76	1.57	K5III	0.038	-0.028
6230		251.298750	+43.217222	6.05	1.40	K4III	-0.015	-0.045
6231		253.072500	-67.681944	6.32	1.28	K2III	-0.073	-0.064
6232	19 Oph	251.790833	+2.064444	6.10	0.14	A3V	-0.010	-0.014
6233		252.974583	-65.375556	6.13	-0.02	B8II-III	-0.004	-0.014
6234	45 Her	251.943333	+5.246667	5.24	-0.02	B9pCr:	-0.016	-0.041
6235		252.112500	-14.909444	6.03	0.20	A0Vn	-0.011	-0.004
6236		252.649583	-50.045556	6.47	0.31	A5III+F7III	-0.018	-0.023
6237		251.324167	+56.781944	4.85	0.38	F2V	0.018	0.066
6238		249.470417	+78.918333	6.32	1.14	G9III	-0.020	0.038
6239		252.037083	+13.590556	6.35	0.87	G5III	0.016	-0.016
6240		252.365833	-15.667500	6.10		A5V	0.012	0.031
6241	26Eps Sco	252.540833	-34.293333	2.29	1.15	K2.5III	-0.611	-0.255
6242		251.832500	+42.238889	5.87	1.61	M4+III-IIIa	0.003	-0.026
6243	20 Oph	252.458333	-10.783056	4.65	0.47	F7IV	0.096	-0.093
6244		252.749167	-37.514444	6.11	0.12	B9pSi*	-0.029	-0.009
6245		252.890417	-41.230556	5.22	0.07	O8Iaf	0.001	-0.001
6246		252.394167	+13.261389	5.91	0.03	A1V	-0.029	-0.021
6247	Mu 1Sco	252.967500	-38.047500	3.08	-0.20	B1.5V+B6.5V	-0.011	-0.025
6248		252.592917	-2.653889	6.32	0.42	F1III-IV	0.009	-0.030
6249		253.079583	-41.854444	6.49	0.23	WN7-A	-0.018	-0.001
6250	47 Her	252.580833	+7.247778	5.49	0.10	A3m	0.053	-0.011
6251		253.502083	-57.909444	5.94	1.59	M1III	-0.032	-0.126
6252	Mu 2Sco	253.083750	-38.017500	3.57	-0.21	B2IV	-0.011	-0.024
6253		253.852917	-63.269722	6.02	0.05	A0III	0.008	-0.023
6254	52 Her	252.309167	+45.983333	4.82	0.09	A2VpSrCrEu	0.026	-0.055
6255	21 Oph	252.853750	+1.216111	5.51	0.05	A2V s	-0.023	-0.005
6256		252.418750	+43.430556	6.13	1.26	K0IV	-0.017	-0.007
6257		253.427083	-43.050833	5.96	1.73	M3II-III	-0.016	-0.027
6258	50 Her	252.662500	+29.806667	5.72	1.60	M1IIIa	-0.005	0.000
6259		252.679583	+32.553611	6.13	1.01	K0III	0.019	0.046
6260		253.507500	-41.806389	5.45	0.19	B0.5Ia	-0.008	-0.008
6261		253.495000	-41.994722	6.32	0.50	B1Ia	-0.002	-0.018
6262	Zet1Sco	253.498750	-42.362222	4.73	0.49	B1Iape	0.004	-0.004
6263		253.549167	-41.850278	6.45	0.20	O9Ib	0.012	-0.039
6264		252.650417	+41.896667	6.29	1.08	gK3	-0.074	0.070
6265		253.581667	-41.820000	6.59	0.21	WC7+O5-8	-0.011	-0.011
6266		253.612083	-42.478889	5.88	0.64	F5Ib-II	-0.003	-0.005
6267		250.775000	+77.514167	5.98	0.42	F4V	0.048	0.212
6268	49 Her	253.020417	+14.974167	6.52	-0.05	B9.5pCr:	0.017	0.004
6269		253.355000	-20.415556	5.88	0.68	G3V	-0.050	-0.029
6270	51 Her	252.938750	+24.656389	5.04	1.25	K0.5IIIaCa0.5	0.011	0.006
6271	Zet2Sco	253.645833	-42.361389	3.62	1.37	K4III	-0.124	-0.236
6272		253.743333	-41.151111	5.77	0.15	O8:Iafpe	-0.017	-0.013
6273		253.650000	-30.587222	6.35	0.21	A7IIIm:	0.039	0.002
6274		254.037083	-50.675000	6.33	-0.02	B3Vnep	-0.006	-0.019
6275		254.119583	-52.283889	5.94	-0.08	B9V	-0.045	-0.046
6276		254.890833	-69.268333	5.79	-0.10	ApSi	-0.022	-0.016
6277		253.544167	-1.612222	6.25	0.28	F0V	0.015	-0.071
6278		253.667917	-11.792500	6.57	0.14	A2IV	0.022	-0.013
6279	53 Her	253.242083	+31.701667	5.32	0.29	F0-2V	-0.091	-0.017
6280	23 Oph	253.648750	-6.153889	5.25	1.08	K2III	-0.031	-0.020
6281	25Iot Oph	253.502083	+10.165278	4.38	-0.08	B8V	-0.051	-0.036
6282		253.990833	-33.507222	6.37	1.71	K5III	0.023	-0.002
6283		254.150000	-40.823611	6.15	0.26	B0.5Ia	0.005	-0.009
6284		254.007500	-16.806111	6.37	0.92	K0IV	0.081	0.040
6285	Zet Ara	254.655000	-55.990278	3.13	1.60	K3III	-0.019	-0.036
6286		253.323333	+47.416944	6.00	1.32	K2III	-0.037	0.105
6287		253.730000	+20.958611	5.41	0.97	G8III	0.056	0.006
6288	27 Sco	254.296250	-33.259444	5.48	1.59	K5III	-0.009	-0.005
6289		254.575000	-50.641111	5.55	0.02	B9IV	-0.009	-0.041
6290		253.816667	+13.619722	6.34	0.34	F3V s	0.034	-0.036
6291	24 Oph	254.200000	-23.150000	5.58	-0.02	A0V	-0.004	0.001
6292	56 Her	253.758750	+25.730556	6.08	0.92	G5III	0.014	-0.021
6293	54 Her	253.842500	+18.433333	5.35	1.41	K4III	-0.110	0.014
6294		254.266667	-19.540000	6.27	0.07	B6V+B7V	-0.010	-0.015
6295	Eps1Ara	254.896250	-53.160556	4.06	1.45	K4IIIab	0.004	0.017
6296		254.358750	-10.963333	6.19	1.00	G8-K0III-IV	0.021	-0.081
6297		255.025833	-54.596944	5.65	0.19	A5IV-V	-0.015	-0.064
6298		254.718333	-37.621111	6.09	0.19	A3V	0.024	-0.061
6299	27Kap Oph	254.417083	+9.375000	3.20	1.15	K2III	-0.291	-0.010
6300		255.112917	-48.647778	6.00	0.88	G8-K0III+G	-0.003	-0.079
6301		254.383333	+13.884167	6.37	0.94	K0V	-0.077	0.070
6302		254.673333	-14.869722	6.59	0.40	F3IV	-0.002	-0.030
6303		255.134583	-45.451667	6.65	1.80	K4III	-0.004	0.000
6304		255.447500	-58.958333	6.11	-0.03	B2IVne	-0.003	-0.011
6305	57 Her	254.379167	+25.352778	6.28	0.90	gG5	0.004	0.013
6306		254.026667	+50.038889	6.56	1.62	M2IIIab	-0.021	-0.008
6307		254.426250	+24.381389	6.32	1.10	K0III	0.006	-0.018
6308		254.990000	-25.091944	5.86	1.62	M3III	-0.005	-0.006
6310	26 Oph	255.039583	-24.989167	5.75	0.41	F4V	0.061	-0.057
6311		255.153750	-35.934167	5.97	1.16	K2IIICNII	-0.013	-0.070
6312		255.442083	-51.130833	6.45	0.27	A7V	-0.027	-0.039
6313		254.459167	+42.512500	6.34	1.28	K3III	-0.007	-0.046
6314	Eps2Ara	255.786667	-53.236944	5.29	0.48	F6V	-0.003	-0.144
6315	19 Dra	254.007083	+65.134722	4.89	0.48	F6V	0.240	0.050
6316		255.469583	-32.143611	5.03	-0.10	B8V	-0.007	-0.051
6317		255.122500	+6.583611	6.59	0.23	A7V	0.044	-0.048
6318	30 Oph	255.265000	-4.222500	4.82	1.48	K4III	-0.041	-0.075
6319	20 Dra	254.105000	+65.039167	6.41	0.38	F1-3V	-0.041	0.032
6320		256.102917	-57.712222	5.73	-0.10	B5IV	-0.008	-0.022
6321	29 Oph	255.463333	-18.885556	6.26	1.38	K0III	-0.038	-0.018
6322	22Eps UMi	251.492083	+82.037222	4.23	0.89	G5III	0.017	0.006
6323		255.923750	-47.160000	6.06		A2-3V	0.005	0.029
6324	58Eps Her	255.072500	+30.926389	3.92	-0.01	A0V	-0.047	0.028
6325		255.242083	+22.632222	5.65	1.33	gK3	-0.011	-0.021
6326		255.387500	+14.949444	6.31	0.04	B9pCrEu	0.004	-0.008
6327		255.961667	-38.152222	5.91	0.38	F4IV+F2V	0.071	-0.023
6328		255.290000	+27.196389	6.55	0.41	F5V	-0.014	-0.063
6329		255.496250	+8.450556	6.33	0.09	A4V	0.039	0.003
6330		254.839583	+56.688611	6.03	1.16	gK1	-0.051	0.037
6331		256.272083	-45.501667	6.28	0.07	A2V	-0.031	-0.017
6332	59 Her	255.401667	+33.568333	5.25	0.02	A3IV	0.003	0.002
6333		255.577917	+25.505556	5.75	1.02	gG7	0.055	0.097
6334		256.205833	-34.122778	4.87	0.26	B1Ia	0.008	-0.002
6335		254.070000	+73.127778	6.30	0.24	F0V	0.000	-0.021
6336		255.571667	+31.884722	6.36	1.13	K0	0.045	0.037
6337		255.782500	+14.091944	4.98	1.60	M3III	0.023	-0.064
6338		256.452500	-44.105000	6.19	0.28	A4III	0.028	0.019
6339		255.793333	+14.511111	6.52	0.76	G5IV:	-0.169	-0.185
6340		256.188750	-20.494722	6.30	-0.02	B6IV	-0.006	-0.024
6341		255.913750	+13.605278	5.93	0.00	A1V	-0.023	-0.035
6342		255.991667	+13.567500	6.08	1.03	K1III	0.022	-0.129
6343		255.969583	+19.690556	6.35	1.52	K4III	-0.019	0.016
6344		256.584583	-37.227500	5.98	0.07	A2IV	0.012	-0.023
6345		254.760833	+69.186389	6.40		K0	0.000	-0.038
6346	61 Her	255.875833	+35.414167	6.69		M4IIIab	0.033	-0.035
6347		256.618333	-35.451111	6.13	0.50	O9.5Iab	0.013	-0.006
6348		255.319583	+60.649167	6.13	1.00	K1III	-0.055	0.058
6349		256.320417	+0.702500	6.01	0.58	F8.5IV-V	-0.003	-0.338
6350		256.549167	-21.564722	6.30	0.13	A3m	-0.011	-0.077
6351		255.972917	+34.790278	6.04	0.22	A5V	-0.068	-0.002
6352		256.172083	+19.599167	6.17	-0.01	B9.5V	0.009	0.001
6353		256.384583	-0.891944	5.64	0.16	B1V	0.002	0.004
6354		256.721667	-26.513056	6.29	-0.04	A0III	0.001	-0.011
6355	60 Her	256.344583	+12.740833	4.91	0.12	A4IV	0.051	-0.010
6356		257.526250	-61.675556	6.39	-0.04	B8II-III	-0.001	-0.010
6357		258.082500	-70.721111	6.22	1.06	K1IVCNIII	0.041	-0.079
6358		256.540417	+9.733333	6.37	1.45	K5III	0.023	-0.008
6359		256.554583	+10.454167	6.37	0.87	G8III-IV	0.049	0.018
6360		255.563750	+64.600556	6.10	0.96	G5V	-0.050	0.025
6361		256.720417	-1.656389	6.38	0.20	A9V	0.033	-0.036
6362		256.270833	+43.812222	6.43	0.09	A3IV	0.006	0.000
6363		256.207500	+48.804167	6.09	1.09	K1III	0.026	-0.066
6364		256.575417	+22.084167	5.56	1.30	K3III	-0.094	-0.038
6365		257.062083	-17.609167	5.99	1.01	K0III	0.006	-0.032
6366		257.197917	-30.403611	5.97	0.25	A/FmDel Del	-0.015	-0.062
6367		257.056667	-1.079444	6.06	0.08	A1V+F3V	-0.020	-0.034
6368		258.322917	-67.196667	5.89	1.06	K0-1III	-0.180	-0.093
6369	21Mu Dra	256.332500	+54.470278	5.83		F7V	-0.073	0.085
6370	21Mu Dra	256.332083	+54.470278	5.80	0.48	F7V	-0.073	0.085
6371		257.676250	-44.557500	5.08	0.86	G8-K0III+G	-0.033	-0.056
6372		257.227083	-3.882778	6.36	0.69	G5-8IV-V	-0.059	-0.158
6373		259.148333	-74.533056	6.25	-0.01	A0V	-0.027	-0.058
6374		257.912083	-48.874167	5.84	1.84	M1-2III	0.029	-0.030
6375		257.450000	-10.523333	5.56	0.52	F5IV	0.057	-0.105
6376		256.944583	+40.516111	6.34	0.03	A2IV	-0.038	-0.033
6377		257.008333	+35.935278	5.39	0.31	A5-F1III/IVm s	-0.024	-0.010
6378	35Eta Oph	257.594583	-15.724722	2.43	0.06	A2V	0.039	0.098
6379		255.417500	+75.297222	6.21		F0IV-Vn	0.016	-0.079
6380	Eta Sco	258.038333	-43.239167	3.33	0.41	F3III-IVp	0.024	-0.287
6381		258.067500	-39.506944	5.67	0.04	A1V	-0.013	-0.075
6382		258.068750	-38.822222	6.30	1.05	K1IIICNII	0.019	-0.043
6383		257.071250	+50.842222	6.46	0.00	A1V	-0.002	0.029
6384		258.555000	-56.888333	6.09	1.78	M1-2II-III+A	-0.016	0.003
6385		257.690833	+12.467222	6.57	0.08	A1m	0.037	-0.007
6386		258.056667	-25.254722	6.54	-0.04	A0pHg	-0.014	-0.033
6387		258.104167	-27.761944	6.14	-0.04	B9Vn:	-0.011	-0.040
6388		257.388750	+40.777222	5.08	1.28	K3III	-0.042	0.012
6389		258.244583	-32.438611	6.01	0.07	B1II	0.013	-0.012
6390		257.938333	+7.894722	6.33	1.04	K0III	0.035	0.014
6391	63 Her	257.763333	+24.237778	6.19	0.23	A8V	-0.011	0.033
6392		258.615417	-39.766944	6.60	2.21	G5Ia	0.005	-0.011
6393	37 Oph	258.115833	+10.585278	5.33	1.59	M2IIIa	0.001	-0.026
6394		258.226667	+0.351944	6.65	0.50	F6III	0.019	-0.078
6395		257.627500	+52.408889	6.29	0.00	B9V	-0.014	-0.010
6396	22Zet Dra	257.196667	+65.714722	3.17	-0.12	B6III	-0.020	0.022
6397		258.830417	-33.548333	5.53	-0.01	O7.5V[n]e	0.009	0.000
6398		258.899583	-38.593889	5.96	0.58	F7V+G2V	-0.182	-0.412
6399		257.917500	+49.746667	6.04		A5III	0.020	0.035
6400		260.053333	-70.045556	6.53	0.60	G0-1IV:	-0.045	-0.201
6401	36 Oph	258.837500	-26.602778	5.11	0.86	K1V	-0.458	-1.142
6402	36 Oph	258.836667	-26.601389	5.07	0.85	K0V	-0.491	-1.133
6403		258.964583	-30.210556	6.21	-0.03	B9.5V	-0.001	-0.037
6404		258.834583	-14.583889	5.99	1.10	K1III	-0.012	-0.001
6405		259.089583	-35.749444	6.12	0.48	G0IV-V	-0.118	-0.319
6406	64Alp1Her	258.662083	+14.390278	3.48	1.44	M5Ib-II	-0.006	0.036
6407	64Alp2Her	258.663333	+14.390000	5.39		G5III+F2V	-0.003	0.045
6408		259.801667	-59.694444	5.91	1.37	K2IIICNIb-II	-0.012	-0.008
6409		259.265417	-32.662778	5.55	0.50	F6IV	-0.096	-0.056
6410	65Del Her	258.757917	+24.839167	3.14	0.08	A3IV	-0.021	-0.157
6411	Iot Aps	260.524583	-70.123333	5.41	-0.04	B9V+B9.5V	-0.006	-0.012
6412		259.059167	+2.186111	6.17	0.22	A2V	0.001	-0.021
6413		259.178333	-6.245000	6.09	1.10	K0	-0.004	-0.005
6414		259.132083	+1.210556	5.88	0.06	B5Vnn+B5V	-0.001	-0.013
6415	41 Oph	259.152917	-0.445278	4.73	1.14	K2III	-0.023	-0.066
6416		259.763333	-46.633889	5.48	0.80	G8-K0V	0.979	0.224
6417	Zet Aps	260.497500	-67.770556	4.78	1.21	K2-III	-0.042	-0.006
6418	67Pi Her	258.761667	+36.809167	3.16	1.44	K3IIab	-0.026	0.004
6419		258.923333	+23.742778	5.96	1.31	K2III	-0.025	0.022
6420		259.700000	-44.129722	5.76	-0.05	B9V	0.000	-0.021
6421		258.135833	+62.874444	5.56	0.21	F0IV	0.014	0.048
6422		259.585000	-32.553333	6.36	0.15	B5Vn	-0.013	-0.019
6423		259.876250	-50.063333	6.27	0.41	F8III+B9V	-0.014	-0.015
6424	39Omi Oph	259.502917	-24.286944	5.20	1.10	K0II-III	-0.054	-0.008
6425	39Omi Oph	259.502083	-24.284167	6.80	0.51	F6IV-V	-0.073	-0.009
6426		259.738333	-34.989722	5.91	1.04	K3V+K5V	1.170	-0.164
6427		259.852083	-44.223056	6.65	0.20	B9.5V+A6III	-0.007	-0.015
6428		259.580000	-16.311944	6.43	1.66	M2IIIFe1	-0.005	0.010
6429		262.863750	-80.859167	5.88	1.67	M3III	-0.013	-0.044
6430		259.399583	+23.090833	6.45		K2	-0.002	-0.001
6431	68 Her	259.331250	+33.100000	4.82	-0.17	B1.5Vp+B5III	-0.008	-0.003
6432		259.520833	+17.318056	6.00	0.01	A1V	0.014	-0.011
6433		259.654167	+10.864444	5.03	1.55	K4II-III	0.010	-0.095
6434		259.720000	+6.085278	6.51	0.39	F0-2IV-Vn	0.020	0.006
6435		259.972083	-17.756389	6.02	0.04	A2Vnn	-0.010	-0.021
6436	69 Her	259.417917	+37.291667	4.65	0.05	A2V	-0.034	0.063
6437		259.202500	+49.691111	7.48		K2	0.023	0.002
6438		260.729167	-58.010278	5.88	1.07	G8Ib-II	-0.021	-0.011
6439		259.997917	-5.917222	6.32	0.85	G9V	0.040	-0.180
6440		261.004583	-62.864167	5.70	-0.14	B2IV	-0.001	-0.008
6441		260.142500	-19.332778	6.52	0.58	G3IV	-0.151	-0.102
6442		260.778750	-56.525278	5.80	1.00	G8-K0III	-0.008	0.009
6443		259.702083	+28.823056	5.65	0.98	K0III	0.050	-0.005
6444		259.597083	+38.811389	5.94	1.00	gG7	-0.014	0.077
6445	40Xi Oph	260.250833	-21.112778	4.39	0.39	F1III-IV	0.232	-0.206
6446	53Nu Ser	260.207083	-12.846944	4.33	0.03	A2V	0.042	0.004
6447		261.077917	-60.673611	5.77	-0.08	B8Ib-II	-0.008	-0.002
6448		259.122500	+60.670556	6.32	1.09	K1.5IIIb	-0.042	0.014
6449		260.219583	-10.696111	6.46	0.33	F1III	0.065	-0.009
6450		260.664167	-37.805000	6.41	0.64	B4Ia	0.017	-0.013
6451	Iot Ara	260.817083	-47.468333	5.25	-0.11	B2IIIne	-0.010	-0.024
6452		260.078750	+18.057222	5.00	1.62	M2IIIab	0.009	-0.055
6453	42The Oph	260.502500	-24.999444	3.27	-0.22	B2IV	-0.004	-0.020
6454		260.658333	-35.910000	6.47	0.54	F7V	0.080	0.112
6455		260.040833	+25.537500	5.38	0.03	A3III	0.021	-0.015
6456		260.728750	-37.220556	5.93	1.08	K1III	0.033	-0.026
6457	70 Her	260.225833	+24.499444	5.12	-0.03	A2V	-0.022	0.002
6458	72 Her	260.165000	+32.467778	5.39	0.62	G0V	0.137	-1.041
6459	43 Oph	260.840000	-28.143056	5.35	1.55	K5III	0.004	-0.031
6460		261.054167	-44.162500	5.12	-0.06	B7III	-0.011	-0.028
6461	Bet Ara	261.325000	-55.530000	2.85	1.46	K3Ib-IIa	-0.008	-0.025
6462	Gam Ara	261.348333	-56.377500	3.34	-0.13	B1Ib	-0.002	-0.012
6463		260.389167	+16.730833	6.35	1.61	M2.5IIIab	-0.018	-0.024
6464	74 Her	260.087917	+46.240833	5.59	1.57	M0III	-0.029	0.043
6465		260.713750	-2.388333	6.29	0.68	G5IV	0.045	-0.112
6466		260.380000	+28.758056	6.35	0.70	G0III	0.006	0.006
6467		260.140000	+48.188333	6.43	0.43	F4V	0.190	-0.019
6468	Kap Ara	261.500000	-50.633611	5.23	1.06	G8III	0.007	0.001
6469		260.431667	+39.974444	5.51	0.68	F9Vn:	0.009	-0.063
6470		261.261250	-34.696389	6.16	0.02	A0VSiCr	0.004	-0.027
6471		262.032083	-63.036389	6.24	-0.09	B7-8V	-0.023	-0.027
6472		261.175000	-21.441667	5.85	0.93	G8III	-0.021	-0.028
6473		261.154583	-18.445833	6.21	0.03	B9Vn	0.018	-0.004
6474		261.275833	-24.243611	6.19	1.10	gK1	0.016	0.012
6475		261.734583	-51.949167	6.19	-0.03	B8-9V	0.005	-0.021
6476		260.990000	+8.852778	5.77	1.25	gK1	0.009	-0.002
6528		262.730833	+31.158333	5.61	0.95	G8III	0.009	0.022
6477		261.714583	-45.843611	5.29	-0.07	B7V+B9.5V	-0.040	-0.040
6478		261.801667	-50.630278	5.92	0.08	B9II	-0.007	-0.004
6479		260.439167	+53.420556	5.67	1.47	K4III	0.021	0.005
6480	73 Her	261.027500	+22.960278	5.74	0.21	F0IV	-0.046	-0.032
6481		261.131250	+16.301111	5.71	0.07	A3V	0.008	-0.026
6482		261.140833	+15.606111	6.35	-0.02	B9V	0.008	0.015
6483		261.990000	-52.297222	5.75	1.17	K2III	-0.006	-0.065
6484	75Rho Her	260.919583	+37.146667	5.47		A0Vn	-0.041	0.004
6485	75Rho Her	260.920833	+37.145833	4.52	-0.03	B9.5III	-0.037	0.006
6486	44 Oph	261.592500	-24.175278	4.17	0.28	A3m	0.000	-0.116
6487		262.161250	-55.169722	5.94	1.11	G8II-III	-0.017	-0.012
6488		261.009167	+38.582778	6.49	0.73	F8IV	-0.012	0.040
6489		261.491250	-1.651667	6.44	0.46	F3V	0.063	0.051
6490		261.730000	-25.943333	6.44	-0.06	A0V	-0.028	-0.026
6491		261.112917	+36.951944	6.28	0.88	G5III+F0V	-0.026	0.047
6492	45 Oph	261.838750	-29.866944	4.29	0.40	F5IVDel Sct*	0.020	-0.139
6493		261.657917	-5.086667	4.54	0.39	F3V	-0.092	-0.043
6494		261.906250	-29.724444	6.00	0.00	B9IV	-0.008	-0.026
6495		261.476667	+16.917500	5.98	1.62	M4IIIab	-0.008	0.011
6496		261.758750	-12.512500	6.21	0.51	F7V	0.037	-0.062
6497		261.579167	+7.595556	6.06	0.58	B9.5V+G0V	0.000	-0.005
6498	49Sig Oph	261.628750	+4.140278	4.34	1.50	K2II	0.004	0.007
6499		261.503750	+26.878889	6.41	0.10	A5IV	0.008	0.023
6500	Del Ara	262.774583	-60.683889	3.62	-0.10	B8Vn	-0.059	-0.096
6501		262.233750	-36.778333	6.02	1.11	K0III	0.002	-0.009
6502		261.704583	+20.080833	5.54	-0.13	B5V	0.001	0.015
6503		262.357083	-38.516667	6.39	0.09	A2V	0.032	0.020
6504		262.009583	-8.208333	6.37	0.58	F5IV	-0.081	-0.128
6505		262.845833	-56.920556	5.95	-0.08	B7II-III	-0.018	0.008
6506		261.692500	+34.695833	5.94	-0.01	A0V	-0.024	0.047
6507		262.207083	+0.330556	5.44	0.22	A8V	-0.062	0.023
6508	34Ups Sco	262.690833	-37.295833	2.69	-0.22	B2IV	-0.001	-0.031
6509	77 Her	261.684167	+48.260000	5.85	0.12	A4V	0.002	-0.004
6510	Alp Ara	262.960417	-49.876111	2.95	-0.17	B2Vne	-0.031	-0.070
6511		261.422083	+60.048333	5.65	0.03	A1Vn	-0.010	0.027
6512		262.447500	-5.919722	6.37	0.93	K0III	-0.022	-0.073
6513		262.954583	-46.036389	6.03	0.83	F8-G0Ib	0.001	0.007
6514		261.520417	+58.651944	6.51	0.14	A4V	-0.007	0.015
6516		262.599167	-1.062500	5.31	0.72	G9IV-VHdel 1	-0.117	-0.170
6517		262.947500	-33.702778	6.44	1.19	K2III	-0.005	-0.015
6518		261.250833	+67.306389	6.43	0.76	K0V	-0.525	-0.004
6519	51 Oph	262.854167	-23.962778	4.81	0.00	B9.5Ve	0.004	-0.027
6520		262.935000	-26.269722	6.05	-0.06	B9p	-0.004	-0.025
6521		262.593333	+11.925000	6.39	0.06	A1V	-0.026	0.053
6522		263.102083	-34.279722	6.17	0.35	F2V	-0.017	-0.039
6523		263.280833	-41.173611	5.84	0.06	B9Ib-II	0.004	-0.024
6524		262.838750	+2.724444	5.59	0.84	G8III+A7	-0.014	0.019
6525		263.895417	-59.846111	6.28	-0.08	B5II-III	-0.007	-0.009
6526	76Lam Her	262.684583	+26.110556	4.41	1.44	K3.5III	0.020	0.018
6527	35Lam Sco	263.402083	-37.103889	1.63	-0.22	B2IV+B	-0.001	-0.029
6529		259.904167	+80.136389	5.72	1.50	K5III	0.016	0.004
6530		263.833333	-53.352778	6.10	0.02	B9III	0.000	-0.016
6531		262.667917	+38.882222	6.43	0.49	F6III	0.013	0.015
6532		263.062500	+11.930278	6.42	-0.01	B9.5VpHgMn	0.024	0.025
6533	78 Her	262.956667	+28.407500	5.62	0.00	A1V	0.006	0.028
6534		263.374583	-5.744722	5.62	0.18	A5V	-0.039	-0.091
6535		263.677083	-32.581667	5.70	0.04	O7V+O7V	0.008	-0.005
6536	23Bet Dra	262.608333	+52.301389	2.79	0.98	G2Ib-IIa	-0.016	0.015
6537	1Sig Ara	263.915000	-46.505556	4.59	-0.03	A0V	-0.028	-0.035
6538		263.004583	+34.270833	6.56	0.65	G5V	-0.233	0.050
6539		263.929167	-37.440000	6.48	0.01	A0V	-0.013	-0.038
6540		262.682500	+57.876389	6.40		K2III	0.030	-0.030
6541		263.345000	+19.256667	5.64	0.48	F6V	-0.030	-0.090
6542		263.414167	+16.317500	5.69	1.01	gK0	-0.001	-0.051
6543		263.428333	+14.841667	6.48	1.60	M4IIIa	0.023	-0.070
6544		263.693333	-11.241944	5.55	0.02	B8Vn	0.005	0.006
6545	52 Oph	263.827083	-22.043889	6.57	0.01	B8p	-0.004	-0.009
6546		264.136667	-38.635278	4.29	1.09	K0IIIb	-0.012	-0.201
6547		264.363333	-50.060000	5.93	1.10	K0III	-0.009	-0.099
6548	53 Oph	263.652917	+9.586667	5.81	0.02	A2V	0.005	-0.008
6549	Pi Ara	264.523333	-54.500278	5.25	0.20	A5IV-V	-0.039	-0.150
6550		263.280417	+41.243611	5.74	1.09	gK1	-0.068	-0.060
6551		263.613333	+16.503889	6.40		A8Vn	-0.004	-0.015
6552		270.392083	-85.214722	6.45	0.44	F5IV	-0.007	-0.142
6553	The Sco	264.330000	-42.997778	1.87	0.40	F1II	0.015	-0.002
6554	24Nu 1Dra	263.044167	+55.184167	4.88	0.26	A6V	0.147	0.057
6555	25Nu 2Dra	263.066667	+55.173056	4.87	0.28	A4m	0.148	0.056
6556	55Alp Oph	263.733750	+12.560000	2.08	0.15	A5III	0.120	-0.226
6557		264.361667	-38.065556	6.26	1.25	G2Ib	-0.013	0.026
6558		264.535417	-42.880556	6.10	-0.06	B8V	0.002	-0.041
6559		263.998333	+20.996111	6.10	0.19	A7IV	0.012	-0.015
6560		263.382083	+57.558889	6.17	0.59	G5III+A5V	0.015	0.014
6561	55Xi Ser	264.396667	-15.398611	3.54	0.26	F0IVDel Sct	-0.042	-0.058
6562		264.400833	-15.571111	5.94	0.37	F0IV	-0.009	-0.001
6563		263.926667	+37.301667	6.10	0.98	G9III	0.015	0.003
6564		264.032917	+28.184722	6.38		K5	-0.031	0.017
6565		266.082083	-72.220833	6.49	0.48	F7IV+F5V	-0.003	0.113
6566	27 Dra	262.991250	+68.135000	5.05	1.08	K0III	-0.012	0.134
6567	57Mu Oph	264.461250	-8.118889	4.62	0.11	B8II-IIIp:Mn	-0.009	-0.017
6568		264.539583	-10.926389	5.75	1.23	gK0	-0.013	-0.010
6569	Lam Ara	265.098333	-49.415556	4.77	0.40	F3IV	0.078	-0.176
6570		264.152917	+30.785278	6.02	0.16	A5V	0.030	-0.005
6571	79 Her	264.379583	+24.310000	5.77	0.11	A2Vn	-0.012	0.008
6572		265.317917	-46.921944	5.79	-0.01	A0V	0.012	-0.009
6573	26 Dra	263.747917	+61.875000	5.23	0.61	G0Va	0.260	-0.507
6574	82 Her	264.156667	+48.585556	5.37	1.15	gK1	0.031	0.065
6575		264.785417	+2.028056	6.26	1.03	K0III+F4IV	0.040	-0.021
6576		265.516250	-50.510556	6.24	1.76	M3+II-III	0.024	-0.012
6577		264.740833	+13.329167	6.12	0.56	F6III	-0.023	0.038
6578		265.049167	-2.152500	6.19	1.67	K2.5Ib	-0.023	-0.018
6579		264.707083	+32.739444	6.37		gG5	0.017	-0.011
6580	Kap Sco	265.622083	-39.030000	2.41	-0.22	B1.5III	-0.006	-0.027
6581	56Omi Ser	265.353750	-12.875278	4.26	0.08	A2V	-0.069	-0.052
6582	Eta Pav	266.433333	-64.723889	3.62	1.19	K2II	-0.014	-0.054
6583		265.712500	-36.945833	5.54	1.55	K5III	0.001	-0.034
6584		264.989583	+31.202500	6.03	1.58	M2IIIab	-0.012	0.015
6585	Mu Ara	266.036250	-51.834167	5.15	0.70	G3IV-V	-0.014	-0.194
6586		266.232500	-57.545278	6.01	0.90	G8III	0.010	-0.002
6587		265.778750	-33.051111	6.40	1.81	M1III	0.008	0.003
6588	85Iot Her	264.866250	+46.006389	3.80	-0.18	B3IV	-0.005	0.005
6589		265.295833	+15.178056	6.34	0.03	A1V	-0.012	-0.015
6590		265.384583	+6.312778	5.95	1.26	G7III	-0.005	-0.010
6591		265.171667	+31.287500	6.28	1.05	K0III	-0.067	-0.073
6592		265.272917	+24.513333	6.36	1.20	K1III+F4V	-0.019	0.058
6593		265.824167	-27.884167	6.36	0.47	A9V:	0.010	-0.006
6594		265.494583	+15.951944	5.52	0.38	F4V w	0.009	0.101
6595	58 Oph	265.857500	-21.683333	4.87	0.47	F6V	-0.095	-0.043
6596	28Ome Dra	264.237917	+68.758056	4.80	0.43	F5V	0.002	0.323
6597		266.175000	-42.728889	5.87	0.16	A1V+F0IV	0.005	0.019
6598		264.165417	+69.570833	6.42	0.58	F9V	-0.055	-0.208
6599		265.156667	+43.470833	6.59		K2	0.056	0.061
6600		265.952500	-13.508611	6.39	0.37	F0V	-0.048	-0.109
6601		265.945833	-7.079444	6.30	0.38	B1.5V	-0.001	-0.006
6602	83 Her	265.618333	+24.564167	5.52	1.46	K4III	-0.055	-0.105
6603	60Bet Oph	265.868333	+4.567222	2.77	1.16	K2III	-0.040	0.159
6604		265.841667	+14.295000	6.24	0.42	F5II	0.006	0.023
6605		265.150833	+57.310278	6.77	0.92	K0	-0.004	0.027
6606		264.286667	+72.455833	5.86	1.01	G9III	0.021	0.022
6607		265.340833	+51.818056	5.99	1.05	gK0	-0.028	-0.014
6608	84 Her	265.840000	+24.327778	5.71	0.65	G2IIIb	-0.115	0.071
6609	61 Oph	266.141667	+2.579444	6.17	0.07	A1IV-V	0.004	0.014
6610		266.147500	+2.578889	6.56		A0V	0.004	0.010
6611		266.072083	+14.410278	6.19	0.21	A3m	0.001	0.018
6612		265.773333	+44.084444	6.34	1.54	K4III	-0.040	0.034
6613		266.780417	-38.111667	6.43	-0.02	B9V+A1V	-0.002	-0.007
6614		267.158750	-55.401667	6.11	0.28	A9IV	-0.018	0.036
6615	Iot1Sco	266.896250	-40.126944	3.03	0.51	F2Iae	0.000	-0.008
6616	3 Sgr	266.890000	-27.830833	4.54	0.80	F7II	-0.001	-0.009
6617		266.940000	-22.478056	6.18	1.49	G6IbHdel 1	0.003	-0.011
6618		265.997083	+53.801667	5.75	0.01	A2V	0.022	-0.015
6619		266.417917	+31.504722	6.23	0.00	A0Ib	0.011	-0.005
6620		266.903333	-14.725833	5.94	0.05	B9pHgMn	-0.019	-0.020
6621		267.115833	-26.975000	6.35	0.12	B4IVe	0.000	-0.012
6622		267.617500	-53.612222	5.92	-0.08	B2V+B3V	-0.014	-0.006
6623	86Mu Her	266.614583	+27.720556	3.42	0.75	G5IV	-0.311	-0.751
6624		267.897917	-60.164444	5.78	1.00	K0III	-0.005	-0.028
6625		266.473750	+38.881389	6.52	1.00	K0	0.003	-0.028
6626		266.493750	+39.322500	6.68	1.39	K3III+F7V	0.012	0.016
6627		266.783333	+17.697222	5.72	0.01	A1V	0.011	-0.007
6628		267.293750	-31.703333	4.83	-0.04	B8V	0.011	-0.015
6629	62Gam Oph	266.973333	+2.707222	3.75	0.04	A0Vnp	-0.022	-0.074
6630		267.464583	-37.043333	3.21	1.17	K2III	0.049	0.033
6631	Iot2Sco	267.546667	-40.090556	4.81	0.26	A2Ib	0.007	-0.008
6632		267.795833	-53.130556	6.09	0.00	B9.5III-IV	0.006	-0.013
6633		267.084167	+3.804167	6.22	0.16	B9.5V	0.007	0.004
6634		268.326667	-65.489167	6.49	1.08	K0-1III	-0.017	-0.083
6635		269.424167	-76.177500	6.07	1.20	K2III	0.002	0.017
6636	31Psi1Dra	265.484583	+72.148889	4.58	0.42	F5IV-V	0.025	-0.267
6637	31Psi1Dra	265.491667	+72.156944	5.79	0.53	G0V	0.030	-0.278
6638		267.103333	+20.565556	5.69	0.94	G5IV	0.026	0.008
6639		267.328750	+1.961111	6.47	1.24	K0III	-0.025	0.065
6640		267.935417	-45.600556	6.11	0.95	G6III	0.009	-0.005
6641		266.783750	+47.612222	6.43	0.11	A2V s	-0.004	0.005
6642		267.199583	+19.255278	6.12	0.02	A1V	-0.006	0.022
6643		267.886667	-40.772500	5.96	1.59	M2III	-0.028	-0.053
6644	87 Her	267.205000	+25.622778	5.12	1.16	K2III	-0.003	-0.039
6645		267.802083	-30.557222	6.66	0.04	A0Vn	0.002	-0.011
6646		271.361250	-81.486389	6.35	1.50	K3-4III	0.018	-0.040
6647		268.056667	-34.799167	5.90	-0.10	B6V	0.004	-0.004
6648		268.082083	-34.416667	5.84	1.13	G8III	-0.001	0.003
6649		268.219583	-41.996667	6.20	0.54	F8IV-V	0.154	-0.196
6650		267.681250	+11.946667	6.17	1.25	K1III-IV	-0.022	-0.024
6651		268.205000	-34.114167	6.06	1.23	K1III	0.001	0.017
6652		268.232917	-35.018611	6.45	0.02	B9.5V	0.015	0.007
6653		268.241250	-35.624167	6.03	0.34	F2III-IV	0.046	-0.047
6654		267.595417	+29.322222	5.50	1.05	K1III	0.029	0.049
6655		267.701667	+22.316389	5.98		A9V	0.014	-0.016
6656	30 Dra	267.267917	+50.781111	5.02	0.02	A2V	-0.048	0.211
6657		268.331667	-34.730556	6.17	-0.03	B8V	0.005	-0.001
6658		268.347083	-34.895278	5.60	1.14	K3III	-0.009	-0.010
6659		267.997917	-1.236667	6.35	1.12	K0	-0.002	0.003
6660		268.439583	-34.785833	6.38	0.00	B9V	0.009	-0.003
6661		268.161667	-6.143611	6.21	1.40	F8Ib-G3Ib	0.008	-0.009
6662		268.478750	-34.752500	5.96	-0.01	B9V+B9V	0.021	-0.003
6663		268.492083	-34.831667	6.42	0.01	ApSi*	0.007	-0.023
6664	88 Her	267.513750	+48.394167	6.68	-0.11	BepShell	0.004	0.012
6665		267.993750	+15.325833	6.46		K0III	0.000	0.031
6666		268.265000	-10.899722	6.18	1.11	gK1	0.055	-0.033
6667		268.147500	+1.305000	5.95	1.58	K5III	-0.047	-0.017
6668		268.613333	-34.466389	5.96	-0.01	B9.5V	0.010	0.006
6669		267.808333	+40.072500	6.46		G0V	-0.012	0.012
6670		268.309167	+6.101389	5.77	0.42	F3-5IV-V	-0.122	0.069
6671		268.782917	-36.475833	6.06	0.08	B9.5III	-0.014	-0.009
6672		268.725000	-24.887222	6.20	0.04	O7.5II((f))	-0.005	-0.001
6673		268.019583	+39.982222	6.04	1.33	gK4	-0.011	0.054
6674		268.004167	+46.643333	6.38	1.09	K0III	0.039	-0.122
6675		269.197500	-44.342222	4.86	1.21	K2III	-0.006	-0.017
6676		268.559167	+11.130556	6.38	0.45	F5Vn	-0.058	-0.165
6677	90 Her	268.325417	+40.008056	5.16	1.18	K1IIIbCN-1	0.011	0.053
6678		269.232500	-40.305556	6.43	1.43	K3III	0.016	0.005
6679		268.979167	-18.802222	6.52	0.05	A4V	0.016	-0.017
6680		269.174583	-28.065278	5.80	0.21	A7III/V:	0.040	-0.017
6681		269.079167	-15.812500	5.89	0.05	A1V	-0.010	-0.063
6682		269.448750	-41.716111	4.88	1.65	M0III	-0.015	-0.010
6683		269.490833	-39.136944	6.29	0.01	A0IV-V	-0.005	-0.039
6684		269.076667	+0.670278	5.82	0.09	B2IV-V	-0.005	0.003
6685	89 Her	268.855000	+26.050000	5.46	0.34	F2Ib	0.004	0.006
6686		269.198750	-4.081944	5.47	1.16	gG9	-0.012	-0.008
6687		268.961667	+22.464167	5.58	1.24	gK3	-0.002	0.002
6688	32Xi Dra	268.382083	+56.872778	3.75	1.18	K2-III	0.094	0.080
6689		269.267917	+0.066389	5.97	0.10	A3V	0.028	-0.016
6690		269.233333	+6.487778	6.29	0.00	B9III	0.026	0.002
6691		269.731667	-36.858333	5.74	0.90	G8III	0.008	0.013
6692		269.662917	-28.759167	6.01	-0.08	B3IV	0.000	-0.009
6693		269.771667	-30.253056	5.16	1.77	M1Ib	0.002	-0.010
6694		269.772917	-30.253333	7.04	1.06	G8II	-0.020	-0.002
6695	91The Her	269.063333	+37.250556	3.86	1.35	K1IIaCN+2	0.004	0.006
6696		269.362083	+11.044167	6.36	0.11	A1V	-0.017	-0.024
6697		269.309583	+23.995833	6.30	0.63	G2V	-0.024	0.076
6698	64Nu Oph	269.756667	-9.773611	3.34	0.99	K0IIIaCN-1	-0.007	-0.116
6699		268.848750	+55.971389	6.10	0.32	F0IV	0.037	0.126
6700	4 Sgr	269.948333	-23.816111	4.76	-0.04	B9V	0.001	-0.047
6701	35 Dra	267.362500	+76.962778	5.04	0.49	F6IV-V s	0.037	0.248
6702		269.201667	+45.350833	6.02	1.64	M5IIbS	0.008	-0.028
6703	92Xi Her	269.441250	+29.247778	3.70	0.94	G8+III	0.084	-0.017
6704		270.000417	-20.339167	6.21	1.40	K0II-III	0.005	-0.007
6705	33Gam Dra	269.151667	+51.488889	2.23	1.52	K5III	-0.008	-0.019
6706		269.902917	-4.821389	5.87	1.56	K5III	-0.014	-0.093
6707	94Nu Her	269.625833	+30.189444	4.41	0.39	F2II	0.000	0.007
6708		270.451250	-36.377778	6.30	-0.03	B7IV	-0.007	-0.017
6709		270.064583	+0.629444	6.37	0.15	A3pSrCrEu	-0.006	0.004
6710	57Zet Ser	270.120833	-3.690278	4.62	0.38	F2IV	0.147	-0.045
6711		269.676250	+36.287778	6.00	0.94	gG5	0.007	-0.055
6712	66 Oph	270.065833	+4.368611	4.64	-0.03	B2Ve	0.003	-0.013
6713	93 Her	270.014167	+16.750833	4.67	1.26	K0.5IIb	-0.007	-0.010
6714	67 Oph	270.161250	+2.931667	3.97	0.02	B5Ib	0.002	-0.008
6715	6 Sgr	270.346250	-17.156944	6.28	1.80	K3III	0.003	-0.005
6716		270.476667	-22.780556	5.77	0.00	B0Ib	-0.003	-0.008
6717		267.543750	+78.306667	6.24	1.44	K5	0.018	0.018
6718		269.717917	+45.476111	6.48	-0.08	B9pSiSr	0.002	0.027
6719		270.220417	+6.268333	6.34	-0.08	B2IV	0.002	-0.008
6720		270.115417	+19.505833	6.50	-0.06	B8Vne	0.015	-0.001
6721	Chi Oct	283.695417	-87.605833	5.28	1.28	K3III	-0.039	-0.139
6722		270.238333	+15.093333	6.26	0.69	G5IV	-0.059	-0.108
6723	68 Oph	270.438333	+1.305278	4.45	0.02	A2Vn	0.015	-0.012
6724	7 Sgr	270.712917	-24.282222	5.34	0.52	F3III	0.005	-0.008
6725	34Psi2Dra	268.796667	+72.005000	5.45	0.30	F2-3II-III	0.013	-0.001
6726		270.151667	+33.213889	5.99	1.51	gK6	-0.003	-0.019
6727		270.757083	-22.718333	6.74	-0.05	B0.5III	0.003	0.007
6728		269.984167	+45.501389	5.67	1.57	M0IIIab	0.008	-0.025
6729	95 Her	270.374583	+21.595278	5.18	0.95	G8III	0.011	0.032
6730	95 Her	270.376667	+21.595556	4.96	0.12	A5IIIn	0.012	0.035
6731		272.815417	-75.891389	5.86	1.24	K2III	0.010	-0.295
6732		270.692917	-5.358611	6.76	0.16	B9V	0.011	-0.035
6733	69Tau Oph	270.770833	-8.180278	5.94		F5V	0.029	-0.037
6734	69Tau Oph	270.770417	-8.180556	5.24	0.38	F2V	0.028	-0.037
6735		268.610833	+75.170833	6.36	0.98	K0	-0.013	0.023
6736	9 Sgr	270.968333	-24.360556	5.97	0.00	O4V((f))	0.002	0.003
6737		270.399583	+33.311389	6.15	1.55	K5III	0.025	0.023
6738	96 Her	270.596250	+20.833611	5.28	-0.09	B3IV	0.005	-0.010
6739		271.210000	-35.901389	6.00	1.16	K2III	-0.016	-0.035
6740		271.951250	-64.550000	6.41	1.26	K2-3III	-0.015	-0.053
6741	97 Her	270.625417	+22.923056	6.21	-0.10	B3Vn	-0.004	-0.008
6742	Gam1Sgr	271.255417	-29.580000	4.69	0.78	F4-G1Ib	0.013	0.000
6743	The Ara	271.657917	-50.091667	3.66	-0.08	B2Ib	-0.010	-0.014
6744		270.811250	+19.613056	6.50	0.01	A0V	0.024	-0.008
6745	Pi Pav	272.145000	-63.668333	4.35	0.22	A7pSr	0.013	-0.188
6746	10Gam2Sgr	271.452083	-30.424167	2.99	1.00	K0III	-0.053	-0.185
6747		271.155417	+1.919167	6.14	0.00	B0IIIn	-0.002	-0.003
6748		271.598750	-36.019722	5.95	0.62	G5V	0.110	0.015
6749		271.707500	-43.424722	5.77	0.22	A5V	-0.001	-0.099
6750		271.707500	-43.424722	5.77		A5V	-0.001	-0.099
6751		273.143750	-73.671667	5.85	0.46	F5V	-0.053	-0.231
6752	70 Oph	271.363750	+2.499444	4.03	0.86	K0V	0.266	-1.093
6753		270.787500	+48.464444	6.21	0.03	A2V	0.029	0.015
6754		271.167500	+23.942500	6.34	0.30	F0IV-V	0.011	-0.057
6755		271.530833	-8.323889	5.85	0.21	B8III-IV	-0.008	-0.016
6756		271.563333	-4.751389	5.77	0.96	K1+IV	0.141	-0.032
6757		271.530833	-0.446667	6.34	1.06	G8IIp	-0.020	-0.029
6758		271.430417	+12.003889	7.04	0.30	A3IV	-0.008	0.001
6759		272.125417	-45.767222	6.15	-0.08	B7-8II	-0.009	-0.025
6760		272.490000	-59.040000	6.38	1.55	K4III	-0.021	-0.001
6761	Iot Pav	272.608750	-62.002222	5.49	0.58	G0V	-0.087	0.223
6762		271.797500	-21.443889	6.28	0.12	B0.5Ib	0.004	0.000
6763		271.375833	+21.646944	6.15	1.23	gK3	0.015	0.009
6764		271.180000	+40.084167	6.52	0.46	F7V	0.030	0.025
6765	98 Her	271.507917	+22.218889	5.06	1.58	M3-IIIZrO 0+	-0.010	-0.008
6766		272.020833	-28.457222	4.57	0.94	G7:IIIb*	0.027	-0.030
6767		271.253333	+41.946667	6.34	0.26	F0V	-0.021	0.106
6768		271.456667	+32.230556	5.71	1.16	K0III	0.012	-0.026
6769		271.951667	-17.154167	5.52	1.11	K1III	-0.099	0.059
6770	71 Oph	271.826667	+8.733889	4.64	0.96	G8III	0.011	0.032
6771	72 Oph	271.837500	+9.563889	3.73	0.12	A4IV s	-0.060	0.080
6772		272.343333	-36.672500	6.58	-0.03	B1II	-0.011	-0.004
6773		272.225417	-25.472500	6.61	0.02	B3III	0.003	0.018
6774		273.600417	-70.751389	6.73	-0.03	B7-8II-III	-0.002	-0.023
6775	99 Her	271.756250	+30.561944	5.04	0.52	F7V	-0.094	0.071
6776		271.951667	+13.071111	6.63	0.07	A2Vn	0.016	0.008
6777		272.499583	-32.719722	6.43	1.02	K0IV	0.001	-0.149
6778		272.768750	-47.513056	6.07	1.20	K1IIICNII	0.007	-0.029
6779	103Omi Her	271.885833	+28.762500	3.83	-0.03	B9.5V	0.001	0.009
6780		272.523750	-30.728611	5.53	0.97	K1II	0.003	-0.027
6781	100 Her	271.956250	+26.101389	5.86	0.12	A3V	-0.006	0.033
6782	100 Her	271.956250	+26.097500	5.90	0.14	A3V	-0.002	0.033
6783	Eps Tel	272.807500	-45.954444	4.53	1.01	K0III	-0.017	-0.037
6784		272.140417	+14.284722	6.37	0.17	A5m	-0.005	0.004
6785		272.430833	-13.934444	6.39	1.42	K0	0.016	-0.003
6786		272.773333	-41.359167	5.86	0.29	F2V	0.032	-0.035
6787	102 Her	272.189583	+20.814444	4.36	-0.16	B2IV	-0.001	-0.005
6788		272.730000	-33.799722	6.16	-0.14	B1V	-0.011	0.013
6789	23Del UMi	263.053750	+86.586389	4.36	0.02	A1Vn	0.009	0.056
6790		271.722917	+50.822778	6.29	1.04	K0III	0.002	0.096
6791		271.870000	+43.461667	5.00	0.91	G8IIICN-1CH-3	0.002	-0.060
6792		271.776250	+49.710556	6.32		A2V	-0.002	0.022
6793		272.009167	+36.401389	5.48	1.17	K2.5III	-0.095	-0.183
6794	101 Her	272.220417	+20.045278	5.10	0.15	A8III	0.008	-0.020
6795	73 Oph	272.390833	+3.993333	5.73	0.37	F2V	0.038	-0.007
6796		273.567500	-63.689444	6.47	1.41	K4III	-0.033	-0.051
6797		272.475000	+3.119722	5.69	0.47	F5V	0.022	-0.192
6798		272.811667	-19.842222	6.36	0.16	A4V	-0.002	-0.028
6799		272.292500	+30.469444	6.38	1.19	gK1	0.071	0.133
6800		272.667917	+3.324167	5.51	1.19	K2III	0.021	-0.003
6801	11 Sgr	272.930833	-23.701111	4.98	1.05	K0III	0.017	-0.019
6802		272.992500	-28.901389	6.51	-0.01	B9IVpSrEuCr	0.017	-0.005
6803		272.536250	+16.476667	6.09		B9V+F7III	-0.004	-0.007
6804		273.302500	-41.336111	5.47	-0.17	B2.5III	-0.013	-0.004
6805		273.920417	-63.055556	5.60	0.92	K0III-IV	-0.023	-0.031
6806		272.406250	+38.457500	6.40	0.87	K2V	-0.303	-0.472
6807		272.495833	+36.466389	5.58	0.91	G8III	0.011	0.015
6808		274.503750	-68.229167	6.33	-0.04	B9V	-0.007	-0.019
6809	40 Dra	270.014167	+80.000833	6.04	0.51	F7	0.045	0.129
6810	41 Dra	270.038333	+80.004167	5.68	0.50	F7	0.042	0.122
6811	24 UMi	262.700000	+86.968056	5.79	0.25	A2m	0.059	0.010
6812	13Mu Sgr	273.440833	-21.058889	3.86	0.23	B8Iap	0.002	0.001
6813		273.291667	-4.011667	6.59	0.27	A2m	0.015	0.022
6814		272.937917	+33.446944	5.88	0.01	A3V	0.012	0.010
6815	104 Her	272.975833	+31.405278	4.97	1.65	M3III	-0.013	0.030
6816	14 Sgr	273.566250	-21.713056	5.44	1.52	K3III	-0.008	-0.022
6817		272.631667	+54.286667	5.95	0.94	K1III	0.104	0.245
6818		273.969583	-44.206667	5.46	0.96	G8-K0III	0.074	0.012
6819		274.281250	-56.023333	5.33	-0.05	B3IIIep	-0.006	-0.013
6820		273.318750	+21.880278	6.12	1.47	K4III	0.062	0.051
6821		274.253750	-51.068333	6.06	-0.06	B9V	-0.002	-0.008
6822	15 Sgr	273.803750	-20.728333	5.38	0.07	B0Ia	0.003	0.003
6823	16 Sgr	273.803750	-20.388056	5.95	0.02	O9.5II	-0.002	0.001
6824		273.177500	+41.146944	6.36	1.03	K0III	-0.014	-0.046
6825		273.878333	-18.661389	6.07	0.20	A0Ia	0.014	0.006
6826		273.270000	+38.773611	6.04	-0.08	B9IIIn	-0.004	0.010
6827		272.779583	+60.409444	6.49	0.00	A1Vnn	-0.010	0.000
6828		274.917500	-63.886944	6.18	0.58	F9V	0.043	-0.285
6829	Phi Oct	275.900417	-75.044167	5.47	0.02	A0V	-0.006	0.030
6830		273.991667	-3.617500	6.36	0.20	A4V	0.015	0.019
6831		273.683333	+29.207222	6.56	0.54	F8V	0.016	-0.249
6832	Eta Sgr	274.406667	-36.761667	3.11	1.56	M3.5III	-0.128	-0.167
6833		274.400417	-34.107222	6.16	-0.11	B3V+A	-0.015	-0.009
6834		274.023333	+2.377778	6.01	1.59	M4IIIab	-0.003	-0.015
6835		274.350000	-28.652500	6.19	0.18	A5/7V	0.004	-0.027
6836		274.348750	-28.289167	6.40	0.54	G0V	0.134	-0.156
6837		277.331250	-80.232778	5.95	1.16	K2III	-0.037	-0.062
6838		274.298333	-17.373889	5.75	1.58	K4II-III	-0.003	-0.015
6839		274.666667	-42.288333	6.30	-0.11	B0.5Ia	-0.007	-0.004
6840		274.221250	-3.007222	6.00	0.89	G3III	0.012	-0.268
6841		274.368750	-18.463333	6.54	0.11	O7III:(n)((f))	-0.003	0.000
6842		274.513333	-27.042500	4.65	1.66	K3II	0.008	0.005
6843		274.350833	-9.758611	6.31	0.38	A8V	0.009	-0.056
6844		274.270000	+1.005833	6.63	0.31	F2V	-0.011	-0.026
6845		273.911667	+42.159444	5.59	-0.10	B7IV	0.001	0.000
6846		274.673750	-25.604722	6.51	1.34	gK1	-0.004	-0.030
6847		273.885833	+45.209444	6.29	0.62	G2V	-0.068	-0.110
6848		274.680417	-18.619444	6.84	0.31	B0Ib	0.013	0.006
6849		273.671250	+56.588333	6.37	0.34	F1V	-0.011	0.029
6850	36 Dra	273.474167	+64.397222	5.03	0.38	F5V	0.349	0.035
6851		274.512083	+13.776944	6.30	-0.03	B5V	-0.001	-0.010
6852		274.532083	+18.131389	5.99	0.03	B9V	-0.006	-0.004
6853		274.278333	+40.936667	6.11	0.99	G8.5IIIbFe-1CH0.5	-0.163	0.069
6854		274.532083	+23.296667	6.63		K5	0.007	-0.018
6855	Xi Pav	275.806667	-61.493889	4.36	1.48	K4III	0.001	0.003
6856		275.230417	-37.487500	6.45	1.31	K2II	0.011	-0.008
6857		274.789583	+7.259722	5.39	1.07	K2III-IV	-0.047	0.002
6858		275.036667	-15.831667	5.39	1.47	K4III	0.037	-0.033
6859	19Del Sgr	275.248750	-29.828056	2.70	1.38	K3-IIIa*	0.035	-0.028
6860	105 Her	274.794583	+24.446111	5.27	1.53	K3III:Ba0.4	0.009	0.006
6861		275.380833	-24.915000	6.25	1.84	M5III	0.007	0.008
6862		275.577500	-38.656944	5.10	1.49	K4-5III	-0.033	-0.028
6863		275.346250	-18.860000	5.75	0.94	F8I	0.011	-0.009
6864		275.500833	-28.430000	6.16	0.26	A3III	0.014	-0.001
6865	37 Dra	273.820833	+68.755833	5.95	1.06	gK1	0.015	-0.061
6866	74 Oph	275.217083	+3.377222	4.86	0.91	G8III	0.000	0.010
6867		274.967083	+29.666111	5.99	1.29	gK4	0.000	-0.001
6868	106 Her	275.074583	+21.961389	4.95	1.59	M1III	0.017	-0.056
6869	58Eta Ser	275.327500	-2.898889	3.26	0.94	K0III-IV	-0.547	-0.700
6870		275.721250	-36.669444	5.34	-0.14	Ap	0.000	-0.018
6871		276.381250	-63.021389	6.14	0.20	A3V	-0.007	-0.099
6872	1Kap Lyr	274.965417	+36.064444	4.33	1.17	K2IIIabCN0.5	-0.015	0.043
6873		275.368750	+5.435833	6.13	-0.04	B3Ve	0.013	-0.004
6874		275.870417	-36.238333	5.55	1.02	K0III	0.017	-0.006
6875		276.075833	-44.110278	5.25	-0.19	B2.5Vn	-0.002	-0.021
6876	108 Her	275.237917	+29.858889	5.63	0.21	A5m	0.014	0.057
6877	107 Her	275.254167	+28.870000	5.12	0.20	A7V	0.005	0.050
6878		275.759167	-10.218611	6.33	0.14	B9.5V	0.024	-0.007
6879	20Eps Sgr	276.042917	-34.384722	1.85	-0.03	B9.5III	-0.038	-0.124
6880		274.983750	+51.347778	6.30	1.10	gK1	-0.033	-0.052
6881		275.800833	-12.014722	5.73	0.01	B8IV-Ve	-0.007	-0.014
6882		275.536250	+23.285278	5.41	1.60	M0IIIab	0.012	0.077
6883		275.647083	+12.028889	5.89	0.04	A2V	0.012	-0.008
6884	Zet Sct	275.914583	-8.934167	4.68	0.95	G9-IIIbFe-0.5	0.045	0.046
6885		275.704167	+17.826667	5.25	1.27	K3III	0.071	0.016
6886		275.279583	+49.725556	6.40	1.07	K1III	-0.007	0.025
6887		275.762083	+16.688056	6.22	1.20	K0	-0.019	-0.016
6888	18 Sgr	276.256250	-30.756667	5.60	1.14	K0III-IV	-0.123	-0.072
6889		276.340417	-35.991667	6.15	1.00	K0III	-0.033	0.013
6890		276.014583	-3.583333	6.38	0.34	F6III-IV	-0.025	-0.055
6891		275.386250	+49.121667	5.05	1.66	M2IIIab	-0.020	0.053
6892		276.175417	-7.075278	6.31	1.16	K0	0.134	-0.004
6893		276.477500	-33.945278	6.30	-0.08	B5IV	0.002	0.006
6894		276.724583	-48.116944	5.46	0.84	K0-1III+F-G	-0.007	-0.042
6895	109 Her	275.924583	+21.769722	3.84	1.18	K2.5IIIab	0.196	-0.242
6896	21 Sgr	276.337500	-20.541667	4.81	1.31	K2II	0.006	-0.025
6897	Alp Tel	276.743333	-45.968333	3.51	-0.17	B3IV	-0.016	-0.054
6898		276.237500	-1.579444	6.15	0.37	F6III+A9III	-0.017	-0.010
6899		278.230417	-73.965556	5.89	0.98	K0III	-0.002	-0.090
6900		276.286667	+5.084722	6.74	0.02	B9V	-0.003	0.008
6901		275.989167	+38.739167	6.36		K4III	0.027	0.006
6902		276.411667	+8.031944	5.65	0.92	G8III-IV+A0V	-0.002	-0.006
6903	2Mu Lyr	276.057500	+39.507222	5.12	0.03	A3IVn	-0.023	-0.002
6904		276.243750	+27.395278	6.27	0.05	A0V+A4V	0.002	0.008
6905	Zet Tel	277.207917	-49.070833	4.13	1.02	G8-K0III	0.144	-0.242
6906		276.480833	+14.966667	6.37	0.01	B9V	0.012	-0.006
6907		276.956250	-29.816389	5.92	0.52	F9V	-0.003	0.032
6908		277.486250	-57.523056	5.76	0.98	K0III	0.051	-0.025
6909		276.932500	-26.634722	6.31	0.26	A8V+F2V	0.003	-0.025
6910		277.112917	-38.995556	5.64	0.13	A2mA2-F0	-0.002	-0.038
6911		275.949167	+53.300833	6.32	0.16	A3m	0.008	-0.015
6912		280.558750	-81.807778	6.27	-0.13	B8V	0.001	-0.006
6913	22Lam Sgr	276.992500	-25.421667	2.81	1.04	K1+IIIb	-0.044	-0.185
6914		277.025833	-26.757222	6.27	0.16	A3/4V	0.000	-0.036
6915		277.303750	-43.845833	6.36	0.90	G8III	-0.002	0.028
6916	Nu Pav	277.843333	-62.278333	4.64	-0.11	B7-8III	-0.003	-0.045
6917		276.495000	+29.828889	5.83	0.06	A2IV	0.026	-0.022
6918	59 Ser	276.802083	+0.196111	5.21	0.50	G0III+A6V	-0.008	-0.002
6919		276.985417	-17.800000	6.20	0.01	B8V	-0.004	0.007
6920	43Phi Dra	275.189583	+71.337778	4.22	-0.10	A0pSi:	-0.004	0.040
6921		277.320000	-38.851111	6.63	-0.02	B8	-0.004	-0.007
6922		277.482500	-47.220278	5.70	1.26	K2III	0.013	-0.003
6923	39 Dra	275.977083	+58.800556	4.98	0.08	A1V	-0.039	0.060
6924		276.670417	+26.449444	6.53	-0.11	B3V	-0.003	0.000
6925		276.959583	+3.748611	6.07	1.62	K3III	-0.005	-0.005
6926		277.239167	-26.581667	6.50	0.11	A3III	0.003	0.009
6927	44Chi Dra	275.264167	+72.732778	3.57	0.49	F7V	0.532	-0.350
6928		276.995000	+6.194167	5.73	-0.03	B8III-IV	0.000	-0.024
6929		277.341667	-25.256389	6.59	0.07	B2IVpe	0.004	-0.001
6930	Gam Sct	277.299583	-14.565833	4.70	0.06	A3Vn	0.003	-0.002
6931		277.762500	-41.913611	6.04	0.14	A3V	0.000	-0.022
6932		277.445000	-14.581667	5.96	-0.04	B9pSiCr	0.021	0.025
6933		277.549583	-18.728889	5.66	1.06	gK0	0.038	-0.095
6934	Del1Tel	277.939167	-45.915000	4.96	-0.11	B6IV	-0.008	-0.032
6935	60 Ser	277.420833	-1.985278	5.39	0.96	K0III	0.032	-0.033
6936		277.770000	-32.989167	5.34	0.16	A3m	-0.001	-0.045
6937		277.984167	-43.507778	5.72	1.34	K2III	-0.005	-0.019
6938	Del2Tel	278.008333	-45.757222	5.07	-0.14	B3III	0.004	-0.008
6939		278.372917	-58.709167	6.44	0.68	G5IV	0.027	-0.124
6940		277.559583	-5.724167	6.28	0.95	G8II-III	0.004	-0.018
6941		277.521250	+4.065278	6.69	0.11	B2V	0.000	-0.009
6942		278.089167	-39.703889	5.16	0.08	A3Vn	0.036	-0.040
6943		277.398750	+23.866111	5.90	-0.10	B6IV	0.000	-0.007
6944		277.859583	-18.402778	5.14	0.00	A0Vp	-0.003	-0.025
6945	42 Dra	276.496250	+65.563611	4.82	1.19	K1.5IIIFe-0.5	0.105	-0.023
6946		277.857083	-10.795833	5.72	0.24	B2V	0.000	-0.015
6947		277.972083	-19.125000	6.68	1.13	G1.5Ib	-0.009	0.001
6948		278.253750	-39.892222	6.22	0.42	F5IV	0.086	-0.086
6949		276.926250	+59.549167	6.43		K0IV	0.052	0.045
6950		277.673333	+20.815278	6.50	0.79	G8IV	0.011	-0.258
6951	The CrA	278.375833	-42.312500	4.64	1.01	G8III	0.031	-0.022
6952	Kap1CrA	278.347083	-38.720278	6.32		A0III	0.021	-0.028
6953	Kap2CrA	278.346250	-38.726111	5.65	-0.06	B9V	-0.003	-0.030
6954		278.630000	-52.891944	6.22	1.25	K2III	-0.011	-0.054
6955		277.768333	+16.928611	5.77	0.04	A2V	-0.032	-0.021
6956		278.086667	-14.644167	6.37	0.22	A4V	0.019	-0.017
6957	61 Ser	277.987500	-1.003056	5.94	0.16	A4III	0.010	-0.006
6958		278.029167	+3.659722	6.43	-0.04	A0pSiCr	0.031	0.015
6959		278.180417	-14.865556	5.50	1.97	K3Ib-IICN1	-0.004	0.001
6960		278.490833	-33.016667	5.28	-0.11	B2IV-V	0.004	-0.010
6961	24 Sgr	278.472917	-24.032500	5.49	1.79	K4Ib	0.002	-0.010
6962		278.412500	-14.853611	5.76	0.04	A2V	0.025	-0.013
6963		278.345417	-5.911389	6.36	0.02	A0Vn	0.012	-0.017
6964		282.991250	-83.316389	7.16	1.26	K1IIICNII:	-0.008	-0.021
6965	25 Sgr	278.636667	-24.222500	6.51	0.54	F3II-III	0.001	-0.001
6966		278.192500	+23.616944	5.84	1.46	gK5	0.010	0.016
6967		278.347083	+8.268333	6.42	-0.03	B8IIIpSiSr:	0.007	-0.003
6968		278.207917	+30.554167	5.48	-0.10	B8IV	0.010	0.009
6969		278.838750	-20.840833	6.48	0.28	F0IV	0.030	-0.013
6970		278.760000	-10.977222	5.14	0.92	G8III	0.051	-0.004
6971		278.346250	+30.892500	6.59	-0.12	B4Ve	0.011	0.009
6972		278.998750	-29.699167	6.37	1.27	K1III	0.009	-0.009
6973	Alp Sct	278.801667	-8.244167	3.85	1.33	K3-III-IIIb	-0.015	-0.312
6974		278.047500	+52.115556	6.56	-0.07	B9.5V	-0.004	0.006
6975		278.581667	+20.466389	6.57	0.11	A3V	0.008	-0.006
6976		278.697917	+10.891667	6.40	0.08	A1V	0.004	-0.007
6977		278.802500	+18.203333	5.78	0.00	A0Vn	0.014	0.006
6978	45 Dra	278.143750	+57.045556	4.77	0.61	F7Ib	0.001	-0.006
6979		277.811667	+65.436111	6.59	0.30	A8m	-0.019	0.071
6980		278.876667	+23.605556	5.61	1.00	G9III+G7III	0.004	0.005
6981		278.971667	+16.975556	6.21	0.53	G2V+G2V	0.049	-0.068
6982	Zet Pav	280.758750	-71.428056	4.01	1.14	K0III	-0.005	-0.156
6983		278.486250	+52.353611	5.36	1.09	K0III	-0.002	0.008
6984		278.806250	+34.457778	6.10	-0.11	B5Vne	0.006	0.003
6985		279.115833	+9.122500	5.39	0.37	F5III	-0.002	-0.129
6986		279.809583	-47.909722	5.86	0.23	A7IV-V	0.028	0.015
6987		279.162917	+6.671944	5.45	0.37	F3V	-0.025	-0.141
6988		279.476667	-21.397778	5.94	0.19	A8IIIn	0.000	-0.067
6989		279.519167	-14.004722	6.47	0.21	B9IV	0.019	0.002
6990		279.627917	-23.505000	5.81	0.02	B8III	-0.003	-0.020
6991		279.895833	-43.186111	5.37	1.68	M2III	-0.052	-0.052
6992		279.302500	+11.421667	6.42	-0.02	B9V	-0.021	-0.011
6993		279.400000	-0.309444	5.75	0.07	A1V+A1V	0.016	-0.019
6994		281.955833	-77.867222	6.39	0.60	F8V	-0.022	0.188
6995		279.287500	+16.198333	6.29	0.90	G8IV	0.010	0.047
6996		280.593750	-64.643056	6.37	0.15	A5V	-0.009	-0.032
6997		279.155000	+33.468889	5.42	-0.10	B8II-IIIpHg	-0.019	0.000
6998		279.722500	-21.051944	5.86	0.68	G4V	-0.078	-0.152
6999		279.598750	-3.193611	6.49	0.55	F9IV	-0.009	0.032
7000		279.579583	-1.113333	6.66	0.42	F1IV-V	-0.027	-0.012
7001	3Alp Lyr	279.234583	+38.783611	0.03	0.00	A0Va	0.202	0.286
7002		279.587500	+8.833889	6.40	1.32	M6IIIe+K1III	-0.014	0.006
7003		279.190000	+43.221944	6.20	0.24	F0V	0.023	-0.006
7004		280.905000	-64.551111	5.78	0.96	K0III	0.003	-0.036
7005		280.377500	-48.095000	6.49	1.22	K2III-IVCNII	-0.025	-0.122
7006		277.437083	+77.546944	5.64	1.18	gK4	-0.001	0.001
7007		280.002083	-7.790556	5.84	1.55	K4III	0.004	-0.032
7008		279.903750	+5.264167	6.38	0.78	F8Ib-II	0.006	0.001
7009		279.527083	+39.668056	6.04	1.65	M4.5-M5+II	0.006	0.006
7010		279.965000	+7.358333	6.28	0.96	G8III	0.007	-0.056
7011	26 Sgr	280.465000	-23.833333	6.23	0.23	Am	0.032	-0.024
7012		281.362083	-64.871389	4.79	0.20	A5IV-V	0.027	-0.149
7013		279.055417	+65.488611	6.06	0.28	F0V	0.019	0.083
7014		280.427083	-14.564167	6.42	0.81	F2Ib	0.006	0.001
7015		281.297917	-61.095000	6.04	1.46	K3III	0.023	-0.023
7016		280.008333	+30.849444	6.36		K0	-0.005	0.032
7017		279.887917	+40.935000	6.25	-0.06	B9V	0.027	-0.002
7018		279.389583	+62.526667	5.74	-0.06	A0V	-0.005	0.051
7019		280.050833	+38.367222	6.45	0.21	A6m	0.026	0.001
7020	Del Sct	280.568333	-9.052500	4.72	0.35	F2IIIpDel Del	0.009	0.002
7021	Lam CrA	280.945417	-38.323611	5.13	0.09	A2Vn	0.003	-0.057
7022		281.348750	-56.881667	6.22	1.38	K3III	-0.054	-0.007
7023		280.730000	-19.283889	6.35	1.75	M4III	-0.001	-0.024
7024		280.650417	-7.073333	6.15	1.00	K0-1III	-0.003	0.005
7025		276.038333	+83.175278	6.17	0.05	A2V	0.015	-0.027
7026		281.032083	-36.718611	6.32	0.98	K0III	0.000	-0.060
7027		282.431250	-72.994722	6.06	0.00	B9.5IV-V	-0.004	0.024
7028		279.970000	+52.196111	6.00	-0.07	A0p:Hg:	0.004	0.028
7029		281.080833	-35.641944	4.87	-0.18	B2.5V	0.000	-0.031
7030		280.422083	+31.617778	6.41	-0.04	B8V	0.008	0.009
7031		281.238333	-39.686389	5.43	0.87	K3II+B7	0.008	-0.011
7032	Eps Sct	280.880417	-8.275278	4.90	1.12	G8IIb	0.022	0.008
7033		280.533750	+34.746667	6.47	-0.13	B5V	0.010	0.008
7034		280.964167	-6.818611	6.31	0.48	F7V	0.048	-0.055
7035		281.206667	-25.011111	5.83	0.05	B5:V	0.005	-0.022
7036	The Pav	282.157500	-65.077778	5.73	0.24	A8V	-0.045	-0.083
7037		281.746250	-50.094444	6.54	0.28	F0V	-0.001	-0.034
7038		281.327917	-21.001389	6.36	0.45	F5V	0.027	-0.019
7039	27Phi Sgr	281.414167	-26.990833	3.17	-0.11	B8III	0.053	0.000
7040	4 Aql	281.207917	+2.060000	5.02	-0.06	B9V	0.009	-0.018
7041		280.819583	+39.300278	6.45	1.59	K5	0.016	-0.002
7042		280.234583	+62.749722	6.09	0.98	K0III	0.000	0.061
7043		280.900417	+36.556667	6.01	1.04	G8	0.024	0.065
7044		280.965000	+31.926667	5.70	0.34	F1III-IV	-0.033	-0.129
7045		281.505000	-19.606389	6.42	1.65	M4III	-0.002	0.004
7046	28 Sgr	281.585833	-22.392222	5.37	1.64	K4III	0.031	0.000
7047		281.167500	+23.589722	6.31	0.40	F6V	0.009	-0.087
7048		281.368333	+5.499722	5.83	0.04	A1V+A1V	0.015	-0.011
7049	46 Dra	280.657917	+55.539444	5.04	-0.09	B9.5pHg:	-0.002	0.024
7050	Mu CrA	281.935833	-40.406111	5.24	0.78	G5-6III	0.030	-0.017
7051	4Eps1Lyr	281.085000	+39.670000	5.06	0.16	A4V	0.017	0.059
7052	4Eps1Lyr	281.084583	+39.671111	6.02		F1V	0.003	0.059
7053	5Eps2Lyr	281.095417	+39.613056	5.14	0.19	A8Vn	0.008	0.064
7054	5Eps2Lyr	281.095417	+39.612778	5.37		F0Vn	0.007	0.064
7055		281.680417	-10.125000	5.71	0.59	F2Ib-II	-0.005	0.002
7056	6Zet1Lyr	281.193333	+37.605000	4.36	0.19	A4m	0.028	0.024
7057	7Zet2Lyr	281.200833	+37.594444	5.73	0.28	F0IV	0.022	0.019
7058		281.398750	+21.985000	6.51	0.02	B9pSiCr:	0.015	0.012
7059	5 Aql	281.618750	-0.961667	5.90	0.13	A2Vm	0.013	-0.022
7060		280.870833	+53.871944	6.11	0.12	A2IV	0.006	-0.008
7061	110 Her	281.415417	+20.546389	4.19	0.46	F6V	-0.008	-0.335
7062	Eta1CrA	282.210417	-43.680000	5.49	0.13	A3V	0.025	-0.019
7063	Bet Sct	281.793750	-4.747778	4.22	1.10	G4IIa	-0.004	-0.016
7064		281.518750	+26.662222	4.83	1.20	K3III	0.018	0.024
7065		282.364167	-45.810278	5.81	0.90	G8III	0.076	0.051
7066		281.870833	-5.705000	5.20	1.47	K0Ibp	-0.041	-0.028
7067		281.672500	+18.705833	6.17	1.59	K5	0.028	-0.022
7068	Eta2CrA	282.395833	-43.433889	5.61	-0.08	B9IV	-0.003	-0.024
7069	111 Her	281.755417	+18.181389	4.36	0.13	A5III	0.073	0.116
7070		282.321667	-34.748611	6.62	1.08	K1IVCNIII	0.046	-0.101
7071		281.230833	+54.896667	6.23	0.82	G5III	0.007	-0.019
7072		282.188750	-18.601389	6.47		G5III:+A0V:	-0.007	-0.004
7073		281.554167	+41.441667	6.07	-0.13	B6V	0.001	-0.001
7074	Lam Pav	283.054167	-62.187500	4.22	-0.14	B2II-IIIe	-0.006	-0.014
7075		281.075833	+61.048056	5.99	0.96	G7IV	-0.005	0.018
7076		282.011250	+4.241389	6.21	1.51	K5	-0.002	0.014
7077		282.397917	-19.142222	6.75	0.20	A1m	0.017	0.010
7078	29 Sgr	282.417083	-20.324722	5.24	1.41	K4III	0.005	0.036
7079		282.068333	+23.514167	6.15	0.49	F8V	0.024	-0.030
7080		281.745833	+46.315000	6.52	0.07	A2IV	-0.002	-0.010
7081		281.989583	+31.756944	6.06	-0.13	B3IVp	0.009	-0.002
7082		280.792500	+70.792778	6.44		K2	-0.002	-0.004
7083		282.420833	-5.912778	5.99	1.60	K2Ib	0.005	-0.006
7084		281.679583	+52.988056	5.88	-0.09	B2.5Ve	0.010	-0.002
7085		282.404583	+0.835833	6.25	0.04	A1V	-0.001	-0.024
7086		282.222500	+19.328611	5.88	0.03	A1V	0.017	-0.021
7087	Kap Tel	283.165000	-52.107500	5.17	0.94	G8-K0III	0.041	-0.103
7088	30 Sgr	282.710417	-22.162222	6.61	0.38	A7III	-0.019	-0.033
7089		282.583333	-7.907500	6.80	3.09	C5II	0.003	0.003
7090		281.916667	+49.075000	6.40		A1V	0.005	0.019
7091		282.310000	+25.046389	6.59		A1V	0.003	-0.014
7092		283.112917	-46.595278	5.54	1.63	M0III	0.019	-0.003
7093		283.300417	-51.931111	6.31	-0.09	B4III	0.010	-0.006
7094		282.743750	-9.774167	5.83	0.61	F2Ib	0.002	-0.002
7095		283.260417	-48.360000	6.19	0.14	A2V	-0.003	-0.046
7096		282.067083	+48.767500	6.12	0.21	A7III	-0.019	0.050
7097		283.248333	-46.585833	6.19	0.03	A1IV-V	-0.028	0.023
7098		282.433333	+31.629167	6.64	0.02	A0V s	-0.003	-0.012
7099		282.690000	+10.976389	6.55		K5III+K3III	0.023	0.009
7100	8Nu 1Lyr	282.441250	+32.812778	5.91	-0.16	B3IV	0.006	-0.008
7101	8 Aql	282.842083	-3.317778	6.10	0.30	F2III	0.000	-0.020
7102	9Nu 2Lyr	282.470417	+32.550833	5.25	0.08	A3V	-0.009	-0.014
7103		283.118750	-26.650278	6.29	0.94	G8/K0III	0.013	-0.046
7104		283.154167	-29.379444	6.13	1.35	K1III	-0.002	-0.040
7105		283.173750	-30.734167	6.63	-0.05	B8V	-0.002	-0.023
7106	10Bet Lyr	282.520000	+33.362778	3.45	0.00	B8IIpe	0.003	-0.003
7107	Kap Pav	284.237500	-67.233611	4.44	0.71	F5I-II	-0.010	0.012
7108		283.634583	-49.878611	6.60	0.08	A2V	-0.010	-0.012
7109		283.007917	+13.965556	6.14	0.00	B8Vnn	-0.011	-0.005
7110		283.257917	-9.576111	6.34	0.20	A7Vn	0.040	-0.002
7111		284.227917	-62.801111	6.48	1.53	K3III	0.000	0.032
7112		282.899583	+28.783611	6.18	1.18	K1II-III	0.012	0.008
7113	112 Her	283.068333	+21.425278	5.48	-0.07	B9II-IIIpHg	-0.006	-0.008
7114	33 Sgr	283.500417	-21.359722	5.69	1.23	K1Ib	0.008	-0.015
7115		282.902083	+36.538611	6.09	-0.11	B6IV	-0.007	-0.022
7116	32Nu 1Sgr	283.542500	-22.745000	4.83	1.41	K2I+B9V:	0.010	-0.010
7117		281.444583	+74.085556	5.27	0.92	K0II-III	0.005	0.077
7118		283.029583	+41.383333	6.28	-0.09	B9IIIpSi	-0.016	-0.001
7119		283.679583	-15.603056	5.10	0.17	B5II	-0.008	-0.005
7120	35Nu 2Sgr	283.779583	-22.671389	4.99	1.33	K3II-IIIBa0.8CN2	0.103	-0.026
7121	34Sig Sgr	283.816250	-26.296667	2.02	-0.22	B2.5V	0.013	-0.054
7122		284.070417	-42.710556	5.36	1.00	K0III	-0.035	-0.026
7123		282.895833	+52.975000	5.51	0.84	G9IVa	-0.046	0.271
7124	50 Dra	281.592500	+75.433889	5.35	0.05	A1Vn	-0.015	0.073
7125	47Omi Dra	282.800417	+59.388333	4.66	1.19	G9IIIFe-0.5	0.079	0.027
7126		283.879167	-16.376667	5.79	0.36	F4V	-0.025	-0.185
7127	Ome Pav	284.651667	-60.200556	5.14	1.37	K2IIICNIV	-0.126	0.031
7128		284.002500	-23.173611	5.93	-0.02	B8	-0.002	-0.009
7129		284.168750	-37.343333	5.38	-0.14	B8IVSi	0.009	-0.026
7130		285.014583	-66.653333	6.01	0.97	K0III	0.003	-0.040
7131	11Del1Lyr	283.431667	+36.971667	5.58	-0.15	B2.5V	0.004	-0.002
7132		283.555000	+27.909444	5.62	1.35	K4III	-0.016	-0.074
7133	113 Her	283.687083	+22.645000	4.59	0.78	G4III+A6V	0.000	0.001
7134	Lam Tel	284.615417	-52.938611	4.87	-0.05	A0V	0.010	-0.011
7135		283.864583	+6.615278	5.57	1.04	K0III	0.021	-0.087
7136		284.394583	-39.823333	6.31	0.20	A3	0.037	0.029
7137		283.306667	+50.708333	4.92	0.90	G7IIIaFe-1	0.005	-0.025
7138		283.559583	+41.225556	7.30		F5	0.034	0.017
7139	12Del2Lyr	283.625833	+36.898889	4.30	1.68	M4II	-0.009	0.010
7140		283.718750	+33.968611	6.02	0.91	G8III+A2	-0.008	0.003
7141	63The1Ser	284.055000	+4.203611	4.62	0.17	A5V	0.049	0.031
7142	63The2Ser	284.060833	+4.201944	4.98	0.20	A5Vn	0.049	0.026
7143		284.094583	-1.800000	6.22	-0.05	B9III	-0.005	-0.022
7144		284.106667	+2.471111	6.15	0.97	G8III	0.007	-0.011
7145	36Xi 1Sgr	284.335417	-20.656389	5.08	0.13	A0II	-0.001	-0.007
7146		283.717500	+41.602778	5.44	1.03	K0III	0.002	-0.002
7147		284.016250	+17.995000	6.63	-0.04	B9pSi	0.011	-0.018
7148		284.025833	+18.105278	5.69	1.09	K1III	-0.041	-0.162
7149	Eta Sct	284.265417	-5.846111	4.83	1.08	K2III	0.066	-0.036
7150	37Xi 2Sgr	284.432500	-21.106667	3.51	1.18	K1III	0.033	-0.012
7151		284.588750	-31.036111	6.12	1.35	K3III	-0.045	-0.056
7152	Eps CrA	284.680833	-37.107500	4.87	0.41	F2V	-0.132	-0.105
7153		283.442917	+57.486944	6.22	1.23	gK5	0.018	-0.006
7154		283.696250	+48.859722	5.77	0.43	F3III	-0.061	-0.118
7155		284.585417	-24.876667	6.62	0.08	A0	0.007	0.003
7156		284.796250	-39.534722	6.49	-0.04	A0	0.009	-0.035
7157	13 Lyr	283.833750	+43.946111	4.04	1.59	M5III	0.023	0.083
7158	64 Ser	284.319167	+2.535278	5.57	0.00	B9IIIep:Hg:	-0.005	-0.012
7159		284.602500	-22.529444	6.14	0.09	A2V	-0.022	0.017
7160		281.408750	+79.942500	6.39	0.28	A8V	0.015	0.057
7161		285.873750	-68.755278	5.88	0.56	F8V	-0.015	-0.003
7162		284.256667	+32.901389	5.22	0.59	F9V	0.172	-0.157
7163		284.599167	+6.240278	6.21	0.46	F5IV	-0.003	-0.104
7164		284.861667	-18.566944	6.37	0.99	G3II	0.003	-0.043
7165		284.561250	+17.360833	5.38	0.80	F8Ib	-0.003	-0.007
7166		284.849167	-12.840556	5.53	-0.04	B5IV	0.002	-0.018
7167	10 Aql	284.695417	+13.906667	5.89	0.25	F0pSrEu	-0.002	-0.052
7168		285.103333	-24.942222	6.36	1.25	gK0	0.055	0.044
7169		285.263333	-37.060833	6.69		B9V	0.011	-0.020
7170		285.267917	-37.061944	6.40	-0.03	B8V-IV	0.010	-0.040
7171		284.687917	+19.794167	6.50	-0.04	B7III-IV	0.004	-0.004
7172	11 Aql	284.773750	+13.622500	5.23	0.53	F8V	0.014	-0.123
7173		284.822917	+10.140833	6.75	0.25	B2Vp	0.025	-0.011
7174		284.507917	+38.266111	5.89	-0.17	B7IV	0.001	0.000
7175	48 Dra	284.187500	+57.815000	5.66	1.15	K1III	-0.029	-0.062
7176	13Eps Aql	284.905833	+15.068333	4.02	1.08	K1-IIICN0.5Ba0.2	-0.051	-0.073
7177		285.536250	-41.910000	6.23	0.00	A0V	0.048	0.002
7178	14Gam Lyr	284.735833	+32.689444	3.24	-0.05	B9III	-0.002	0.002
7179		284.694167	+40.679167	6.22	-0.16	B3V	0.008	0.000
7180	52Ups Dra	283.599583	+71.297222	4.82	1.15	K0IIIBa0.2	0.049	0.044
7181		284.939583	+26.230556	5.27	1.24	K2III	0.088	-0.008
7182		285.407500	-22.695556	6.24	1.66	K5	0.004	0.000
7183		284.992083	+22.814722	6.29	1.75	M3.5IIIab	-0.022	0.012
7184		284.368333	+58.225278	6.46	0.08	A2IV	0.014	0.047
7185		284.801250	+39.217778	6.41	-0.17	B5IV	0.002	0.012
7186		285.389583	-15.282500	6.32	1.00	gG6	0.000	0.003
7187		284.106667	+65.258056	5.63	0.95	G8III	-0.028	-0.032
7188	Zet CrA	285.778750	-42.095278	4.75	-0.02	B9.5V	0.061	-0.049
7190		285.989167	-51.018611	5.93	1.24	K0-1III	0.028	-0.146
7191		284.322500	+62.396667	6.45	0.93	G5IV+G8V	0.006	-0.039
7192	15Lam Lyr	285.003750	+32.145556	4.93	1.47	K2.5IIIBa0.5	0.013	0.013
7193	12 Aql	285.420000	-5.738889	4.02	1.09	K1III	-0.019	-0.033
7194	38Zet Sgr	285.652917	-29.880278	2.60	0.08	A2III+A4IV	-0.015	-0.002
7195		285.615417	-24.846944	5.65	1.23	K3III	-0.022	-0.175
7196		284.748333	+50.809444	6.30	0.98	G8III	0.024	0.018
7197		285.823750	-38.253333	5.74	0.32	F0IIIn	0.013	0.009
7198		285.272917	+19.309722	6.39		K1III	0.018	0.002
7199		283.388333	+75.787500	6.22		A1V	0.013	0.024
7200		285.344167	+20.833611	6.69	0.02	B2IV-V	0.007	0.017
7201		285.079167	+40.684167	6.65		M4IIIa	0.002	-0.011
7202		285.322500	+26.291389	5.69	-0.08	B5V	0.000	-0.011
7203		285.765833	-19.245278	6.05	1.29	G6III	0.007	0.006
7204		285.230000	+33.802222	6.01	0.97	gK0	0.007	0.003
7205		285.779167	-19.103333	6.37	0.48	F5IV-V	0.007	-0.015
7206		285.395417	+25.025833	6.72		K2	-0.001	0.000
7207		285.456250	+22.263889	6.40	0.16	A4V	0.021	-0.008
7208		285.590000	+8.374167	6.30	1.67	K2III	0.026	0.022
7209	14 Aql	285.727083	-3.698889	5.42	0.00	A1V	0.023	0.007
7210		285.057083	+50.533611	5.38	-0.18	B2.5IV	0.009	0.005
7211		286.104583	-31.046944	5.50	0.03	A0IV	0.014	-0.016
7212		285.451250	+33.621389	6.39	-0.12	B5IV	-0.003	0.003
7213	Rho Tel	286.582917	-52.340833	5.16	0.53	F7V	0.030	-0.118
7214		285.884167	+1.818889	5.83	0.18	A4V	0.006	-0.067
7215	16 Lyr	285.360000	+46.934722	5.01	0.19	A7V	0.020	-0.084
7216		285.719167	+19.661111	6.09	1.34	K1III	0.004	-0.001
7217	39Omi Sgr	286.170833	-21.741667	3.77	1.01	G9IIIb	0.080	-0.060
7218	49 Dra	285.180833	+55.658333	5.48	0.86	G5.5IIbFe-0.5	-0.016	-0.006
7219		286.044583	+3.330556	6.73	0.13	A5m	0.007	0.013
7220		286.100833	-5.685000	6.90	4.19	C5II	0.020	-0.005
7221		287.469583	-68.424722	5.33	0.91	G8-K0III-IV	0.145	-0.052
7222		285.927083	+21.267778	6.52	0.32	F2III	0.022	-0.021
7223		286.731667	-48.299167	5.97	-0.02	A0V	0.016	-0.016
7224		284.719167	+69.531111	6.52	-0.15	A0pSi	0.005	0.004
7225	15 Aql	286.240000	-4.031389	5.42	1.12	K1III	0.020	-0.027
7226	Gam CrA	286.604583	-37.063333	4.93	0.52	F8V	0.096	-0.274
7227	Gam CrA	286.604583	-37.063333	4.99	0.52	F8V	0.096	-0.274
7228	Sig Oct	317.192500	-88.956389	5.47	0.27	F0III	0.023	0.005
7229		285.529167	+52.261111	6.31	1.00	G8III	-0.007	-0.026
7230		286.421667	-15.660278	5.97	-0.02	B9V	0.003	-0.007
7231		286.327500	-1.512778	6.53	0.35	F1V	-0.003	-0.007
7232		286.718750	-37.810278	6.16	0.72	G5IV	-0.184	-0.352
7233		287.217083	-55.720278	6.49	1.10	K1III	0.031	-0.110
7234	40Tau Sgr	286.735000	-27.670556	3.32	1.19	K1+IIIb	-0.053	-0.251
7235	17Zet Aql	286.352500	+13.863333	2.99	0.01	A0Vn	-0.005	-0.096
7236	16Lam Aql	286.562083	-4.882500	3.44	-0.09	B9Vn	-0.017	-0.090
7237		286.241250	+31.744444	5.56	1.54	M0III	0.076	-0.067
7238		286.242917	+30.733333	6.06	1.55	M2.5IIIab	0.030	-0.022
7239		286.717917	-16.228889	6.03	-0.04	B8IV	0.021	0.004
7240		286.878750	-28.636944	6.04	1.61	K3III	0.008	-0.010
7241		286.785417	-18.737778	6.29	-0.04	B8III	0.019	-0.004
7242	Del CrA	287.087083	-40.496667	4.59	1.09	K1III	0.037	-0.026
7243		286.592500	+8.230000	6.09	1.60	M7IIIe	0.006	-0.071
7244		286.446250	+29.921667	6.31	1.65	M0III	-0.005	-0.009
7245		286.787917	+0.641667	6.56	0.05	B9III	0.003	0.009
7246		287.060833	-24.656944	6.30	0.04	B9III	0.018	0.005
7247		284.488333	+77.050833	6.54	0.38	F2V	-0.039	-0.064
7248	18 Aql	286.744167	+11.071389	5.09	-0.07	B8III	0.005	-0.026
7249		287.069583	-19.290000	5.54	-0.11	B2Ve	0.006	0.008
7250		286.660000	+24.250833	5.77	0.09	A4III	0.055	0.015
7251	51 Dra	286.230000	+53.396667	5.38	-0.01	A0Vn	-0.003	0.025
7252		286.291250	+49.923333	6.43		K3III	-0.004	0.014
7253		286.657083	+28.628611	5.55	0.29	F0III	0.076	0.085
7254	Alp CrA	287.367917	-37.904444	4.11	0.04	A2V	0.084	-0.098
7255		287.415417	-39.828056	6.46	1.06	K0III	-0.001	-0.049
7256		287.401667	-36.164722	6.56	-0.02	A0IV	-0.008	-0.013
7257		287.490833	-41.892500	5.88	-0.08	B6V+F1IV	0.010	-0.020
7258		286.570833	+41.413889	6.49	-0.15	B3V	0.003	-0.002
7259	Bet CrA	287.507083	-39.340833	4.11	1.20	K0II	0.003	-0.038
7260		286.988750	+16.853333	6.07	0.70	G5V	0.060	-0.306
7261	17 Lyr	286.856667	+32.501667	5.23	0.34	F0V	0.130	0.023
7262	18Iot Lyr	286.825417	+36.100278	5.28	-0.11	B6IV	0.001	-0.004
7263		287.015000	+21.698889	6.23	0.40	F3V	0.051	0.074
7264	41Pi Sgr	287.440833	-21.023611	2.89	0.35	F2II	0.000	-0.035
7265		287.450417	-19.803611	6.13	1.16	K1III	0.020	-0.079
7266	19 Aql	287.249583	+6.073333	5.22	0.35	F0III-IV	-0.006	-0.076
7267		287.167500	+16.851389	6.48	0.52	F5IV-V	-0.036	-0.104
7268		287.757500	-39.005000	6.36	0.01	B7IIIMn	-0.011	-0.018
7269		287.465000	-0.428056	6.34	-0.04	B5Vn	0.006	-0.006
7270		287.828750	-29.502222	6.30	-0.04	B9	0.033	-0.018
7271		288.192083	-50.486389	6.13	0.95	G8III	0.040	-0.044
7272		287.268333	+34.600556	6.74	0.63	G1V	0.053	0.195
7273		288.040833	-37.582778	6.57	1.02	G2III	0.010	0.008
7274	Tau Pav	289.118750	-69.190556	6.27	0.17	A6IV-V	0.000	-0.024
7275		287.107500	+52.425556	5.81	1.09	K1IV	-0.099	-0.059
7276		288.116667	-21.658056	6.41	1.13	gG8	0.027	-0.012
7277		288.307083	-25.906667	5.80	1.38	K1I	-0.002	-0.006
7278		289.300000	-66.661389	5.53	0.18	A5V+A8V	-0.002	-0.021
7279	20 Aql	288.169583	-7.939444	5.34	0.13	B3V	0.016	-0.006
7280		287.878750	+26.735833	6.36	0.41	F5V	0.023	-0.036
7281		288.665417	-45.193333	5.92	0.90	G8III	0.059	-0.036
7282		288.314583	-12.282500	5.51	1.44	gK4	0.012	-0.027
7283	19 Lyr	287.941667	+31.283333	5.98	-0.07	B9pSi	-0.002	-0.003
7284		287.846250	+40.429167	6.18	0.09	A3V	0.000	-0.023
7285		288.143333	+16.846389	6.73	-0.01	B9IV	-0.006	-0.015
7286		288.152917	+21.554444	5.93	0.03	A2Vn	0.005	-0.002
7287	21 Aql	288.427917	+2.293611	5.15	-0.07	B8II-III	0.009	-0.003
7288		288.433750	+5.515833	6.49	0.09	A2Vp	0.016	-0.006
7289		289.090417	-45.466389	5.40	1.35	K3III	-0.003	0.002
7290	55 Dra	287.440833	+65.978611	6.25	0.00	A0V	0.001	0.030
7291		288.888333	-24.179167	6.25	0.54	F9V	0.116	-0.095
7292	42Psi Sgr	288.885000	-25.256667	4.85	0.56	G8:III+A8V	0.045	-0.025
7293		288.019167	+49.854167	6.75	0.65	G4V	-0.190	0.637
7294		288.020833	+49.856111	6.57	0.65	G4V	-0.210	0.635
7295	53 Dra	287.918750	+56.859167	5.12	1.01	G8III	0.039	0.048
7296		289.136667	-33.521667	6.25	0.02	G0Ipe(C1,0)	0.012	0.024
7297		289.539167	-53.386667	6.38	0.49	F7V	-0.013	-0.065
7298	20Eta Lyr	288.439583	+39.146111	4.39	-0.15	B2.5IV	0.004	0.002
7299		288.760833	+20.203333	6.00	0.88	G8III	-0.012	0.000
7300		288.833750	+15.083611	5.57	1.07	G8II-III	0.002	-0.011
7301	1 Sge	288.822500	+21.232222	5.64	0.11	A4V	0.039	0.012
7302		288.853333	+30.526389	5.85	1.67	M0III	0.029	-0.023
7303	22 Aql	289.129167	+4.834722	5.59	0.08	A3IV	0.015	-0.016
7304	43 Sgr	289.408750	-18.953056	4.96	1.02	G8II-III	-0.012	-0.014
7305		288.987500	+27.455556	6.54	-0.06	B8V	0.007	-0.018
7306	1 Vul	289.054167	+21.390278	4.77	-0.05	B4IV	0.000	-0.009
7307		289.111667	+14.544722	5.63	-0.02	B9.5V	0.010	0.009
7308		288.997500	+27.926944	6.16	0.61	F6Ib-II	0.001	0.022
7309	54 Dra	288.480000	+57.705000	4.99	1.16	K2III	-0.010	-0.070
7310	57Del Dra	288.138750	+67.661667	3.07	1.00	G9III	0.094	0.093
7311		288.830417	+50.070833	6.27		G8III	0.005	-0.003
7312	59 Dra	287.290833	+76.560556	5.13	0.31	A9V	0.047	-0.123
7313		289.450833	+2.031667	6.19	0.02	A1Vn	-0.004	-0.030
7314	21The Lyr	289.092083	+38.133611	4.36	1.26	K0+II	-0.001	0.004
7315	25Ome1Aql	289.454167	+11.595278	5.28	0.20	F0IV	0.003	0.013
7316		289.916667	-35.421389	5.59	-0.13	B3V	0.007	-0.013
7317		289.750417	-15.536389	6.06	1.43	K3III	-0.091	-0.267
7318	2 Vul	289.431667	+23.025556	5.43	0.02	B0.5IV	0.001	-0.005
7319	23 Aql	289.635417	+1.085278	5.10	1.15	K2II-III	0.010	0.019
7320		291.022500	-68.371111	6.34	1.23	K2III	-0.026	-0.003
7321	24 Aql	289.712083	+0.339167	6.41	1.05	K0-IIIa:Ba0.4CH1	0.012	0.012
7322		289.214167	+46.999167	6.00	0.44	F6IV:	-0.008	0.295
7323		290.109167	-31.817778	6.58	1.67	M0III	-0.004	0.004
7324		289.503333	+31.022222	6.68	0.08	A3V	-0.004	0.020
7325		289.719583	+9.618056	6.32	1.05	G9III	0.003	-0.039
7326		289.702083	+19.610556	6.58	0.03	B8III+K:	0.022	0.002
7327		290.158750	-22.402500	5.58	0.27	F0III:	-0.015	0.035
7328	1Kap Cyg	289.275833	+53.368611	3.77	0.96	G9III	0.059	0.125
7329	Eta Tel	290.712917	-54.423611	5.05	0.02	A0Vn	0.015	-0.072
7330		290.374583	-34.983889	6.48	0.63	G5V	0.106	-0.099
7331	28 Aql	289.913750	+12.374722	5.53	0.26	F0III	0.008	0.021
7332	29Ome2Aql	289.970833	+11.535000	6.02	0.08	A2V	0.042	0.026
7333	26 Aql	290.137083	-5.415833	5.01	0.92	G8III-IV	0.116	0.048
7334		290.540000	-42.016111	6.34	1.14	K1III	-0.050	-0.034
7335		289.765833	+33.388889	6.60	-0.19	B2IVe	-0.010	-0.033
7336	27 Aql	290.148750	-0.892222	5.49	-0.04	B9III	0.006	0.006
7337	Bet1Sgr	290.659583	-44.458889	4.01	-0.10	B9V	0.009	-0.020
7338		289.755000	+37.445278	6.22	-0.03	A0III	0.014	0.017
7339		290.404583	-19.234167	6.26	-0.10	B5V	0.007	-0.001
7340	44Rho1Sgr	290.418333	-17.847222	3.93	0.22	F0IV-V	-0.024	0.024
7341		289.657083	+49.569722	6.31	1.12	K1III	0.010	0.054
7342	46Ups Sgr	290.431667	-15.955000	4.61	0.10	B2Vpe+A2IaShell	0.002	-0.006
7343	Bet2Sgr	290.805000	-44.799722	4.29	0.34	F2III	0.097	-0.054
7344	45Rho2Sgr	290.462083	-18.308333	5.87	1.06	gG9	0.102	-0.092
7345		289.912083	+37.330556	6.31	0.68	G8V	-0.066	-0.187
7346		290.137917	+35.186111	6.31	-0.12	B9V	0.014	0.006
7347		290.586250	-8.201111	6.31	-0.10	B3IVp	-0.013	-0.024
7348	Alp Sgr	290.971667	-40.616111	3.97	-0.10	B8V	0.030	-0.123
7349		290.589583	-0.252500	5.83	1.09	gG8	0.061	-0.025
7350		291.089167	-43.723056	6.17	1.60	M1-2III	0.024	-0.037
7351		289.902083	+54.376111	6.26	0.03	A1V	0.018	-0.025
7352	60Tau Dra	288.887500	+73.355556	4.45	1.25	K2+IIIbCN1Fe1	-0.140	0.107
7353		290.769167	-7.400278	6.32	1.45	K0	0.042	-0.007
7354		290.701667	+9.913056	6.35	0.44	F6V	0.011	0.109
7355		291.125417	-27.865556	6.04	-0.13	B2Vn	0.004	-0.001
7356		290.067083	+57.645278	5.91	1.58	M1IIIab	0.023	0.011
7357		290.784167	+14.921111	6.64	0.27	F1V	-0.027	-0.009
7358	3 Vul	290.712083	+26.262500	5.18	-0.12	B6III	-0.001	-0.010
7359		290.639167	+33.518056	6.06	1.03	K0III	0.008	-0.033
7360		291.267083	-29.309167	5.93	1.26	K3III	0.002	-0.051
7361		289.942083	+64.390833	6.52	-0.04	B9IVpHgMn	-0.002	0.010
7362	47Chi1Sgr	291.318750	-24.508611	5.03	0.23	Am	0.056	-0.054
7363	49Chi3Sgr	291.373750	-23.962222	5.43	1.43	K4III	-0.014	-0.005
7364		290.945417	+20.264444	6.40	0.01	B9.5V	-0.007	0.008
7365		290.355833	+57.766944	6.43		K2	0.021	0.042
7366		291.256667	-4.884167	6.52	0.33	A9V	0.054	0.015
7367		291.340000	-13.896944	5.69	1.43	K3III	0.057	0.066
7368		290.891667	+33.222222	6.37	0.81	G8V	0.085	0.168
7369	2 Sge	291.092083	+16.937778	6.25	0.08	A2III-IV	-0.003	-0.011
7370		291.950417	-54.325278	5.69	1.40	K4III	-0.006	0.009
7371	58Pi Dra	290.167083	+65.714722	4.59	0.02	A2III s	0.012	0.045
7372	2 Cyg	291.031667	+29.621389	4.97	-0.10	B3IV	0.013	0.013
7373	31 Aql	291.242500	+11.944444	5.16	0.77	G8IVHdel 1	0.722	0.643
7374		291.093333	+28.087778	6.53	-0.08	B5V	-0.021	0.003
7375	50 Sgr	291.580000	-21.776667	5.59	1.22	K3III	0.040	-0.005
7376		291.025417	+36.451944	6.36		K1III	0.010	0.077
7377	30Del Aql	291.374583	+3.114722	3.36	0.32	F3IV	0.257	0.082
7378		291.546250	-15.053056	5.72	0.02	B8Vn	0.023	0.010
7379		291.602500	-14.551111	6.70	0.05	A1V	0.039	-0.006
7380		291.735417	-29.743333	5.67	0.00	B9V	0.018	-0.048
7381		290.849167	+50.271389	6.51	-0.08	B9III	0.000	0.012
7382		290.985417	+43.388056	5.84	0.92	G7III-IIIa	0.017	-0.025
7383		292.795417	-68.433889	5.96	1.64	K4-5III	0.013	-0.019
7384		291.343333	+20.271389	6.31	-0.02	A0V	-0.007	-0.027
7385	4 Vul	291.369167	+19.798611	5.16	0.98	K0III	0.095	-0.063
7386		291.357500	+24.912778	6.19	0.51	F7V	-0.175	-0.630
7387	32Nu Aql	291.629583	+0.338611	4.66	0.60	F2Ib	0.000	0.001
7388		292.469167	-55.441389	6.13	0.98	K0-1III	0.023	-0.057
7389		291.600417	+13.023889	5.74	0.47	F6III	0.010	0.062
7390	5 Vul	291.555000	+20.097778	5.63	-0.01	A0V	0.003	-0.035
7391		291.619583	+19.891389	5.81	1.55	M0III	-0.001	-0.046
7392		292.349583	-43.445833	5.71	0.22	Am	0.096	-0.136
7393	Mu Tel	292.643750	-55.110000	6.30	0.45	F5V	0.033	-0.015
7394	Lam UMi	259.236667	+89.037778	6.38	1.57	M1III	-0.023	-0.004
7395	4 Cyg	291.537917	+36.317778	5.15	-0.12	B9pSi	0.005	0.014
7396		291.891250	+14.282500	6.32	-0.06	B4III	0.009	-0.002
7397		292.086667	+2.930278	5.85	0.01	B6III	0.004	-0.006
7398		292.467500	-26.985556	5.52	1.12	K3III	0.034	-0.041
7399		292.561250	-32.092222	6.60	0.39	F3IV-V	0.083	-0.065
7400	35 Aql	292.254167	+1.950278	5.80	0.08	A0IVp	-0.003	-0.033
7401		291.444583	+58.027222	6.60	-0.15	B8IVHe wk	-0.004	0.008
7402		292.339583	-7.043889	6.61	1.10	F7-G1I-II	0.024	0.003
7403		291.902083	+37.941111	6.34	-0.14	B3Ve	0.022	-0.013
7404		292.325000	+0.246111	6.25	1.32	K2	0.007	-0.008
7405	6Alp Vul	292.176250	+24.665000	4.44	1.50	M0III	-0.125	-0.106
7406	8 Vul	292.237500	+24.768611	5.81	1.03	K0III	0.000	0.014
7407		292.342083	+14.595833	5.56	1.05	K0III	0.045	-0.026
7408	7Iot1Cyg	291.857917	+52.320556	5.75	0.00	A1V	-0.014	-0.024
7409	7 Vul	292.337083	+20.279722	6.33	-0.10	B5Vn	0.001	-0.020
7410		292.725000	-21.312222	6.13	0.12	A2	0.012	-0.017
7411		293.224167	-53.185833	5.75	0.30	FmDel Del	0.029	-0.013
7412		292.543750	+2.904167	6.09	1.82	K5Ib	-0.005	0.000
7413		291.610417	+62.557222	6.38	1.39	K5III	0.034	0.043
7414	36 Aql	292.665833	-2.788889	5.03	1.75	M1III	0.023	-0.010
7415		292.637917	+3.444444	6.05	0.01	A0eShell	0.010	0.005
7416		293.340000	-45.271944	5.61	-0.04	ApCrEuSr	-0.012	-0.031
7417	6Bet1Cyg	292.680417	+27.959722	3.08	1.13	K3II+B9.5V	0.002	-0.002
7418	6Bet2Cyg	292.688750	+27.965278	5.11	-0.10	B8Ve	-0.009	0.000
7419		292.695417	+36.228611	6.25	-0.04	B9.5III	0.006	-0.011
7420	10Iot2Cyg	292.426250	+51.729722	3.79	0.14	A5Vn	0.020	0.130
7421		292.840833	+26.617222	5.87	0.93	K0III-IV	0.032	0.027
7422		293.535417	-40.034722	5.89	0.09	A3III	0.005	-0.005
7423		290.417500	+79.602778	6.05	0.07	A3V	0.013	-0.034
7424	Iot Tel	293.804167	-48.099167	4.90	1.09	K0III	-0.009	-0.038
7425		288.782500	+83.462778	6.53	0.10	A3V	0.008	0.012
7426	8 Cyg	292.942917	+34.453056	4.74	-0.14	B3IV	0.001	-0.003
7427		292.830417	+50.306667	5.53	1.25	gK1	-0.029	0.048
7428		292.806667	+55.731944	6.37	1.16	K2II-IIIe+A0V	-0.002	-0.011
7429	38Mu Aql	293.522500	+7.378889	4.45	1.17	K3-IIIbCN0.5	0.216	-0.157
7430	37 Aql	293.780417	-10.560278	5.12	1.13	G9IIIa	0.009	0.003
7431	51 Sgr	294.007083	-24.719167	5.65	0.19	A7m	0.012	-0.023
7432		293.874167	-7.460278	6.34	1.12	K0	0.030	-0.039
7433		293.890000	-12.252778	6.27	1.09	K0	0.015	-0.006
7434		294.607917	-57.983333	6.18	0.97	K0III	0.026	-0.065
7435		294.967083	-66.685556	6.39	0.02	A1V	0.032	-0.043
7436		293.401667	+38.762222	6.61	0.03	A3Vn	0.005	0.028
7437	9 Vul	293.645417	+19.773333	5.00	-0.09	B8IIIn	0.008	0.002
7438		293.855000	+2.913333	6.38	0.41	F6IV	0.019	0.045
7439		294.108750	-18.852778	6.11	0.27	F0III	0.031	-0.003
7440	52 Sgr	294.176667	-24.883611	4.60	-0.07	B9	0.069	-0.021
7441	9 Cyg	293.712083	+29.463056	5.38	0.55	F8III+A0V	0.015	0.024
7442		293.423333	+49.262500	5.96	1.64	M4.5IIIaS	0.005	-0.003
7443		294.263750	-18.231111	5.64	1.26	K3III	0.013	-0.009
7444		293.671667	+42.412778	5.35	0.05	A2V	-0.004	-0.022
7445		294.033333	+11.150000	6.68		A3V	-0.004	-0.010
7446	39Kap Aql	294.222917	-7.027500	4.95	0.00	B0.5III	0.003	-0.004
7447	41Iot Aql	294.180417	-1.286389	4.36	-0.08	B5III	0.004	-0.018
7448		293.292083	+60.158611	6.29	1.57	K4III	0.005	0.006
7449		294.065833	+14.391667	6.38	1.04	K0II-III	0.034	-0.023
7450		292.750833	+70.989444	6.07	1.41	K2	-0.016	0.037
7451		293.582500	+51.236667	5.73	0.48	F7V	0.032	-0.190
7452		294.034583	+22.585833	6.32	-0.07	B9pSi:Cr:	0.001	-0.010
7453		293.666250	+48.164722	6.67	0.24	A9V	-0.015	-0.073
7454		294.393333	-14.301667	5.47	0.50	F5V	-0.105	-0.142
7455		295.406250	-65.854167	6.09	1.55	M0III	0.027	-0.065
7456		294.218750	+11.273333	5.98	0.88	G0Ib	0.018	0.005
7457	11 Cyg	293.951250	+36.944444	6.05	-0.11	B8Vne	0.008	-0.002
7458		294.157083	+20.332778	7.14	1.32	F2-F8Iab	-0.003	-0.011
7459		295.076250	-54.417500	6.26	1.00	K0III	0.038	-0.009
7460	42 Aql	294.447083	-4.647500	5.46	0.43	F3IV	0.107	-0.051
7461		294.925000	-45.278056	6.25	0.28	F2IV	-0.001	0.020
7462	61Sig Dra	293.090000	+69.661111	4.68	0.79	K0V	0.600	-1.738
7463	4Eps Sge	294.322500	+16.462778	5.66	1.02	G8III	0.020	0.015
7464		294.982083	-39.433333	6.61	0.23	A2m	0.062	-0.061
7465		293.982917	+50.238611	6.52	1.06	G9III	-0.005	0.038
7466		294.289167	+29.333611	6.43	-0.09	B5V	-0.016	-0.001
7467		294.235833	+38.383889	6.50	-0.15	B5II-III	0.000	0.000
7468		294.157917	+44.695000	5.17	0.93	G9IIIbFe-0.5	-0.101	-0.102
7469	13The Cyg	294.110417	+50.221111	4.48	0.38	F4V	-0.017	0.257
7470	53 Sgr	294.955833	-23.427778	6.34	0.03	B9.5V+A3IV	0.001	-0.032
7471		294.704167	+3.381667	6.35	0.04	B3III	0.004	0.000
7472		294.572917	+20.782778	6.48	1.08	K0III	-0.055	-0.048
7473		295.029583	-23.428611	5.97	1.04	gK1	0.026	0.002
7474	44Sig Aql	294.798333	+5.397778	5.17	0.03	B3V+B3V	0.001	-0.001
7475		294.855833	+16.571389	6.38	2.07	K4Ib	0.011	0.003
7476	54 Sgr	295.180833	-16.293333	6.20	1.13	K2III+F8V	0.071	-0.048
7477		294.486250	+49.284444	6.47	0.99	G6V	0.036	0.144
7478	12Phi Cyg	294.844167	+30.153333	4.69	0.97	G8III-IV	0.004	0.037
7479	5Alp Sge	295.024167	+18.013889	4.37	0.78	G1II	0.014	-0.021
7480	45 Aql	295.180417	-0.621111	5.67	0.11	A3IV	0.017	0.017
7481		294.937500	+33.979167	6.10	0.08	A3IV	0.007	0.017
7482		295.117917	+20.476667	6.50	0.39	B0.5Iae	-0.002	-0.022
7483	14 Cyg	294.860417	+42.818333	5.40	-0.08	B9III	0.022	0.031
7484		294.671667	+54.973889	5.82	0.44	F6Va	0.035	0.164
7485		295.165417	+23.717500	6.64	0.01	B6IV	0.019	-0.020
7486		295.272917	+13.815556	6.01	-0.08	B5V	-0.002	-0.010
7487		294.893333	+45.958056	6.20	0.90	G8-K0II-III	-0.005	0.046
7488	6Bet Sge	295.262083	+17.476111	4.37	1.05	G8IIIaCN0.5	0.010	-0.032
7489	55 Sgr	295.629583	-16.123889	5.06	0.33	F1III	0.068	-0.009
7490		295.312083	+22.452778	6.36	1.53	K0I	0.025	-0.004
7491		295.906667	-37.538889	6.16	0.01	B8	0.006	-0.019
7492		295.171667	+43.077778	6.16	1.56	M2III	0.012	-0.006
7493	46 Aql	295.553333	+12.193333	6.34	-0.03	B9IIIpHgMn	-0.002	-0.004
7494		299.006250	-81.349722	6.39	1.40	K3-4III	0.009	-0.001
7495		295.209167	+45.525000	5.06	0.40	F5II-III	0.086	0.127
7496		295.889583	-15.470000	5.49	0.46	F5IV	0.154	-0.180
7497	47Chi Aql	295.641667	+11.826667	5.27	0.57	G0:III+A3V	-0.001	-0.007
7498		297.355417	-72.503333	5.41	0.22	A4III	0.000	0.017
7499		295.489583	+40.253889	6.23	0.18	A6V	-0.025	0.026
7500		295.054167	+60.507222	6.51	0.22	A5V	-0.008	-0.005
7501		295.704583	+29.331667	6.49	0.33	F1III	0.061	0.047
7502		295.685833	+32.426667	5.94	0.11	A5III	0.004	0.003
7503	16 Cyg	295.453750	+50.525278	5.96	0.64	G1.5Vb	-0.149	-0.153
7504		295.466667	+50.517500	6.20	0.66	G2.5V	-0.134	-0.162
7505		295.789583	+30.678611	6.05	0.00	A1V	-0.012	0.038
7506	10 Vul	295.928750	+25.771944	5.49	0.93	G8III	0.012	0.019
7507		296.505000	-31.908611	5.52	0.02	B8V	0.005	-0.017
7508		295.982917	+27.135556	6.28	1.10	B7V+G1:III	-0.009	0.004
7509		295.517083	+55.463333	6.48	1.61	M5IIIa	0.013	-0.039
7510	Nu Tel	297.005000	-56.362500	5.35	0.20	A7III-IV	0.088	-0.137
7511	48Psi Aql	296.142083	+13.302778	6.26	-0.03	B9III-IV	-0.007	-0.006
7512		295.964167	+34.162500	6.05	-0.06	B8III	-0.002	0.003
7513		297.472083	-66.812778	6.45	1.48	K4III	-0.012	0.016
7514		295.937500	+41.773056	5.84	1.57	M0IIIab	0.016	0.010
7515	56 Sgr	296.590417	-19.761111	4.86	0.93	K1III	-0.129	-0.089
7516		296.467500	-2.883333	6.48	0.05	B3III	0.005	-0.002
7517	15 Cyg	296.069167	+37.354444	4.89	0.95	G7+III	0.075	0.035
7518		296.202917	+29.264722	6.82	0.64	F2I	0.001	-0.002
7519	49Ups Aql	296.416250	+7.613333	5.91	0.18	A3IV	0.053	0.002
7520		296.159167	+34.413889	6.57		M1III	0.004	-0.009
7521		297.229583	-52.888056	6.25	1.13	K1III	0.009	-0.050
7522		295.810833	+58.016389	6.22	0.56	G0V	0.137	-0.060
7523		296.204167	+40.716667	6.34	1.64	M4-III	-0.064	-0.023
7524		297.755417	-65.605000	6.05	0.30	F2III-IV	0.101	-0.155
7525	50Gam Aql	296.565000	+10.613333	2.72	1.52	K3II	0.018	-0.002
7526		295.915000	+57.042500	6.27	0.88	K2III	0.010	0.020
7527		297.590417	-61.061389	6.21	-0.14	B5V	-0.006	-0.001
7528	18Del Cyg	296.243750	+45.130833	2.87	-0.03	B9.5IV+F1V	0.053	0.047
7529		296.415000	+36.091111	6.43	-0.03	B9.5VpSi	0.004	0.014
7530		296.464167	+35.012778	6.09	1.06	K0II-III+A2V	0.021	-0.004
7531		297.686667	-59.193056	5.42	0.08	A0IV	0.015	0.004
7532		297.012500	-13.703333	6.11	0.20	A6m	0.026	-0.012
7533		296.664583	+25.133889	6.62	0.27	A7IV	0.073	-0.004
7534	17 Cyg	296.606667	+33.727778	4.99	0.47	F7V	0.023	-0.446
7535		296.645833	+32.888611	6.18	1.13	K3III	-0.032	-0.003
7536	7Del Sge	296.847083	+18.534167	3.82	1.41	M2II+A0V	0.007	0.008
7537		297.557500	-47.557222	5.94	1.70	M1III	-0.017	-0.008
7538		297.298333	-28.788889	6.05	0.40	F2V	0.126	-0.096
7540		296.952500	+25.383889	5.95	0.99	K0II-III	0.082	-0.026
7541		297.259167	-10.870833	6.04	1.24	K5III	0.036	-0.020
7542		297.126667	+10.694167	6.44	0.96	F8Ib-II	-0.007	-0.001
7543		296.865833	+38.407500	5.77	-0.06	B8Vn	0.015	-0.003
7544	52Pi Aql	297.175417	+11.815833	5.72		G2III:+A1V:	0.018	-0.004
7545		296.077083	+69.336944	5.92	0.05	A2III	0.016	-0.023
7546	8Zet Sge	297.244583	+19.142222	5.00	0.10	A3V	0.021	0.030
7547		296.861667	+47.907778	6.12	1.64	M2III	-0.026	-0.031
7548		298.156667	-54.971111	5.74	0.92	G8-K0III	0.008	-0.002
7549		298.162500	-54.976667	6.50	0.10	A2V	0.008	-0.003
7550		297.182917	+35.311389	6.53	0.44	F4V	0.085	0.062
7551		297.210833	+33.437222	6.44	0.20	B0.5Ib	0.007	-0.002
7552		297.960833	-39.874444	5.33	-0.06	A0pCrSr:	0.023	-0.015
7553	51 Aql	297.695000	-10.763611	5.39	0.38	F0V	-0.030	0.033
7554		297.572917	+7.902500	6.51	-0.10	B2.5IVe	0.005	0.001
7555		297.364583	+38.710000	6.11	0.90	G5-8III	0.006	-0.010
7556		297.477500	+28.440556	6.38	-0.06	B5V	-0.021	0.027
7557	53Alp Aql	297.695833	+8.868333	0.77	0.22	A7V	0.538	0.386
7558		298.668333	-61.170833	6.24	0.16	A4V	-0.008	0.011
7559		297.796250	-2.460833	6.13	1.57	K5III	-0.007	-0.035
7560	54Omi Aql	297.756667	+10.415556	5.11	0.55	F8V	0.242	-0.139
7561	57 Sgr	298.050000	-19.045000	5.92	0.98	G5III	0.002	-0.058
7562		297.823750	+9.630278	6.25	0.10	A1m	-0.001	-0.012
7563		296.686250	+68.438333	6.34	0.28	F0III	0.005	0.011
7564	Chi Cyg	297.641250	+32.914167	4.23	1.82	S6+/1e	-0.027	-0.040
7565	12 Vul	297.767083	+22.610000	4.95	-0.14	B2.5Ve	0.028	-0.017
7566	19 Cyg	297.641667	+38.722500	5.12	1.69	M2IIIa	0.011	0.107
7567		297.655417	+40.599722	5.69	-0.04	B1III+B3V	0.001	-0.004
7568		297.695833	+37.826389	6.06	1.70	M4IIb	0.024	0.007
7569		298.014583	+11.628889	6.13	0.65	G0V	-0.335	-0.320
7570	55Eta Aql	298.118333	+1.005556	3.90	0.89	F6Ib	0.011	-0.007
7571		298.276667	-14.603056	6.48	0.14	A0V+F8IV	-0.004	-0.042
7572		298.065000	+10.351389	6.54	-0.01	B7V	0.004	-0.015
7573		298.006667	+24.992222	5.57	0.71	A1Ia	0.003	-0.005
7574	9 Sge	298.090833	+18.671944	6.23	0.01	O7.5Iaf	-0.002	-0.003
7575		298.327917	-3.114444	5.65	0.20	A5p	0.024	0.015
7576	20 Cyg	297.657083	+52.988056	5.03	1.28	K3IIICN1	-0.008	-0.068
7577		297.830833	+47.377222	6.20	0.36	F2V	0.018	0.019
7578		298.573750	-23.941111	6.18	1.02	K2V	-0.131	-0.414
7579		299.672083	-69.163889	5.75	0.23	Am	0.063	-0.099
7580		298.344167	+4.400556	6.53	0.02	B9.5Vn	0.016	0.004
7581	Iot Sgr	298.815417	-41.868333	4.13	1.08	K0II-III	0.017	0.056
7582	63Eps Dra	297.043333	+70.267778	3.83	0.89	G7IIIbCN-2	0.082	0.037
7583		298.067917	+36.432222	6.10	1.43	K4III	0.002	0.000
7584	56 Aql	298.534167	-8.574167	5.79	1.64	gK5	0.005	-0.018
7585		298.771250	-33.046389	6.46	1.48	K2/3III	-0.012	-0.002
7586		299.240417	-57.925556	6.53	1.53	K4II	-0.009	-0.036
7587		299.275833	-58.901389	5.26	-0.01	B9.5IV	0.015	-0.021
7588		299.720833	-68.762222	6.39	0.16	A0V+F5IV	0.034	-0.067
7589		297.996250	+47.027500	5.62	-0.07	O9.5Ia	-0.003	0.000
7590	Eps Pav	300.147917	-72.910556	3.96	-0.03	A0V	0.074	-0.132
7591		298.030000	+47.931944	5.91	-0.18	B2III	-0.005	-0.007
7592	13 Vul	298.365417	+24.079722	4.58	-0.06	B9.5III	0.027	0.038
7593	57 Aql	298.656667	-8.227222	5.71	-0.08	B7Vn	0.010	-0.025
7594	57 Aql	298.658750	-8.237222	6.49	-0.04	B8V	0.021	-0.027
7595	59Xi Aql	298.562083	+8.461389	4.71	1.05	G9+IIIb	0.101	-0.081
7596	58 Aql	298.686667	+0.273611	5.61	0.10	A0III	0.042	-0.012
7597	58Ome Sgr	298.960000	-26.299444	4.70	0.75	G5V	0.207	0.083
7598		298.667917	+7.140278	6.15	0.03	A2V	0.034	-0.003
7599		298.831667	-6.734167	6.51	0.39	F2V	0.036	-0.046
7600		298.255000	+47.807500	6.29	-0.11	B0.5IIIn	-0.009	-0.009
7601		298.629583	+24.319444	5.52	-0.02	A0III	0.026	0.000
7602	60Bet Aql	298.828333	+6.406667	3.71	0.86	G8IV	0.048	-0.482
7603	Mu 1Pav	300.095833	-66.949444	5.76	1.04	K0III	-0.020	-0.197
7604	59 Sgr	299.236667	-27.170000	4.52	1.46	K2.5IIb	0.008	-0.013
7605		299.422083	-38.058333	6.55	0.39	F4V	0.089	-0.083
7606		298.701250	+36.996111	5.76	0.75	G1Ib-IICH1Fe-1Ca-1	0.014	0.021
7607		298.777083	+30.195278	6.57	-0.08	B6V+A5V	0.011	0.017
7608	23 Cyg	298.322500	+57.523611	5.14	-0.13	B5V	0.009	0.013
7609	10 Sge	299.005417	+16.634722	5.36	0.67	G5Ib	0.004	-0.004
7610	61Phi Aql	299.059583	+11.423889	5.28	-0.01	A1IV	0.034	0.009
7611		298.397500	+59.708889	6.06	0.02	A3V	0.043	0.061
7612	Mu 2Pav	300.468333	-66.944167	5.31	1.22	K2IVCNII	0.030	-0.073
7613	22 Cyg	298.965417	+38.486667	4.94	-0.08	B5IV	0.000	0.002
7614	61 Sgr	299.487500	-15.491389	5.02	0.05	A3IV	0.017	-0.101
7615	21Eta Cyg	299.076667	+35.083333	3.89	1.02	K0III	-0.032	-0.027
7616		299.250833	+20.998056	6.48	0.07	A2IV	-0.024	-0.023
7617		299.735000	-30.538056	6.28	1.05	K1III	0.090	-0.053
7618	60 Sgr	299.738333	-26.195556	4.83	0.90	G6IIIBa0.2	0.035	0.033
7619	24Psi Cyg	298.907500	+52.438889	4.92	0.12	A4Vn	-0.037	-0.030
7620		299.184167	+36.250833	6.02	-0.15	B5IV	0.004	0.005
7621		300.105417	-49.351111	6.17	1.06	K0III	-0.082	-0.006
7622	11 Sge	299.439167	+16.789167	5.53	-0.05	B9III	0.012	0.016
7623	The1Sgr	299.934167	-35.276389	4.37	-0.15	B3IV	0.006	-0.026
7624	The2Sgr	299.963750	-34.697778	5.30	0.17	A4/5IV	0.100	-0.075
7625		300.436250	-59.376111	5.13	1.53	M6III	0.017	-0.033
7626		298.842083	+58.250278	6.09	1.02	G9III	0.021	-0.071
7627		300.110417	-43.043333	6.14	1.64	M0II-III	0.023	0.013
7628		299.307917	+40.368056	5.45	-0.10	B5V	0.008	0.007
7629		300.066250	-37.702222	5.95	1.00	G8III	0.018	-0.020
7630		300.201250	-45.113056	5.81	0.28	A8III	0.000	0.002
7631		300.084583	-33.703889	5.66	0.49	F7V	0.136	-0.306
7632		299.187917	+50.902500	6.43	-0.01	A1V	0.005	0.008
7633		298.980833	+58.846111	4.96	1.59	K5II-III	-0.009	-0.019
7634		299.079167	+56.686944	6.12		A4Vn	0.022	0.016
7635	12Gam Sge	299.689167	+19.492222	3.47	1.57	M0-III	0.066	0.024
7636		299.844583	+1.377778	6.17	1.13	G8III	0.026	0.065
7637		299.947500	-9.958333	5.88	0.58	F8V	-0.269	-0.400
7638		299.484167	+42.260833	6.43		A3V	0.001	-0.003
7639		300.360000	-40.814167	6.29	0.11	A2-3V	-0.015	-0.038
7640		299.658333	+30.983611	5.49	-0.06	B9Vn	0.041	0.003
7641	14 Vul	299.793750	+23.101389	5.67		F0	-0.071	0.006
7642		299.643333	+38.105556	6.32	-0.09	B5IV	0.009	-0.004
7643		300.349583	-22.737222	6.01	0.97	G7V	0.010	-0.014
7644		301.386667	-67.320833	6.07	0.64	G3V	0.844	-0.672
7645	13 Sge	300.013750	+17.516667	5.37	1.67	M4IIIa	0.004	-0.011
7646		299.835417	+45.772222	5.92	0.16	A5III	0.020	-0.021
7647	25 Cyg	299.980000	+37.042778	5.19	-0.17	B3IVe	0.006	0.001
7648		300.245417	+8.558056	5.91	1.52	K5III	0.008	-0.009
7649	63 Sgr	300.494167	-13.636944	5.71	0.08	A3V	0.038	0.018
7650	62 Sgr	300.664583	-27.709722	4.58	1.65	M4III	0.036	0.017
7651		299.814167	+52.055833	6.15	-0.19	B5III	0.015	0.006
7652		300.889583	-37.940833	4.77	1.41	K5III	0.059	-0.092
7653	15 Vul	300.275417	+27.753611	4.64	0.18	A4III	0.059	0.005
7654		299.619583	+63.534167	5.96	0.09	A3V	-0.005	-0.026
7655		300.313750	+37.098889	6.20	1.31	K0III	0.044	0.051
7656		300.436250	+24.800278	5.88	-0.12	B4V	0.005	-0.003
7657	16 Vul	300.505833	+24.938056	5.22	0.36	F2III	0.088	0.070
7658		300.934583	-22.595556	6.45	0.50	F6V	-0.042	0.020
7659		301.081667	-32.056389	4.99	1.21	K1III	0.047	-0.015
7660	26 Cyg	300.340000	+50.104722	5.05	1.11	K1II-III	0.019	0.004
7661		301.005000	-7.469722	6.72	0.35	F4III	0.015	-0.048
7662		300.818333	+18.500556	5.96	1.42	K3II-III+G8IV	0.015	-0.031
7663		302.085417	-66.354722	6.45	1.58	K5III	-0.010	-0.005
7664		300.875000	+16.031389	5.67	-0.10	B9pHgMn	0.003	-0.005
7665	Del Pav	302.181667	-66.181944	3.56	0.76	G6-8IV	1.207	-1.131
7666		299.674583	+70.366944	6.33	0.88	G8III	0.045	0.060
7667	62 Aql	301.096667	-0.709444	5.68	1.30	K4III	0.003	-0.118
7668		301.383750	-33.000000	6.53	-0.08	B8	0.018	-0.018
7669	63Tau Aql	301.034583	+7.278056	5.52	1.06	gK0	0.016	0.011
7670		300.905833	+29.896667	5.71	0.73	G6IV+M6V	0.683	-0.526
7671		301.272500	-11.599444	6.34	0.52	F1III	-0.001	-0.012
7672	15 Sge	301.025833	+17.070000	5.80	0.61	G1V	-0.395	-0.414
7673	Xi Tel	301.846667	-52.880833	4.94	1.62	M1IIab	-0.014	0.008
7674		301.896250	-55.016389	6.26	0.53	F8V	0.016	0.023
7675	65 Sgr	301.360000	-12.665278	6.55	0.04	A1Vn	0.009	-0.049
7676	64 Dra	300.368750	+64.821111	5.27	1.56	M1III-IIIb	0.007	-0.012
7677		301.244167	+23.210278	6.45		A5Vn	0.006	-0.002
7678		301.150417	+32.218611	5.64	0.54	B1.5Ia	-0.011	-0.012
7679	16Eta Sge	301.289583	+19.991111	5.10	1.06	K2III	0.030	0.078
7680		301.360417	+15.500278	6.34	1.64	M2.5III	0.033	0.020
7681		301.550833	-4.078333	6.47	1.16	K0	0.045	-0.045
7682	65 Dra	300.584583	+64.634444	6.57		gG7	0.046	0.010
7683		301.290833	+38.478333	6.19	0.64	G5IV	0.259	0.109
7684		301.120000	+48.229722	6.16	0.04	A2IV	0.011	0.004
7685	67Rho Dra	300.704583	+67.873611	4.51	1.32	K3III	0.016	0.046
7686	69 Dra	299.902500	+76.481389	6.20	1.61	M3III	-0.029	-0.055
7687		301.277917	+51.839444	6.14	1.60	M1IIIa	0.029	0.034
7688	17 Vul	301.722500	+23.614444	5.07	-0.18	B3V	0.015	0.003
7689	27 Cyg	301.590833	+35.972500	5.36	0.85	K0IV	-0.224	-0.438
7690	64 Aql	302.007500	-0.678333	5.99	1.02	K1IV	0.116	-0.070
7691		302.780000	-57.523889	6.37	0.06	B7V+A3V	-0.002	-0.025
7692		301.339583	+56.341389	6.21	0.43	F4V	-0.004	0.080
7693		301.959583	+9.399722	6.43	0.46	F3V	0.047	0.022
7694		302.130417	-10.062778	6.18	0.06	B9.5III	0.008	-0.042
7695		301.185833	+63.890556	6.26	0.10	A2II-III	0.007	0.043
7696		302.027083	+16.664167	6.42	1.91	M3III	0.005	-0.002
7697		301.557500	+53.165833	5.85	0.39	F5V	0.212	0.255
7698		306.226667	-83.310556	6.17	0.20	Am	0.011	0.012
7699		301.922500	+34.423056	6.11	0.16	B5Ib	0.002	0.000
7700		302.159583	+10.725833	6.31	-0.12	B3V	0.004	0.001
7701	66 Dra	301.386667	+61.995556	5.39	1.18	K3III	0.121	0.074
7702		301.797917	+50.229167	6.54	0.13	A3V	0.018	-0.020
7703		302.799583	-36.101111	5.32	0.87	K3V	0.458	-1.571
7704		301.222083	+68.027222	6.28	1.65	M3IIIa	-0.017	-0.012
7705	17The Sge	302.485833	+20.915278	6.48	0.38	F5IV	0.054	0.101
7706		303.099583	-42.780556	6.22	1.23	K1III	-0.014	-0.118
7707		303.612083	-63.415833	6.09	0.31	F0IV	-0.037	0.037
7708	28 Cyg	302.356667	+36.839722	4.93	-0.13	B2.5Ve	0.005	0.014
7709		302.792083	-8.842222	6.49	-0.15	B1V	0.006	0.000
7710	65The Aql	302.826250	-0.821389	3.23	-0.07	B9.5III	0.038	0.004
7711	18 Vul	302.639583	+26.904167	5.52	0.08	A3III	0.020	0.013
7712	1Xi 1Cap	302.991250	-12.392500	6.34	1.21	K0III	-0.005	-0.017
7713		302.764583	+21.134722	6.22	0.90	K0	0.017	0.034
7714		303.579167	-52.445556	5.65	1.50	K4III	0.022	-0.045
7715	2Xi 2Cap	303.107917	-12.617500	5.85	0.48	F7V	0.197	-0.193
7716		302.837917	+21.875556	6.26	-0.02	B1Ibe	-0.001	0.007
7717		303.146667	+0.867500	6.27	0.02	B9pCrEu:Sr:	0.010	-0.014
7718	19 Vul	302.950000	+26.808889	5.49	1.41	K3II-III	0.007	-0.010
7719	20 Vul	303.002917	+26.478889	5.92	-0.11	B7Ve	0.008	-0.011
7720	66 Aql	303.307917	-1.009444	5.47	1.43	K5III	0.022	-0.028
7721		303.015833	+47.736944	6.92	-0.12	B7V	0.016	0.004
7722		303.822500	-27.032778	5.73	0.88	K0V	1.244	-0.174
7723		303.419167	+24.238889	6.56	0.29	A1m	0.050	0.031
7724	67Rho Aql	303.569167	+15.197500	4.95	0.08	A2V	0.057	0.057
7725		303.960833	-30.005278	6.30	1.51	K4III	0.037	0.013
7726		303.132500	+51.463611	6.01	1.14	K2.5III	-0.011	-0.014
7727	68 Dra	302.895417	+62.078611	5.75	0.47	F5V	0.123	0.083
7728		304.098750	-36.454444	6.39	1.54	M4III	0.009	-0.042
7729		304.110417	-35.197778	6.53	0.37	F2V	0.009	0.081
7730	30 Cyg	303.325000	+46.815833	4.83	0.09	A5IIIn	0.012	-0.001
7731	21 Vul	303.560417	+28.694722	5.18	0.18	A7IVn	0.014	-0.022
7732		304.762500	-63.231111	6.27	1.04	K0III	-0.015	-0.084
7733		303.428333	+43.379167	6.14	1.50	K4III	0.000	0.006
7734		303.520833	+36.605278	6.45	0.00	A0V	0.024	0.002
7735	31 Cyg	303.407917	+46.741389	3.79	1.28	K2II+B3V	0.004	0.003
7736	29 Cyg	303.633333	+36.806389	4.97	0.14	A2V	0.068	0.070
7737		303.590000	+42.103611	6.71	-0.04	B9IV-V	0.005	-0.021
7738	3 Cap	304.095000	-12.336944	6.32	0.01	B9pHg	0.012	-0.013
7739		303.816250	+25.591944	4.78	-0.18	B3Ve	0.008	-0.006
7740	33 Cyg	303.349583	+56.567778	4.30	0.11	A3IV-Vn	0.063	0.083
7741	22 Vul	303.875833	+23.508611	5.15	1.04	G3Ib-II	0.000	-0.015
7742		303.365417	+60.640556	5.79	1.47	gK5	0.044	0.058
7743		303.848750	+33.729444	5.66	0.91	K0III	-0.040	-0.106
7744	23 Vul	303.942083	+27.814167	4.52	1.26	K3-IIIFe-1	-0.036	0.008
7745		304.733333	-47.710833	6.31	1.67	M1III	0.012	-0.004
7746	18 Sge	304.082083	+21.598611	6.13	1.04	K1III	0.001	-0.024
7747	5Alp1Cap	304.412083	-12.508333	4.24	1.07	G3Ib	0.023	0.001
7748	4 Cap	304.505833	-21.810000	5.87	1.00	K0III	0.035	-0.024
7749		304.824583	-47.580278	6.13	0.46	F5V	0.200	-0.185
7750	1Kap Cep	302.222083	+77.711389	4.39	-0.05	B9III	0.011	0.024
7751	32 Cyg	303.867917	+47.714444	3.98	1.52	K3Ib+B3V	0.001	0.008
7752		304.014167	+38.897778	6.27	0.01	A1V	-0.001	-0.037
7753	24 Vul	304.196250	+24.671111	5.32	0.95	G8III	0.016	-0.018
7754	6Alp2Cap	304.513750	-12.544722	3.57	0.94	G8IIIb	0.064	0.004
7755		303.930833	+50.232778	6.31		A2Vn	0.024	0.010
7756		304.002500	+45.579444	5.91	0.38	F5V:	0.008	-0.052
7757		304.117500	+37.056389	6.48	-0.09	B6III	0.013	0.001
7758		305.134583	-55.050833	6.27	1.59	M0-1III	0.009	-0.033
7759		304.230417	+40.365000	5.24	1.65	K3.5IIab-IIb	0.004	-0.003
7760		304.381250	+29.148056	6.22	1.01	G9III	-0.011	0.032
7761	7Sig Cap	304.848333	-19.118611	5.28	1.40	K3II	0.009	-0.009
7762		304.371250	+42.721944	6.29	1.64	K4II:	0.014	0.000
7763	34 Cyg	304.446667	+38.033056	4.81	0.42	B2pe	-0.005	-0.004
7764		305.117083	-29.197222	6.30	0.17	A4/7V	0.028	0.004
7765		305.216250	-35.673611	6.46	1.31	K3-4III	0.039	0.018
7766		305.420833	-49.999444	6.27	0.55	G0V	-0.357	-0.250
7767		304.529167	+40.732222	5.84	0.10	O9V	0.001	-0.003
7768		304.930417	-1.078611	6.06	1.09	K0	0.042	0.033
7769	36 Cyg	304.619167	+37.000000	5.58	0.06	A2V	0.037	0.025
7770	35 Cyg	304.662917	+34.982778	5.17	0.65	F5Ib	0.001	-0.003
7771		304.871667	+13.216944	6.21	1.63	M1III	-0.029	-0.012
7772		305.108750	-6.361667	6.63	1.55	K5	-0.081	-0.090
7773	8Nu Cap	305.165833	-12.759167	4.76	-0.05	B9.5V	0.019	-0.019
7774		305.000833	+13.548056	5.95	0.31	A5-F2m	0.012	-0.004
7775		305.194167	-14.785000	6.10	-0.02	A0III	0.043	0.000
7776	9Bet Cap	305.252917	-14.781389	3.08	0.79	F8V+A0	0.042	0.002
7777		304.706667	+46.322778	6.45	-0.13	B2V	-0.005	0.010
7778		305.085417	+14.569167	6.13	0.91	G8III	-0.001	0.004
7779	Kap1Sgr	305.614583	-42.049722	5.59	0.00	A0V	0.036	-0.090
7780		305.089167	+17.793056	5.80	1.49	gK5	0.020	-0.033
7781		304.603333	+55.397222	5.76	0.11	A2V s	-0.006	-0.023
7782		304.951250	+37.132500	6.57	0.00	A0III	0.010	-0.011
7783		304.380417	+66.853889	5.93	0.58	G3V	0.466	0.300
7784		305.063333	+39.403333	6.23	0.06	A1V	-0.002	-0.022
7785		308.322917	-80.965000	5.77	1.14	G6-8II	-0.004	-0.019
7786		304.983750	+46.837500	6.50	-0.06	B8/9IIIpSi	0.001	0.010
7787	Kap2Sgr	305.971667	-42.422778	5.64	0.20	A5V	0.000	0.022
7788		305.753333	-9.654722	6.30	0.91	G5IIIa	0.024	-0.018
7789	25 Vul	305.514167	+24.446111	5.54	-0.06	B8IIIne	0.000	-0.007
7790	Alp Pav	306.412083	-56.735000	1.94	-0.20	B2IV	0.007	-0.089
7791		305.126667	+53.596111	6.18	1.56	K4III	-0.016	0.014
7792	71 Dra	304.902917	+62.257500	5.72	-0.05	B9V	0.010	0.026
7793		305.717917	+14.551389	6.17	0.51	F8V	0.075	-0.001
7794		305.794583	+5.343056	5.31	0.97	G8III-IV	-0.026	-0.039
7795		305.512500	+41.131389	6.39	1.07	G5III+A	-0.004	-0.031
7796	37Gam Cyg	305.557083	+40.256667	2.20	0.68	F8Ib	0.004	0.000
7797		305.655833	+31.265000	6.09	1.35	K2	0.005	-0.027
7798		305.522500	+45.795000	5.58	1.08	K0III	0.028	0.044
7799		306.449583	-40.796389	6.09	1.36	K3III	-0.102	-0.093
7800		305.688750	+41.026111	5.93	1.60	K7III	0.001	-0.047
7801		306.361667	-28.663333	5.85	1.10	G8II/III	0.014	0.007
7802		305.731250	+42.983333	6.20	0.95	K0III	0.053	0.036
7803		306.156250	+1.068611	6.15	-0.04	B9V	0.003	0.007
7804		305.025000	+68.880278	5.55	1.59	M4.5-5III	0.017	0.025
7805		305.297500	+63.980278	5.69	1.56	K5III	-0.004	0.023
7806	39 Cyg	305.965417	+32.190000	4.43	1.33	K2.5IIIFe-0.5	0.049	-0.005
7807		305.935000	+37.476389	5.90	-0.20	B2Ven	0.004	-0.004
7808		306.720833	-37.403056	6.25	0.97	K2IV-V	-0.242	-0.116
7809		306.427083	-2.800278	6.11	1.19	gK1	-0.007	-0.030
7810		306.433333	+10.056389	6.33	1.56	K5III	0.002	-0.030
7811		306.418750	+21.409722	5.66	0.93	G6III	0.010	-0.011
7812		309.577500	-81.288889	5.91	1.71	K5III	-0.005	-0.030
7813		306.505000	+19.865000	6.41	1.02	K0III	0.029	0.002
7814	10Pi Cap	306.830000	-18.211667	5.25	-0.07	B8II-III	0.015	-0.011
7815		306.135000	+53.551944	6.51	0.01	B9.5III	0.010	0.015
7816		306.596667	+17.315556	6.22	1.01	K0	0.008	-0.006
7817		307.194583	-35.595833	6.10	-0.11	B8II/III	0.008	-0.021
7818		306.271250	+59.600000	6.44	0.09	A2IV s	0.010	-0.007
7819		307.181667	-15.741667	6.41	0.99	K0III	0.010	-0.008
7820		307.031250	+8.437500	6.25	1.08	G9III	0.043	0.017
7821	68 Aql	307.103750	-3.357778	6.13	-0.06	B9V	0.023	-0.015
7822	11Rho Cap	307.215000	-17.813611	4.78	0.38	F2IV	-0.014	-0.021
7823		306.782083	+34.328889	6.39	0.48	F1II	-0.006	-0.003
7824		307.070000	+2.936944	6.21	0.90	G8III	0.049	-0.002
7825		307.380417	-22.391667	6.16	1.55	M1III	0.011	-0.031
7826	40 Cyg	306.892917	+38.440278	5.62	0.06	A3V	-0.023	-0.070
7827		306.597917	+56.638889	6.36	0.00	B9V	0.014	0.010
7828	43 Cyg	306.759583	+49.383333	5.69	0.26	dF0	0.071	0.060
7829	12Omi Cap	307.468750	-18.586667	6.74	0.22	A7V	0.020	-0.089
7830	12Omi Cap	307.474583	-18.583333	5.94	0.08	A3Vn	0.026	-0.082
7831	69 Aql	307.412500	-2.885556	4.91	1.15	K2III	0.073	-0.021
7832		307.736667	-29.112500	6.39	0.21	A5V	0.015	0.003
7833		307.337917	+20.087778	6.55	0.23	A3m	-0.025	-0.002
7834	41 Cyg	307.348750	+30.368611	4.01	0.40	F5II	0.007	0.000
7835	42 Cyg	307.335000	+36.454722	5.88	0.52	A1Ib	0.004	-0.001
7836	1 Del	307.575000	+10.895833	6.08	-0.03	A1eShell	0.021	0.003
7837		307.767917	-15.056389	6.12	0.79	gG5+F	-0.041	-0.056
7838		308.965417	-69.611111	6.11	1.29	K2III	0.029	-0.061
7839		307.742083	+20.605833	6.18	0.15	A1m	0.093	0.045
7840		307.804167	+11.260556	7.11	0.03	B8V	0.000	-0.003
7841		307.499583	+45.928611	6.41	1.13	K2III	0.071	0.154
7842		308.218333	-24.943889	6.36	-0.01	A0	0.010	-0.041
7843		307.362917	+56.068056	5.91	-0.04	B9Vne	0.002	0.005
7844	45Ome1Cyg	307.514583	+48.951667	4.95	-0.09	B2.5IV	0.013	0.008
7845		308.098750	-9.853333	5.65	0.69	G2.5IV	0.308	0.104
7846	Nu Mic	308.479583	-44.516111	5.11	1.01	K0III	0.011	-0.043
7847	44 Cyg	307.746667	+36.935833	6.19	1.01	F5Iab	0.003	-0.004
7848	Phi1Pav	308.895000	-60.581667	4.76	0.28	F1III	0.068	-0.182
7849		307.992500	+25.804444	6.34	0.26	Am	0.032	-0.033
7850	2The Cep	307.395417	+62.994167	4.22	0.20	A7III	0.044	-0.013
7851	46Ome2Cyg	307.828333	+49.220278	5.44	1.55	M2IIIab	0.012	-0.028
7852	2Eps Del	308.303333	+11.303333	4.03	-0.13	B6III	0.013	-0.022
7853		308.731250	-38.089722	6.44	0.26	A8III:	0.018	-0.005
7854		307.837917	+52.309722	6.18	1.01	K0III	0.036	0.068
7855		308.548750	-13.721111	6.13	0.54	F6V	0.069	0.070
7856		308.697500	-30.473611	6.40	-0.08	B8V	0.018	-0.020
7857		308.473333	+10.059722	6.56	0.08	A2Vnn	-0.007	0.007
7858	3Eta Del	308.487500	+13.027222	5.38	0.07	A3IV s	0.072	0.026
7859	Rho Pav	309.397083	-61.530000	4.88	0.43	F5Del Del	0.057	-0.072
7860		307.943750	+56.780000	6.14	1.43	gK5	-0.018	-0.007
7861		308.217917	+43.191667	6.60	-0.11	B4III	0.007	0.001
7862		308.541667	+20.985278	6.48	-0.14	B3IV	0.015	-0.002
7863	Mu 1Oct	310.512083	-76.180556	6.00	0.44	F4III-IV	0.180	-0.006
7864	Mu 2Oct	310.432083	-75.350556	6.55	0.62	G5III	0.141	-0.150
7865		308.884167	-16.525833	6.19	0.20	A7V	0.083	-0.021
7866	47 Cyg	308.475833	+35.250833	4.61	1.60	K2Ib+B3V	0.002	-0.006
7867		308.451667	+41.772222	6.49	1.00	K0III-IV	-0.015	-0.081
7868		307.502917	+72.531667	6.27	1.35	gK4	-0.003	-0.022
7869	Alp Ind	309.391667	-47.291389	3.11	1.00	K0IIICNIII-IV	0.053	0.066
7870		308.478750	+46.693889	5.78	-0.16	B9pSi	0.011	-0.001
7871	4Zet Del	308.827083	+14.674167	4.68	0.11	A3V	0.046	0.013
7872		309.964167	-62.907778	6.22	1.10	K1III	0.012	-0.078
7873	70 Aql	309.181667	-2.550000	4.89	1.60	K5II	0.013	-0.011
7874	26 Vul	309.034583	+25.882500	6.41	0.21	A5III	0.019	0.011
7875	Phi2Pav	310.010833	-60.548889	5.12	0.53	F8V	0.307	-0.570
7876		308.710000	+51.854167	6.11	0.41	A9II	-0.003	-0.005
7877		309.467083	-25.108889	6.36	0.33	F0III	0.064	-0.001
7878		309.326250	+0.096944	6.22	-0.08	B8IIIp	0.000	-0.018
7879	73 Dra	307.876667	+74.954722	5.20	0.07	A0pSrCrEu	0.005	-0.015
7880	27 Vul	309.269583	+26.461944	5.59	-0.07	B9V	0.017	-0.012
7881	Ups Pav	310.487917	-66.760833	5.15	-0.06	B9III	0.009	-0.025
7882	6Bet Del	309.387500	+14.595278	3.63	0.44	F5IV	0.113	-0.033
7883	5Iot Del	309.454583	+11.377778	5.43	0.06	A2V	0.040	-0.007
7884	71 Aql	309.584583	-1.105278	4.32	0.95	G7.5IIIa	0.015	-0.022
7885	48 Cyg	309.382500	+31.572500	6.32	-0.09	B8IIIn	0.010	0.000
7886		309.477500	+18.269167	6.25	1.48	M6III	0.019	0.099
7887		309.385833	+31.521944	6.49	0.34	F0V	-0.045	-0.033
7888		309.348333	+38.328611	6.20	0.99	K0III	0.010	-0.043
7889	14Tau Cap	309.818333	-14.954722	5.22	-0.12	B6III	0.007	-0.022
7890		309.805000	-2.412778	6.22	-0.10	B7IIIne	0.006	0.009
7891	29 Vul	309.630417	+21.201111	4.82	-0.02	A0V	0.071	0.005
7892	8The Del	309.682917	+13.315000	5.72	1.53	K3Ib	-0.001	-0.004
7893		310.082500	-33.431944	5.47	1.12	K1III	0.024	0.036
7894	28 Vul	309.632917	+24.116111	5.04	-0.14	B5IV	0.010	-0.002
7895		309.646250	+23.680556	5.91	0.98	K0II-III+A3V	0.015	-0.007
7896	7Kap Del	309.782500	+10.086111	5.05	0.72	G2IV	0.321	0.023
7897	1 Aqr	309.853750	+0.486389	5.16	1.06	K1III	0.101	-0.015
7898		310.048750	-23.773889	6.37	0.72	G8V	0.491	0.464
7899		309.770833	+15.838056	5.97	-0.14	B3V	0.001	-0.017
7900	15Ups Cap	310.012500	-18.138611	5.10	1.66	M2III	-0.022	-0.021
7901	75 Dra	307.060833	+81.422778	5.46	1.02	G9III	0.033	0.015
7902		310.150000	-26.645000	6.51	0.57	F7V	0.033	-0.017
7903		309.794167	+21.817222	6.08	-0.06	A0III	0.019	0.014
7904		309.747917	+30.334444	5.68	1.09	K2III	-0.032	-0.058
7905		310.135417	-16.124167	5.80	1.00	gG7	-0.067	0.071
7906	9Alp Del	309.909583	+15.911944	3.77	-0.06	B9IV	0.066	-0.002
7907		309.965833	+11.249722	6.42	0.55	F8IV:	0.060	0.088
7908	74 Dra	307.364583	+81.091389	5.96	0.92	K0III+F8V	0.064	0.222
7909		310.348750	-31.598333	5.76	1.53	M0III	0.113	-0.065
7910		310.350417	-26.000000	6.28	1.22	K2III	-0.002	-0.029
7911		309.888750	+40.579444	6.06	-0.16	B6IIIpMn	0.007	0.000
7912		309.846250	+45.666944	6.58	-0.06	B5IV	0.005	0.001
7913	Bet Pav	311.239583	-66.203056	3.42	0.16	A7III	-0.046	0.012
7914		310.188333	+19.935278	6.45	0.63	G5V	0.122	0.304
7915		310.720833	-39.558611	6.29	1.08	K1III	0.024	-0.006
7916		309.750833	+56.005000	6.48		F2Vn	-0.005	-0.035
7917		310.150833	+29.805278	6.08	0.14	A2V	0.008	0.036
7918	10 Del	310.317500	+14.583056	5.99	1.24	gK4	-0.006	0.002
7919		310.012917	+43.458611	5.95	1.19	K2III	-0.070	-0.063
7920	Eta Ind	311.009583	-51.921111	4.51	0.27	A7III-IV-A9	0.158	-0.058
7921	49 Cyg	310.260833	+32.307222	5.51	0.88	G8IIb	0.007	-0.014
7922		310.251667	+39.082222	6.51	-0.12	B6III	0.007	0.000
7923		310.492500	+17.521389	6.22	0.94	G8III	0.022	0.044
7924	50Alp Cyg	310.357917	+45.280278	1.25	0.09	A2Ia	0.003	0.002
7925		310.074583	+60.505278	6.01	0.46	F6IV	0.015	0.190
7926		310.485417	+41.716944	5.67	-0.12	B8II-III	0.006	0.000
7927		310.592500	+35.456111	6.66	-0.16	B2IV-Ve	-0.019	-0.009
7928	11Del Del	310.864583	+15.074444	4.43	0.32	A7IIIpDel Del	-0.019	-0.043
7929	51 Cyg	310.552500	+50.340000	5.39	-0.10	B2V	0.003	0.005
7930		307.262917	+83.625556	6.19	0.13	A3/4Vm	0.025	-0.017
7931		311.305000	-27.247222	6.50	0.94	G8III	0.008	0.006
7932		310.850833	+35.587778	6.47	1.23	F7Ib-G8Ib	-0.010	-0.003
7933		311.583750	-39.199167	5.50	-0.10	B8/9V	0.049	-0.030
7934	Sig Pav	312.325417	-68.776389	5.41	1.12	K0III	-0.069	-0.049
7935		311.577500	-36.120278	6.49	0.39	F3IV	0.044	-0.055
7936	16Psi Cap	311.523750	-25.270833	4.14	0.43	F4V	-0.050	-0.157
7937	17 Cap	311.541667	-21.514167	5.93	0.04	A0	0.024	-0.021
7938		310.665417	+60.601389	6.15	0.01	A2IV	-0.003	-0.014
7939	30 Vul	311.218750	+25.270556	4.91	1.18	K2III	-0.028	-0.182
7940		310.806250	+57.114167	6.32	0.33	B2III	-0.013	0.003
7941		311.367500	+18.090278	6.38	1.68	M5II-III	0.002	0.005
7942	52 Cyg	311.415417	+30.719722	4.22	1.05	G9.5III	-0.010	0.028
7943	Iot Mic	312.121667	-43.988611	5.11	0.35	F1IV	0.185	-0.106
7944		311.091667	+56.488056	5.78	1.67	M3III	0.006	-0.015
7945	4 Cep	310.795833	+66.657500	5.58	0.22	A8V	0.021	0.032
7946		311.765000	-2.486667	6.27	1.55	K2	-0.016	-0.016
7947	12Gam1Del	311.661250	+16.124444	5.14	0.49	F7V	-0.030	-0.191
7948	12Gam2Del	311.664583	+16.124167	4.27	1.04	K1IV	-0.032	-0.197
7949	53Eps Cyg	311.552917	+33.970278	2.46	1.03	K0-III	0.356	0.328
7950	2Eps Aqr	311.919167	-9.495833	3.77	0.00	A1V	0.035	-0.034
7951	3 Aqr	311.934167	-5.027778	4.42	1.65	M3III	0.003	-0.040
7952	Zet Ind	312.370833	-46.226944	4.89	1.52	K5III	0.040	0.024
7953	13 Del	311.951250	+6.008333	5.58	-0.02	A0V	0.010	-0.006
7954		311.949167	+3.306667	6.40	-0.02	A0Vn	0.031	0.021
7955		311.337917	+57.579722	4.51	0.54	F8IV-V	-0.064	-0.236
7956		311.795000	+34.374167	4.92	1.32	K3III	0.047	0.004
7957	3Eta Cep	311.322500	+61.838889	3.43	0.92	K0IV	0.087	0.818
7958		311.660417	+46.531667	6.30	0.03	A3V	-0.024	-0.013
7959		312.909583	-62.429167	6.28	0.15	A2-3IV-V	0.076	-0.047
7960		312.911667	-62.429167	6.59	0.17	A2-3IV-V	0.078	-0.043
7961		312.323333	-25.781389	5.86	-0.07	B7IIIp	0.015	-0.021
7962		311.588333	+52.995278	6.33	1.12	K0	-0.081	-0.103
7963	54Lam Cyg	311.852083	+36.490833	4.53	-0.11	B5Ve	0.009	-0.005
7964		312.335417	-18.035833	6.21	1.42	K3III	0.002	-0.030
7965	Alp Mic	312.492083	-33.779722	4.90	1.00	G7III	0.010	-0.025
7966		311.836667	+45.579722	6.40	1.61	K3III	0.005	-0.025
7967		311.137917	+69.751944	6.41		G8III	-0.026	-0.027
7968	Iot Ind	312.875417	-51.608333	5.05	1.13	K1II-III	0.007	-0.014
7969		311.955417	+47.831944	5.57	1.46	K5III	-0.006	-0.015
7970		312.696250	-32.054444	6.36	1.54	K5III	-0.016	-0.061
7971		312.752917	-37.913333	5.52	1.38	K3II	-0.011	-0.022
7972		311.970000	+52.407222	6.27	0.89	G7IV	0.068	-0.158
7973	15 Del	312.407500	+12.545278	5.98	0.43	F5V	0.057	0.098
7974	14 Del	312.451250	+7.864167	6.33	0.02	A1V s	0.032	0.011
7975		312.496250	+5.544722	6.21	0.98	K0	0.040	0.006
7976		312.674167	-12.545000	5.88	1.07	gK1	0.126	-0.070
7977	55 Cyg	312.234583	+46.114167	4.84	0.41	B3Ia	0.004	0.000
7978		312.177917	+51.910556	6.29	-0.07	B8Vnp	0.006	0.007
7979	Bet Mic	312.995000	-33.177222	6.04	0.03	A2Vn	0.015	0.014
7980	18Ome Cap	312.955417	-26.919167	4.11	1.64	M0-III-IIIbBa0.2	-0.006	-0.001
7981		312.654167	+18.051389	6.52	0.04	A1V s	0.076	0.016
7982	4 Aqr	312.857083	-5.626389	5.99	0.46	F5V+F7V	0.099	-0.001
7983		312.477917	+46.661111	6.33	-0.07	B4Ve	0.008	0.000
7984	56 Cyg	312.520417	+44.059444	5.04	0.20	A4mDel Del	0.126	0.133
7985	5 Aqr	313.036250	-5.506944	5.55	-0.08	B9III	0.002	0.000
7986	Bet Ind	313.702500	-58.454167	3.65	1.25	K1II	0.017	-0.026
7987		313.417500	-39.810000	5.35	1.32	K2III	0.044	-0.102
7988		312.867500	+28.250556	5.77	0.72	F5Ib	0.003	-0.003
7989		313.255000	-23.783056	6.33	0.88	K0III	0.099	-0.053
7990	6Mu Aqr	313.163333	-8.983333	4.73	0.32	A3m	0.044	-0.030
7991		313.354167	-30.718611	6.35	1.09	K1III	0.036	-0.008
7992		313.645833	-50.727778	6.24	-0.12	B5IV	0.002	-0.036
7993		312.322500	+64.042222	6.45	0.07	B0.5V	-0.006	-0.004
7994		313.273333	-11.573611	6.38	0.67	G1V	0.050	0.046
7995	31 Vul	313.032083	+27.096944	4.59	0.83	G7IIIFe-1	-0.067	-0.065
7996		313.001250	+32.849167	6.44	-0.15	B3III	-0.009	0.006
7997		313.528333	-27.925556	6.41	1.60	M4III	0.027	-0.025
7998		313.493333	-6.889722	6.44	0.37	F1IV	0.033	-0.027
7999		313.280833	+29.649444	6.34	1.09	K2	-0.001	-0.047
8000	19 Cap	313.699583	-17.923056	5.78	1.12	K0III	-0.051	-0.020
8001	57 Cyg	313.311667	+44.387222	4.78	-0.14	B5V	0.010	0.001
8002	76 Dra	310.646667	+82.531111	5.75	0.00	A0V	0.029	0.023
8003		313.327500	+45.181944	5.45	1.10	K0II	0.014	0.003
8004		313.360000	+42.410278	6.66	-0.04	A1V	0.011	0.002
8005		313.474583	+33.437778	5.47	1.52	gK5	-0.021	0.038
8006		313.783750	-1.373333	6.55	0.29	A9Vn	-0.002	0.020
8007		313.593333	+28.521944	6.56	-0.13	B2IIIe	0.007	-0.010
8008	32 Vul	313.640000	+28.057500	5.01	1.48	K4III	0.000	-0.002
8009		313.592917	+40.703056	6.70	-0.07	B8Vnne	0.010	0.003
8010		313.919583	+4.532778	6.05	0.82	G6III-IV	0.070	0.010
8011	17 Del	313.902917	+13.721389	5.17	1.12	K0III	0.021	-0.014
8012	16 Del	313.910833	+12.568611	5.58	0.12	A4V	0.040	0.018
8013		314.197083	-26.296389	5.70	0.50	F7V	0.093	-0.065
8014		314.076250	-3.561389	6.57	-0.10	B8Vn	0.027	0.018
8015	7 Aqr	314.225000	-9.697500	5.51	1.47	gK5	-0.003	-0.010
8016		311.889167	+80.552222	5.39	1.12	K1III	-0.031	-0.037
8017		314.294167	+0.463611	6.05	1.22	K2III	0.018	-0.065
8018		314.419167	-16.031667	5.87	0.18	A2m	0.053	0.001
8019		315.367083	-68.209722	6.37	0.10	A2V	-0.010	-0.002
8020		313.957500	+47.417778	5.67	0.47	B8Ia	-0.003	-0.002
8021	Alp Oct	316.179167	-77.023889	5.15	0.49	A7III+G2III	0.006	-0.369
8022		314.053750	+51.075000	6.63	-0.10	B5V	0.017	0.004
8023		314.144583	+44.925000	5.96	0.05	O6V((f))	-0.005	0.008
8024		314.674583	-14.482778	6.01	0.23	F0IV	-0.042	-0.002
8025		314.106250	+50.728611	5.81	0.30	F0III	0.041	-0.015
8026		314.107917	+49.195833	5.90	1.04	G8II-III	0.009	0.007
8027		315.089583	-51.265278	5.76	0.47	F5IV-V	-0.084	0.130
8028	58Nu Cyg	314.293333	+41.167222	3.94	0.02	A1Vn	0.012	-0.016
8029		314.070833	+56.887500	6.23	-0.18	B2.5IV	0.004	0.002
8030	18 Del	314.607917	+10.839167	5.48	0.93	gG6	-0.051	-0.036
8031		314.998750	-36.129722	6.11	0.39	F5V	0.106	-0.061
8032	33 Vul	314.568333	+22.325833	5.31	1.40	K3.5III	-0.003	-0.003
8033	20 Cap	314.900417	-19.035278	6.25	-0.13	B9pSi	0.011	-0.013
8034	1Eps Equ	314.768333	+4.293611	5.23	0.46	F6IV	-0.109	-0.148
8035		314.581250	+44.471667	5.55	0.97	K0IIIbFe-0.5	0.106	0.072
8036		314.628333	+41.940278	6.16	-0.08	B7III	-0.001	0.013
8037		314.961667	+16.824167	6.66	0.38	F4III	0.041	-0.014
8038		315.016250	+7.516389	5.99	0.26	F1Vp	0.029	0.020
8039	Gam Mic	315.322917	-32.257778	4.67	0.89	G6III	-0.002	0.005
8040		314.625417	+50.462222	5.61	-0.15	B5Vn	0.013	0.010
8041	11 Aqr	315.140833	-4.730278	6.21	0.63	G1V	0.051	-0.137
8042		315.552500	-43.001944	6.64	0.68	G3IV+K0IV	0.060	-0.103
8043		313.684583	+75.925556	6.05	0.93	G5III	0.029	0.043
8044		315.115417	+19.329444	5.65	1.61	M3IIIab	-0.016	-0.063
8045		315.438750	-26.881111	6.05	0.06	A7V:m:	0.015	-0.023
8046		315.613333	-38.530556	5.94	1.11	K0IV	0.163	-0.158
8047	59 Cyg	314.956667	+47.521111	4.74	-0.05	B1ne	0.006	0.002
8048	Zet Mic	315.741667	-38.631667	5.30	0.41	F3V	-0.028	-0.111
8049		314.855833	+59.438611	5.51	1.40	gK4	0.044	0.015
8050		315.792500	-27.731944	6.25	0.95	K0III	0.035	-0.044
8051		315.303750	+36.026111	5.97	0.98	G5III	-0.005	-0.005
8052		317.199583	-76.212500	6.58	1.23	K1III	-0.027	-0.022
8053	60 Cyg	315.295417	+46.155833	5.37	-0.21	B1Ve	0.006	0.008
8054		315.748333	-0.924722	6.50	-0.10	B6V	0.007	-0.002
8055	Mu Ind	316.309167	-54.727222	5.16	1.21	K2III	0.010	-0.046
8056		315.762500	+1.531944	6.25	0.48	F5V	-0.116	-0.053
8057		315.757500	+14.730000	6.31	1.67	M1III	0.021	0.005
8058	12 Aqr	316.019167	-5.823333	7.31		A3V	0.003	0.012
8059	12 Aqr	316.019583	-5.823056	5.89	0.68	G4III	0.018	-0.009
8060	22Eta Cap	316.101250	-19.855000	4.84	0.17	A5V	-0.034	-0.037
8061		317.342917	-73.173056	5.68	0.59	F8-G0V	0.432	-0.331
8062		315.600417	+44.791111	6.19	1.69	S4/1III	-0.014	0.003
8063		315.770000	+38.657500	6.07	1.01	G8III	0.016	-0.008
8064		315.702083	+45.848889	6.48	-0.15	B3Vn	-0.005	-0.001
8065		315.537917	+56.669722	5.83	-0.07	B8III	0.016	0.004
8066	3 Equ	316.144583	+5.502778	5.61	1.65	K5III	0.017	-0.002
8067		316.173750	+2.941944	6.42	1.05	K0	0.013	0.001
8068		316.189167	+2.269722	6.33	0.97	G5	0.098	-0.065
8069	Eta Mic	316.606250	-41.386111	5.53	1.35	K3III	0.026	-0.016
8070	Del Mic	316.505000	-30.125000	5.68	1.03	K0/1III	0.041	-0.068
8071		315.967083	+41.628056	6.33	0.38	F3IV	0.001	-0.054
8072		315.858333	+50.351944	6.37	0.98	K0	0.058	0.053
8073		317.137083	-63.928889	5.76	1.18	K0III	0.007	-0.011
8074		315.930417	+46.861944	6.32	0.25	F0IVn	-0.055	-0.110
8075	23The Cap	316.486667	-17.232778	4.07	-0.01	A1V	0.083	-0.060
8076		316.602917	-32.341667	5.18	1.10	K2III	-0.001	0.010
8077	4 Equ	316.361250	+5.958333	5.94	0.54	F8V	-0.090	-0.129
8078		315.948333	+53.286111	5.90	0.99	K0III	0.040	0.037
8079	62Xi Cyg	316.232917	+43.927778	3.72	1.65	K4.5Ib-II	0.008	0.001
8080	24 Cap	316.782083	-25.005833	4.50	1.61	M0.5III	-0.023	-0.043
8081		317.836250	-72.544167	6.20	1.08	K1III	0.026	-0.022
8082		316.597917	+26.924444	6.12	1.05	K0II-III	0.044	-0.017
8083		316.935833	-17.455278	6.17	0.02	A0V	0.018	-0.027
8084		316.626250	+31.184722	5.82	0.56	F7.5Ib-II	0.007	-0.004
8085	61 Cyg	316.727500	+38.745833	5.21	1.18	K5V	4.136	3.203
8086	61 Cyg	316.730417	+38.743333	6.03	1.37	K7V	4.126	3.208
8087	25Chi Cap	317.140000	-21.193611	5.30	0.01	A0V	0.022	-0.060
8088		316.890000	+15.658611	6.34	1.01	K2IV	0.049	-0.059
8089	63 Cyg	316.650417	+47.648333	4.55	1.57	K4Ib-IIa	0.008	0.001
8090		317.117500	+6.989444	6.15	1.66	K5III	-0.006	0.003
8091	27 Cap	317.387500	-20.556389	6.25	0.38	F1IV	0.120	-0.124
8092	Omi Pav	318.335417	-70.126389	5.02	1.58	M1-2III	0.040	-0.025
8093	13Nu Aqr	317.398750	-11.371667	4.51	0.94	G8III	0.095	-0.015
8094		317.162083	+30.205833	5.59	-0.10	B9VpSi	0.025	-0.017
8095		317.492917	+2.943333	6.45	0.37	F5IV	0.040	0.017
8096		317.695417	-9.353889	6.27	1.16	K0III	0.114	-0.056
8097	5Gam Equ	317.585417	+10.131667	4.69	0.26	F0IIIp	0.057	-0.153
8098	6 Equ	317.630000	+10.048889	6.07	0.02	A2V s	-0.009	0.015
8099		316.597083	+71.431944	5.87	0.40	F3IV	-0.048	-0.116
8100		318.056667	-40.269444	5.83	0.45	F5IV	0.047	-0.222
8101		317.633333	+22.454722	6.68	0.03	A1V	0.020	-0.008
8102		317.922083	-14.472222	6.48	0.28	F0Del Del:	0.039	0.004
8103		317.494167	+45.502500	6.63	-0.16	B4IVpe	0.004	-0.001
8104		318.262917	-39.425278	5.26	0.44	F5IV+F6V	0.186	-0.123
8105		317.766250	+36.299167	6.54	-0.14	B1Vp	0.021	-0.015
8106		317.565000	+53.563333	5.73	-0.12	B9III	0.026	0.001
8107		317.629167	+47.691944	6.46	-0.01	B6IV	0.004	-0.007
8108		318.328750	-36.423889	5.96	0.98	K0III	0.029	-0.013
8109		317.370417	+63.295556	6.54	-0.13	B7III	0.013	0.005
8110		318.322083	-27.619444	5.42	1.42	K5III	0.099	-0.116
8111		319.567083	-75.346667	6.63	0.03	A1V	0.013	-0.035
8112		316.372083	+78.126389	5.91	-0.07	B8Vn	0.020	0.029
8113		317.383333	+68.490278	7.33	1.49	M7IIIe	-0.032	-0.067
8114		318.941250	-53.263056	5.75	0.19	A6IV	0.035	-0.017
8115	64Zet Cyg	318.234167	+30.226944	3.20	0.99	G8+III-IIIaBa0.6	0.001	-0.056
8116		318.370000	+15.982500	6.27	0.24	A7Vn	0.043	-0.023
8117		318.811250	-40.506389	6.21	1.14	K2III	0.139	-0.009
8118		318.569583	-10.605278	6.77	-0.08	B9pHgMn	0.014	0.004
8119		317.950833	+59.986389	5.64	0.11	B0II	0.000	-0.005
8120		318.359583	+36.633611	6.05	0.21	F0III	-0.018	0.006
8121		318.654167	+0.092222	6.38	1.61	M1III	0.028	-0.009
8122		318.777500	-17.345000	6.04	0.96	G5	-0.004	-0.020
8123	7Del Equ	318.620417	+10.006944	4.49	0.50	F5V+G0V	0.049	-0.305
8124		318.945000	-36.210833	6.12	1.37	K3III	0.032	-0.009
8125		319.501250	-64.681667	6.31	-0.07	B8V	0.006	-0.037
8126		318.542917	+29.901111	6.17	1.09	G6Ib-IIaCa1Ba0.3	0.001	0.005
8127	28Phi Cap	318.907917	-20.651667	5.24	1.17	gG9	0.013	0.002
8128	29 Cap	318.937083	-15.171389	5.28	1.64	M3III	0.027	0.005
8129		323.017500	-84.810000	6.45	1.40	K3III	0.045	-0.027
8130	65Tau Cyg	318.697917	+38.045556	3.72	0.39	F2IV	0.160	0.435
8131	8Alp Equ	318.955833	+5.247778	3.92	0.53	G0III+A5V	0.059	-0.088
8132		319.165000	-1.607778	6.48	0.98	K0	0.036	-0.014
8133		318.427500	+64.403889	6.39	0.60	G2IV+G2IV	0.027	-0.105
8134		319.306250	-13.278889	6.40	0.04	A2V	-0.022	-0.002
8135	Eps Mic	319.484583	-32.172500	4.71	0.06	A1V	0.058	-0.026
8136		318.903333	+47.973611	6.46	-0.15	B4IV	-0.042	-0.023
8137	30 Cap	319.488750	-17.985278	5.43	-0.12	B8III	0.017	-0.002
8138		319.123333	+42.251389	6.43		K2	0.003	-0.028
8139	31 Cap	319.565417	-17.462222	7.05	0.34	F2V	0.036	0.004
8140	The Ind	319.966667	-53.449722	4.39	0.19	A5V	0.105	-0.072
8141	15 Aqr	319.546250	-4.519444	5.82	-0.13	B5V	0.011	0.015
8142		319.726667	-28.765556	6.40	0.97	G8IV	-0.181	-0.058
8143	67Sig Cyg	319.354167	+39.394722	4.23	0.12	B9Iab	0.001	-0.003
8144		319.346667	+42.683333	6.19	-0.11	B7Vn	0.015	-0.008
8145		320.039583	-45.022222	6.00	2.33	C5II	0.000	-0.010
8146	66Ups Cyg	319.479583	+34.896944	4.43	-0.11	B2Vne	0.014	-0.002
8147		319.258333	+53.997500	6.13	0.05	A1V	0.031	0.033
8148		319.940833	-26.353056	6.56	0.73	G5V	-0.539	-0.357
8149		319.716667	+11.203333	5.96	1.65	K5III	0.026	0.015
8150		319.309583	+55.798056	5.98	1.45	K3III	0.018	0.017
8151	The1Mic	320.190000	-40.809722	4.82	0.02	ApCrEuSr	0.069	-0.005
8152		320.318333	-49.937778	6.38	1.32	K3III	-0.021	-0.151
8153		319.328333	+58.611667	6.42	0.20	B2IIIe	0.001	0.003
8154	68 Cyg	319.613333	+43.945833	5.00	-0.01	O7.5III:n((f))	0.006	-0.009
8155		319.730417	+41.040833	6.15	0.30	A5IV	-0.006	0.009
8156		321.069583	-69.734167	6.41	2.82	C5II	0.005	-0.018
8157		319.842500	+38.237500	5.83	0.50	F1II	0.011	-0.006
8158		320.058333	+22.026389	6.29	-0.08	B6IV	0.003	0.010
8159		321.325417	-71.799444	6.09	1.26	K2III	0.018	-0.007
8160	16 Aqr	320.267917	-4.560000	5.87	0.92	gG7	-0.012	0.011
8161		319.870000	+49.510278	5.76	-0.15	B6V	0.017	0.002
8162	5Alp Cep	319.645000	+62.585556	2.44	0.22	A7V	0.151	0.049
8163	9 Equ	320.270000	+7.354444	5.82	1.66	M2IIIa	0.041	-0.019
8164		319.815833	+58.623611	5.66	1.38	M1Ibep+B2pe+B3V	0.005	-0.001
8165		320.268333	+23.855833	5.57	1.05	K1III	0.243	-0.120
8166		320.208750	+32.452778	5.68	1.08	G8IV	0.053	-0.033
8167	32Iot Cap	320.561667	-16.834444	4.28	0.90	G7IIIFe-1.5	0.033	0.004
8168		318.925833	+77.012222	5.95	1.50	K5III	0.013	0.010
8169		320.341667	+32.612778	6.04	0.03	A1V	0.018	-0.011
8170		320.255833	+40.345556	6.40	0.53	F8V	-0.019	-0.207
8171	6 Cep	319.842500	+64.871944	5.18	-0.04	B3IVe	0.006	0.004
8172		320.752083	-22.668889	5.60	1.63	M1III	0.037	0.010
8173	1 Peg	320.521667	+19.804444	4.08	1.11	K1III	0.106	0.064
8174		318.339583	+81.230833	6.15	0.09	A3IV	-0.009	0.000
8175	17 Aqr	320.734583	-9.319444	5.99	1.54	M0III	-0.025	-0.026
8176		323.476667	-82.683056	6.38	0.13	B3IV	0.018	0.000
8177		321.086667	-46.615000	6.31	0.20	A7mSr:	0.042	-0.022
8178	10Bet Equ	320.723333	+6.811111	5.16	0.05	A3V	0.056	0.010
8179		320.139583	+60.756944	6.11	1.00	G5III	-0.040	-0.001
8180	The2Mic	321.103333	-41.006667	5.77	-0.05	A0IIIpSi	0.031	0.000
8181	Gam Pav	321.610833	-65.366111	4.22	0.49	F6V	0.079	0.799
8182		320.674583	+30.309722	6.05	1.08	K1III	0.015	0.004
8183	33 Cap	321.040000	-20.851944	5.41	1.16	K0III	-0.007	-0.125
8184		321.032917	-22.746944	6.38	1.02	gK0	-0.028	-0.003
8185		320.501667	+49.388889	5.69	1.10	K0III	0.034	0.067
8186		320.695417	+38.634167	6.63	0.01	A1V	0.004	-0.024
8187	18 Aqr	321.047917	-12.878056	5.49	0.29	F1V	0.091	0.008
8188	Gam Ind	321.564167	-54.660556	6.12	0.34	F1III	0.004	0.036
8189		320.845833	+37.406667	6.58		F6II-III	0.046	0.025
8190		320.995000	+24.274167	5.71	0.32	F1IV	0.136	0.022
8191		321.102500	+10.174167	6.35	0.47	F5III	0.072	0.021
8192	20 Aqr	321.215417	-3.398333	6.36	0.33	F0III	-0.006	-0.053
8193		320.951250	+37.351389	6.47		K5	-0.009	-0.007
8194		321.030833	+25.312222	6.15		A2V	0.039	0.000
8195	19 Aqr	321.304583	-9.748611	5.70	0.20	F0IV	0.024	-0.171
8196		322.187083	-69.505278	5.34	1.55	M5III	0.075	-0.047
8197		321.096250	+24.528889	6.32	1.04	K0III	0.033	0.000
8198		321.141667	+26.174444	5.68	0.31	A8III	0.048	0.002
8199	21 Aqr	321.320833	-3.556667	5.49	1.46	K4III	-0.008	-0.065
8200		321.595417	-37.829444	5.63	1.19	K2III	0.163	-0.012
8201		323.335833	-80.039167	6.47	0.04	A0V	0.006	-0.012
8202		321.756667	-42.547778	5.51	0.39	Am	-0.049	0.017
8203		321.464583	+0.534444	6.46	0.16	A1IV	0.040	0.013
8204	34Zet Cap	321.666667	-22.411389	3.74	1.00	G4Ib	0.001	0.023
8205		321.617083	+1.103333	6.13	0.44	F5V	0.113	-0.163
8206		321.231250	+49.323333	6.58	-0.03	B9pSi:Cr:Sr:	-0.015	-0.007
8207	35 Cap	321.811667	-21.196111	5.78	1.44	K5III	-0.026	-0.030
8208		321.331667	+46.714444	5.60	0.32	F0V	0.195	0.048
8209	69 Cyg	321.445833	+36.667500	5.94	-0.08	B0Ib	0.006	-0.005
8210		321.611250	+19.375556	6.07	0.22	A8m	0.081	0.014
8211		322.251250	-53.705833	6.39	1.14	K2IIICNIb	0.081	-0.025
8212		322.057917	-11.568333	6.61	0.49	F3V	0.009	-0.048
8213	36 Cap	322.180833	-21.807222	4.51	0.91	G5III	0.138	-0.006
8214	5 PsA	322.265833	-31.238611	6.50	0.03	A0	0.022	-0.011
8215	70 Cyg	321.839167	+37.116667	5.31	-0.14	B3V	0.000	0.002
8216		321.715000	+48.835000	5.31	0.07	A6pCrEu:	0.060	0.023
8217	35 Vul	321.917083	+27.608611	5.41	0.04	A1V	0.041	0.018
8218		321.687500	+52.898611	6.03	-0.12	B6V	0.017	0.008
8219		322.103333	+8.195556	6.40	1.64	M1	0.011	-0.025
8220		322.034583	+32.225278	5.80	0.32	F0V	0.137	0.083
8221		322.249583	+17.905833	6.44	1.39	K5	-0.015	-0.001
8222		322.498333	-19.147778	6.57	0.41	F0V	0.034	-0.045
8223		322.249583	+22.179444	5.93	1.53	M4.5III-IIIa	0.045	0.011
8224		321.855417	+59.750000	6.10	1.75	M3IIIaBa0.2	-0.022	-0.018
8225	2 Peg	322.487083	+23.638889	4.57	1.62	M1+III	0.024	0.004
8226		322.219583	+55.418611	6.12	0.14	B8III	0.014	0.011
8227	7 Cep	321.942083	+66.809167	5.44	-0.11	B7V	-0.014	-0.019
8228	71 Cyg	322.362500	+46.540556	5.24	0.97	K0-III	0.045	0.104
8229	Xi Gru	323.024583	-41.179167	5.29	1.10	K0III	0.018	0.015
8230	6 PsA	323.060833	-33.944722	5.97	0.05	A2IV	-0.001	-0.004
8231		322.790000	+12.137500	6.08	-0.05	B9.5V	0.019	-0.014
8232	22Bet Aqr	322.889583	-5.571111	2.91	0.83	G0Ib	0.021	-0.008
8233		323.323750	-52.737500	6.41	1.48	K4III	-0.005	-0.009
8234		324.734167	-79.442500	6.18	0.46	F4IV	0.059	-0.022
8235		323.138750	-24.590556	6.43	0.20	A7V	0.073	0.007
8236		323.347917	-44.848611	5.57	1.04	K1III	-0.017	-0.007
8237		322.585000	+52.958056	6.02	0.08	A2Vp	0.024	0.015
8238	8Bet Cep	322.165000	+70.560833	3.23	-0.22	B1IV	0.010	0.007
8239		321.207083	+80.524722	5.97	0.92	gG6	0.044	-0.016
8240		323.112917	+23.394444	6.70	-0.09	B9pSiSrCr	0.036	0.002
8241		323.570833	-42.925000	6.32	1.09	K1IIICNII	-0.041	-0.024
8242		322.864583	+52.620000	6.16	0.90	G2Ib+B9V	0.009	0.003
8243		322.747083	+60.459444	5.53	0.12	B1II	-0.002	-0.001
8244		323.720833	-29.696111	6.41	-0.11	B8III	0.017	-0.017
8245	37 Cap	323.712500	-20.084444	5.69	0.40	F1V	-0.037	0.031
8246		323.235833	+49.977778	5.75	-0.03	A0V	0.020	0.015
8247		323.816250	-23.454167	6.40	1.10	gG7	0.077	-0.008
8248		323.324583	+45.854167	6.25	1.81	K1Ib	-0.001	0.003
8249		324.512083	-64.824167	6.20	0.03	A0-1IV	0.032	-0.010
8250		323.641667	+22.754722	6.47	0.51	F7V	0.014	-0.041
8251		323.823333	-3.983056	5.77	1.11	gG9	-0.005	0.001
8252	73Rho Cyg	323.495417	+45.591944	4.02	0.89	G8IIIFe-0.5	-0.023	-0.094
8253	8 PsA	324.045833	-26.171389	5.73	0.22	A7/8IV	0.111	-0.023
8254	Nu Oct	325.368750	-77.390000	3.76	1.00	K0III	0.045	-0.240
8255	72 Cyg	323.694167	+38.534167	4.90	1.08	K0.5III	0.124	0.099
8256	7 PsA	324.203750	-33.048056	6.11	0.22	A7Vn	0.089	-0.003
8257		323.829167	+28.197222	6.31	0.35	F0IV	0.128	-0.043
8258		323.862500	+24.452222	6.11		A4V	0.011	-0.011
8259		323.614583	+51.698333	6.15	0.02	B9IIIe	0.007	0.000
8260	39Eps Cap	324.270000	-19.466111	4.68	-0.17	B2.5Vpe	0.015	0.003
8261		324.057917	+30.055556	6.36		G8III-IV	-0.063	0.062
8262		324.010000	+45.374722	5.53	1.58	M5IIIae	0.051	0.006
8263		324.390833	-0.390278	6.25	0.06	A2V	-0.015	-0.023
8264	23Xi Aqr	324.437917	-7.854167	4.69	0.17	A7V	0.116	-0.025
8265	3 Peg	324.432083	+6.618333	6.18	0.02	A2V	0.060	-0.007
8266	74 Cyg	324.237500	+40.413611	5.01	0.18	A5V	-0.001	0.013
8267	5 Peg	324.439167	+19.318611	5.45	0.30	F1IV	0.101	0.013
8268		324.775417	-33.679167	6.28	0.92	G8IV	0.066	-0.051
8269		324.998750	-52.359167	6.21	0.60	F7III	-0.017	0.001
8270	4 Peg	324.632917	+5.771667	5.67	0.25	A9IV-Vn	0.114	0.024
8271		325.140000	-55.737500	6.33	1.06	K0II-III	0.010	0.023
8272		324.366250	+44.696667	6.20	0.19	A7III	-0.001	-0.028
8273		324.867083	-10.576944	6.08	1.03	K0	0.019	-0.050
8274		324.687500	+25.498889	6.16	1.02	G9III	-0.021	0.003
8275		324.411250	+54.042222	6.15	0.99	K1III	-0.019	0.000
8276		324.754583	+20.265278	5.85	0.32	F2V	0.113	-0.003
8277	25 Aqr	324.888750	+2.243611	5.10	1.04	K0III	-0.026	-0.082
8278	40Gam Cap	325.022917	-16.662222	3.68	0.32	F0p	0.190	-0.023
8279	9 Cep	324.480000	+62.081944	4.73	0.30	B2Ib	-0.003	-0.002
8280	Lam Oct	327.726250	-82.719167	5.29	0.75	G8-K0III	0.058	-0.036
8281		324.740000	+57.489167	5.62	0.21	O6.5V((f))	-0.001	-0.003
8282		325.442083	-25.101944	6.49	1.19	K0	-0.021	-0.003
8283	42 Cap	325.387083	-14.047500	5.18	0.65	G1V+G0V	-0.118	-0.307
8284	75 Cyg	325.046250	+43.273889	5.11	1.60	M1IIIab	0.063	0.016
8285	41 Cap	325.503333	-23.262778	5.24	0.95	G9III	0.102	-0.089
8286		326.370000	-71.008889	6.01	-0.10	B8IV	0.009	-0.019
8287	26 Aqr	325.542083	+1.285278	5.67	1.44	K2III	0.001	-0.007
8288	43Kap Cap	325.664583	-18.866389	4.73	0.88	G8III	0.147	-0.006
8289	7 Peg	325.564583	+5.680000	5.30	1.64	M2IIIab	0.014	-0.006
8290		325.180417	+54.872222	6.20	1.16	K0III	0.010	0.005
8291	76 Cyg	325.392917	+40.805278	6.11	0.07	A2V	-0.012	-0.046
8292		325.637500	+10.824722	6.09	-0.11	B5IV	0.024	-0.002
8293		325.806250	-19.620833	6.22	0.27	A3m	0.077	-0.011
8294		341.369167	-88.818333	6.57	0.28	F0IV-V	0.016	-0.040
8295	44 Cap	325.768333	-14.399722	5.88	0.25	F0IV	-0.002	0.025
8297		325.504583	+35.510278	6.07	2.52	C6.3	0.007	0.000
8298		325.535000	+45.765833	6.17	1.55	M4III:	0.006	-0.013
8299		326.122917	-38.552500	6.30	1.12	G5III	0.081	-0.168
8300	77 Cyg	325.595417	+41.077222	5.69	0.01	A0V	0.021	0.003
8301	80Pi 1Cyg	325.523750	+51.189722	4.67	-0.12	B3IV	0.006	-0.006
8302	45 Cap	326.004167	-14.749444	5.99	0.21	F0V	-0.023	0.008
8303		326.329167	-49.498611	6.45	1.15	K1III	0.094	0.053
8304		325.662083	+49.600278	6.09	1.00	G8II	0.010	-0.002
8305	9Iot PsA	326.236667	-33.025833	4.34	-0.05	A0V	0.034	-0.094
8306		325.776667	+41.155000	5.49	1.59	M2IIIab	-0.023	-0.015
8307	79 Cyg	325.857083	+38.283889	5.65	0.00	A0V	0.036	0.004
8308	8Eps Peg	326.046667	+9.875000	2.39	1.53	K2Ib	0.031	-0.001
8309	78Mu 1Cyg	326.035833	+28.742778	4.73	0.48	F6V	0.292	-0.241
8310	78Mu 2Cyg	326.034583	+28.743056	6.08	0.36	G2V	0.231	-0.219
8311	46 Cap	326.251250	-9.082500	5.09	1.11	G8II-III	0.021	-0.005
8312		325.689167	+59.271111	6.08	1.34	K1III	-0.003	0.010
8313	9 Peg	326.127917	+17.350000	4.34	1.17	G5Ib	0.012	-0.013
8314		326.130417	+14.771944	5.94	0.59	G0V	0.234	-0.119
8315	10Kap Peg	326.161250	+25.645000	4.13	0.43	F5IV	0.034	0.010
8316	Mu Cep	325.876667	+58.780000	4.08	2.35	M2-Ia	0.003	-0.003
8317	11 Cep	325.480417	+71.311389	4.56	1.10	K1III	0.117	0.099
8318	47 Cap	326.567917	-9.275833	6.00	1.66	M3III	0.021	0.009
8319	48Lam Cap	326.633750	-11.365833	5.58	-0.01	A1V	0.031	-0.008
8320		326.435417	+35.857222	6.40	1.00	G8III	0.094	0.012
8321	12 Peg	326.518333	+22.948889	5.29	1.41	K0IbHdel 0.5	0.010	-0.005
8322	49Del Cap	326.760000	-16.127222	2.87	0.29	Am	0.263	-0.297
8323		327.065833	-47.303611	5.58	0.60	G0V	0.167	-0.298
8324		325.766667	+72.320278	5.17	1.05	K0III	-0.044	-0.038
8325		326.600000	+25.563333	6.28	1.21	K3III:	0.166	0.044
8326	10The PsA	326.934167	-30.898333	5.01	0.04	A2V	-0.032	0.002
8327		326.222083	+62.460556	5.95	0.31	O9Ib-II	-0.007	-0.002
8328	11 Peg	326.808333	+2.686111	5.64	0.00	A1V	0.010	-0.003
8329		326.569167	+43.060833	6.54	0.28	G0:III+A4V	0.013	0.013
8330		326.769583	+17.194167	6.21	0.34	F3V	0.094	-0.014
8331		327.500417	-64.712500	5.62	1.02	K0III	-0.003	-0.042
8332		326.908750	-5.917222	6.17	0.22	A7V	0.049	-0.002
8333	Omi Ind	327.696250	-69.629444	5.53	1.37	K2-3III	-0.031	-0.002
8334	10Nu Cep	326.362083	+61.120833	4.29	0.52	A2Ia	-0.003	-0.003
8335	81Pi 2Cyg	326.698333	+49.309444	4.23	-0.12	B3III	0.004	-0.002
8336		327.034583	+36.580556	6.47		K5	-0.028	0.002
8337		327.421250	-12.723056	6.31	0.22	A3m	-0.003	0.015
8338		327.122500	+38.648611	6.12	-0.08	B8V	0.022	-0.002
8339	12 Cep	326.855417	+60.692778	5.52	1.52	M1IIIb	-0.008	0.000
8340		327.554583	-16.844722	6.38	1.42	K0	0.034	0.000
8341		327.362083	+20.462500	6.29	-0.10	B2V	0.003	-0.002
8342		326.754167	+70.150833	6.29		A0V	-0.004	-0.026
8343	14 Peg	327.461250	+30.174167	5.04	-0.03	A1V s	0.019	-0.027
8344	13 Peg	327.536250	+17.285556	5.29	0.37	F2III-IV	0.076	-0.061
8345		327.417083	+41.148889	6.48	0.42	A2Ib	-0.002	-0.007
8346		327.924167	-18.623056	6.16	0.36	F0III	0.148	-0.079
8347		327.329167	+61.272778	6.17	1.67	M1II-III	0.003	-0.024
8348		327.892500	+19.826667	5.77	-0.10	B8III	0.014	0.017
8349		327.770417	+39.536667	6.17	-0.08	B9pHgMn	0.006	0.005
8350		328.075833	+21.273056	6.89		M4III	0.015	0.021
8351	51Mu Cap	328.324167	-13.551667	5.08	0.37	F1III	0.313	0.013
8352		328.797917	-61.886389	5.90	0.39	F1III	0.050	-0.084
8353	Gam Gru	328.482083	-37.365000	3.01	-0.12	B8III	0.102	-0.021
8354	15 Peg	328.124583	+28.793333	5.53	0.42	F6IV-V vw	-0.059	-0.067
8355		328.400000	-10.311667	6.59	-0.12	B9V	0.012	-0.004
8356	16 Peg	328.265833	+25.925000	5.08	-0.17	B3Ve	0.009	-0.002
8357		328.004167	+55.796944	5.71	-0.13	B6IV-V	0.013	0.003
8358		328.405833	+19.668333	5.68	0.01	A0V s	0.013	0.013
8359		328.490833	+6.864444	6.15	0.80	G0III s	0.081	0.000
8360		328.543333	-4.276111	5.71	1.18	K2III	0.057	-0.093
8361		327.905417	+65.752778	6.37		A1m	-0.006	-0.015
8362	Pi Ind	329.058333	-57.899444	6.19	0.21	Am	0.016	0.011
8363		328.649583	-3.301111	6.20	0.48	F5IV	0.018	-0.028
8364		328.572500	+19.718333	6.39	0.97	K0III+F7V	-0.034	-0.008
8365		328.981667	-30.606389	6.41	0.93	G8III	0.051	-0.026
8366		329.095000	-37.253611	5.46	0.08	A2Vn	-0.016	-0.002
8367		329.259167	-37.746944	6.18	0.33	F1III-IV	0.022	-0.003
8368	Del Ind	329.479583	-54.992500	4.40	0.28	F0IV	0.048	-0.007
8369	Kap1Ind	329.625417	-59.012222	6.12	0.46	F3V	0.005	0.026
8370		330.467083	-77.662500	6.41	0.22	A5IV-V	-0.031	-0.002
8371	13 Cep	328.721667	+56.611389	5.80	0.73	B8Ib	-0.003	-0.001
8372		329.100000	+21.239722	6.40	1.70	K5V	0.002	0.015
8373	17 Peg	329.235000	+12.076389	5.54	0.05	A2Vnn	-0.024	-0.014
8374		328.836250	+61.541944	6.13	1.60	G8Ib	0.004	0.007
8375		328.879583	+65.320833	5.86	-0.06	B2.5Ve	0.007	0.003
8376		329.555417	-5.424722	6.33	0.37	F5IV	0.040	-0.101
8377		329.259167	+48.668611	6.42	-0.08	B8V	0.005	0.002
8378		329.682500	-21.182778	6.12	1.65	M4III	0.023	-0.002
8379		329.824583	-38.395278	5.50	1.00	K0III	0.042	-0.006
8380		330.765833	-76.118611	5.95	0.39	F3III	0.022	-0.080
8381		330.100417	-55.882778	6.01	-0.10	B9IV-V	0.010	0.014
8382		329.729167	-4.373056	6.22	1.00	K2V	0.001	-0.254
8383		329.162917	+63.625556	4.91	1.77	M2Iaep+B8Ve	-0.005	-0.004
8384		329.296250	+66.156111	6.43	-0.05	B2V	0.005	0.001
8385	18 Peg	330.032917	+6.717500	6.00	-0.12	B3III	0.015	0.004
8386	12Eta PsA	330.209167	-28.453611	5.42	-0.09	B8V	0.016	0.006
8387	Eps Ind	330.840000	-56.786111	4.69	1.06	K4-5V	3.961	-2.538
8388		329.722500	+62.698333	5.93	1.67	M3IIIab	0.004	0.026
8389		329.845833	+57.658333	6.59	0.03	A0III-IV	0.004	-0.015
8390	28 Aqr	330.270833	+0.605000	5.58	1.28	gK4	0.010	-0.013
8391		330.111667	+33.006111	6.46		F5III	-0.006	0.064
8392	20 Peg	330.272500	+13.119722	5.60	0.34	F4III	0.059	-0.057
8393	19 Peg	330.288333	+8.257222	5.65	1.44	gK5	-0.009	-0.002
8394		330.549583	-17.903611	6.28	1.01	gG7	0.123	-0.060
8395		329.462500	+74.996667	6.35	1.56	K5	-0.007	-0.012
8396	29 Aqr	330.610833	-16.964167	6.37	0.42	A2V+K0III	0.015	0.001
8397		330.505833	+10.973889	6.37	-0.10	B5IIIn	0.022	0.003
8398		330.821667	-29.904167	7.10	0.32	F0IIIn	0.122	-0.014
8399		330.163750	+62.488056	6.66	0.06	B0IV	-0.001	0.007
8400	16 Cep	329.812500	+73.180000	5.03	0.44	F5V	-0.068	-0.161
8401	30 Aqr	330.818333	-6.522500	5.54	0.96	K0III	0.045	0.006
8402	31Omi Aqr	330.828750	-2.155278	4.69	-0.06	B7IVe	0.028	-0.012
8403		330.460833	+52.882222	5.78	-0.11	B5III	0.011	0.006
8404	21 Peg	330.829167	+11.386389	5.80	-0.07	B9.5V	0.017	-0.012
8405	13 PsA	331.099583	-29.916667	6.47	1.63	K5III	0.014	0.001
8406	14 Cep	330.519167	+58.000556	5.56	0.06	O9Vn	-0.002	0.000
8407		330.736250	+44.650000	5.60	-0.03	A0IV	-0.018	-0.033
8408		331.153333	-26.822500	5.96	-0.14	B4IVne	0.017	-0.015
8409	Kap2Ind	331.462083	-59.636111	5.62	1.46	K4III	0.048	-0.056
8410	32 Aqr	331.197500	-0.906667	5.30	0.23	A5m	-0.015	-0.052
8411	Lam Gru	331.528750	-39.543333	4.46	1.37	K3III	-0.023	-0.124
8412		331.143333	+32.941944	6.38	1.10	G5Ia	-0.007	0.001
8413	22Nu Peg	331.420000	+5.058611	4.84	1.44	K4III	0.111	0.100
8414	34Alp Aqr	331.445833	-0.319722	2.96	0.98	G2Ib	0.020	-0.010
8415		331.297500	+26.673889	5.78	1.25	K2III	0.034	0.032
8416	18 Cep	330.970417	+63.119722	5.29	1.58	M5IIIab	0.031	0.055
8417	17Xi Cep	330.947500	+64.627778	4.29	0.34	A3/6Vm	0.209	0.085
8418	33Iot Aqr	331.609167	-13.869722	4.27	-0.07	B9IV-V	0.042	-0.056
8419	23 Peg	331.394583	+28.963889	5.70	-0.06	B9Vn	0.031	-0.012
8420		332.677083	-75.880556	6.55	1.18	K2IIICNII	0.035	-0.002
8421		331.318333	+46.744722	6.13	1.61	M4IIIab	-0.042	-0.020
8422		331.460833	+45.112222	6.44	-0.03	A0V	0.026	-0.009
8423		329.552917	+82.869722	6.98	0.52	F6IV-V	-0.141	-0.041
8424		331.508333	+45.014444	5.14	1.57	K5III	-0.007	-0.016
8425	Alp Gru	332.058333	-46.961111	1.74	-0.13	B7IV	0.129	-0.151
8426	20 Cep	331.252083	+62.785556	5.27	1.41	K4III	0.015	0.058
8427		331.463333	+48.231667	6.27	-0.06	B2V	-0.005	0.004
8428	19 Cep	331.287083	+62.280000	5.11	0.08	O9.5Ib	0.003	0.000
8429		331.551667	+45.248611	6.19	0.09	A3V	0.036	-0.010
8430	24Iot Peg	331.752917	+25.345000	3.76	0.44	F5V	0.298	0.025
8431	14Mu PsA	332.095833	-32.988611	4.50	0.05	A2V	0.080	-0.031
8432		332.980417	-76.116111	6.15	1.00	K0III	-0.044	-0.043
8433	Ups PsA	332.108333	-34.043889	4.99	1.48	M1III	0.008	-0.049
8434		331.556250	+56.343056	6.39	-0.10	A0III	0.014	-0.011
8435		331.869167	+19.475556	5.75		dF2	0.125	0.037
8436		331.875000	+18.000556	6.35	1.64	M1	0.025	-0.040
8437		332.177917	-33.125556	6.37	0.20	A2III/IV	0.022	0.029
8438	25 Peg	331.959583	+21.702778	5.78	-0.10	B7Vne	-0.047	-0.069
8439	35 Aqr	332.245833	-18.519722	5.81	-0.17	B2.5IV	0.003	-0.012
8440		332.491667	-48.107222	6.43	1.39	K3III	0.077	-0.047
8441		332.071667	+25.543611	6.11	0.27	F1IV	-0.038	-0.037
8442		331.790000	+58.840833	6.32	0.88	G6III	-0.013	-0.022
8443		331.856250	+53.307222	6.14	0.43	A3Ib	-0.007	-0.009
8444		332.482083	-34.014722	5.37	0.24	A5V	-0.017	0.038
8445		332.068750	+49.796389	6.42		K5III	0.029	-0.023
8446		332.500417	-28.292500	6.44	0.15	A5V	0.032	0.026
8447	15Tau PsA	332.536667	-32.548333	4.92	0.48	F6V	0.434	0.013
8448		332.170833	+45.741944	6.11	0.72	G2IV+K0III	-0.027	0.031
8449	27Pi 1Peg	332.306667	+33.172222	5.58	1.00	G8IIIb	-0.059	-0.067
8450	26The Peg	332.550000	+6.197778	3.53	0.08	A2Vp	0.276	0.027
8451		332.587917	-3.894167	6.27	-0.01	A1Vnn	0.019	-0.050
8452	38 Aqr	332.656250	-11.565000	5.46	-0.12	B7III	0.036	0.009
8453		332.640833	-4.267222	6.01	0.98	K0III-IV	0.076	-0.003
8454	29Pi 2Peg	332.496667	+33.178333	4.29	0.46	F5III	-0.014	-0.021
8455		332.579167	+19.616944	6.18	0.69	G0V	0.086	-0.075
8456		332.592500	+14.630000	6.33	1.08	K0III	0.034	-0.026
8457		332.760000	-21.232500	6.09	0.50	F6V	0.122	-0.033
8458		332.655833	+11.624444	5.78	1.58	M1III	-0.046	-0.054
8459	28 Peg	332.625833	+20.978056	6.46	0.12	A3III	0.000	-0.008
8460		332.715000	+30.553056	6.32	0.18	A8IV	0.008	-0.009
8461		332.963750	+16.040556	5.95	0.95	K1III	-0.008	-0.019
8462	39 Aqr	333.107500	-14.193889	6.03	0.38	F2V	0.028	-0.042
8463		332.791250	+50.823333	5.40	0.15	A5V	0.139	0.041
8464		333.239583	-26.327778	6.17	0.17	A3V	-0.019	-0.033
8465	21Zet Cep	332.713750	+58.201111	3.35	1.57	K1.5Ib	0.015	0.004
8466		333.033333	+24.950000	5.92	1.51	K0	-0.004	-0.022
8467		333.182500	-4.720833	6.39	0.50	F7V	-0.051	-0.035
8468	24 Cep	332.451667	+72.341111	4.79	0.92	G7II-III	0.032	0.003
8469	22Lam Cep	332.877917	+59.414444	5.04	0.25	O6I(n)fp	0.003	-0.011
8470		333.435000	-25.180833	5.58	0.49	F6III-II	0.074	0.016
8471	Psi Oct	334.460417	-77.511667	5.51	0.31	F3III	-0.041	0.011
8472		332.953333	+56.839444	5.24	0.51	F8V	0.237	0.130
8473		332.563750	+72.111111	6.37	-0.06	B9pHgMn:	-0.009	-0.028
8474		332.662083	+70.132778	5.50	0.38	F2V	-0.060	0.028
8475		333.199167	+34.604722	5.33	1.13	K2-III-IIIb	0.020	-0.050
8476		332.987083	+59.084722	6.30	1.13	K0III	0.129	0.083
8477		333.660833	-41.381667	6.23	0.65	G5V	0.567	-0.790
8478	16Lam PsA	333.578333	-27.766944	5.43	-0.16	B8III	0.026	0.002
8479		333.007917	+60.759444	5.35	1.17	K1III	-0.008	0.019
8480	41 Aqr	333.575000	-21.074167	5.32	0.80	K0III+F2V	0.016	0.066
8481	Eps Oct	335.006250	-80.439722	5.10	1.47	M5III	0.043	-0.045
8482		333.410833	+28.608333	5.89	1.15	K2III	0.071	-0.001
8483		333.092917	+63.291389	5.79	1.67	M3IIIab	-0.006	-0.010
8484		333.896250	-44.451944	6.10	1.02	G8-K0III	0.013	-0.019
8485		333.469583	+39.715000	4.49	1.39	K3III	0.038	0.013
8486	Mu 1Gru	333.903750	-41.346667	4.79	0.80	G8III+G	0.044	0.022
8487		333.455417	+45.440833	5.53	0.04	A0III	0.081	0.009
8488	Mu 2Gru	334.110833	-41.627500	5.10	0.92	G8III	-0.005	-0.013
8489		333.685000	+42.953889	5.71	0.00	A2Vnn	0.049	-0.025
8490		333.456250	+63.162500	6.11	-0.08	B8Vn	-0.020	-0.003
8491		333.999167	+8.549444	6.21	0.02	A1Vn	0.034	-0.011
8492		334.155833	-25.898333	6.15	1.11	K1II/III	0.037	-0.018
8493		333.220417	+73.307222	6.08	1.01	K0II-III+A3V	0.023	0.020
8494	23Eps Cep	333.758333	+57.043611	4.19	0.28	F0IV	0.447	0.048
8495		334.140000	-1.596389	6.15	0.19	A5Vn	-0.029	-0.011
8496	42 Aqr	334.200417	-12.831389	5.34	1.14	gK0	0.015	0.006
8497		334.249167	-23.140000	6.17	1.05	G5	0.084	-0.055
8498	1 Lac	333.992500	+37.748889	4.13	1.46	K3-II-III	0.013	0.004
8499	43The Aqr	334.208333	-7.783333	4.16	0.98	G8III-IV	0.121	-0.022
8500		334.219167	-9.040000	5.79	1.16	gK3	-0.047	-0.009
8501		334.565000	-53.627778	5.37	0.60	G3V	0.429	-0.667
8502	Alp Tuc	334.625417	-60.259722	2.86	1.39	K3III	-0.072	-0.043
8503		334.123750	+27.804167	6.37	0.99	G9III	-0.009	0.002
8504	44 Aqr	334.277083	-5.387222	5.75	0.88	G6III	-0.002	0.020
8505	Ups Oct	337.905833	-85.967222	5.77	1.02	K0III	-0.041	0.059
8506		334.110417	+57.220278	5.88	0.93	G8III	0.043	0.006
8507		334.517917	-0.237778	6.39	0.44	F3V	-0.039	-0.062
8508	45 Aqr	334.753333	-13.305000	5.95	1.06	gG7	0.079	-0.012
8509		335.150833	-57.510000	6.34	1.37	K3-4III	0.022	-0.015
8510		334.734167	+37.769444	6.17	0.28	A9IIIp	0.057	0.044
8511	25 Cep	334.552917	+62.804444	5.75	1.26	K3III	0.046	0.015
8512	46Rho Aqr	335.049583	-7.821111	5.37	-0.06	B8IIIpMn:Hg:	0.016	-0.001
8513	30 Peg	335.115000	+5.789444	5.37	-0.02	B5IV	0.023	-0.001
8514		335.232500	+8.186667	6.17	0.44	F6V	0.048	0.023
8515	Nu Ind	336.153333	-72.255556	5.29	0.65	A3V:+F9V	1.299	-0.678
8516	47 Aqr	335.398333	-21.598333	5.13	1.07	K2III	-0.008	-0.085
8517		335.250417	+26.935278	6.47	1.59	M4III	0.015	-0.006
8518	48Gam Aqr	335.414167	-1.387222	3.84	-0.05	A0V	0.132	0.007
8519		335.165000	+50.980833	6.42		K2	0.012	0.004
8520	31 Peg	335.379583	+12.205278	5.01	-0.13	B2IV-Ve	0.009	0.006
8521	Pi 1Gru	335.682917	-45.947778	6.62	2.01	S5,7e	0.007	-0.012
8522	32 Peg	335.330417	+28.330556	4.81	0.00	B9III	0.018	0.002
8523	2 Lac	335.256667	+46.536667	4.57	-0.10	B6V	0.023	0.005
8524	Pi 2Gru	335.783333	-45.928611	5.62	0.36	F3III-IV	0.237	-0.061
8525		334.585000	+76.488056	6.66	0.00	A1Vn	0.005	0.003
8526		336.462500	-75.015556	6.04	0.64	G3V	0.048	0.010
8527		336.293750	-70.431667	5.78	0.38	F3III	0.115	-0.062
8528		335.462083	+42.078333	6.41	-0.08	B5V	0.019	0.000
8529	49 Aqr	335.878750	-24.762500	5.53	0.99	gG9	0.103	0.000
8530		335.883750	-7.194444	5.93	1.00	G6IIIBaII	-0.001	0.007
8531		336.235000	-57.797222	5.32	0.67	G3IV	0.143	-0.343
8532	33 Peg	335.915000	+20.848333	6.04		F7V	0.337	-0.015
8533	51 Aqr	336.028750	-4.836944	5.78	-0.04	A0V	0.033	-0.004
8534	50 Aqr	336.112917	-13.529444	5.76	0.97	G6.5III	0.053	0.012
8535		335.750833	+57.284444	6.16	-0.13	B8III-IV	0.015	0.001
8536		335.975833	+38.573611	6.22	0.49	F5IV:	0.255	0.119
8537		335.750833	+62.420000	6.04	0.05	A1V	-0.005	0.040
8538	3Bet Lac	335.890000	+52.229167	4.43	1.02	G8.5IIIbCa1	-0.013	-0.186
8539	52Pi Aqr	336.319167	+1.377500	4.66	-0.03	B1Ve	0.019	0.001
8540	Del Tuc	336.833333	-64.966389	4.48	-0.03	B9.5V	0.071	0.003
8541	4 Lac	336.129167	+49.476389	4.57	0.09	B9Iab	-0.007	-0.003
8542		336.544583	-23.682500	6.29	-0.03	A0V	0.018	-0.002
8543		336.419583	+18.444444	6.26	1.22	K0	0.028	0.027
8544	53 Aqr	336.642500	-16.741389	6.57		G2V	0.262	-0.013
8545	53 Aqr	336.643333	-16.742500	6.35	0.61	G1V	0.223	-0.003
8546		333.294167	+86.108056	5.27	-0.03	B9.5Vn	0.052	0.045
8547		337.157083	-67.489167	5.55	0.20	A4V	0.149	-0.072
8548	34 Peg	336.655833	+4.393611	5.75	0.52	F7V	0.301	0.048
8549		336.690417	+37.443889	6.46	-0.13	B2V	0.013	-0.003
8550		335.922083	+78.243333	6.76	-0.06	B9	-0.008	0.018
8551	35 Peg	336.964583	+4.695556	4.79	1.05	K0III	0.081	-0.308
8552	Nu Gru	337.163333	-39.131944	5.47	0.95	G9III	0.039	-0.164
8553		336.860417	+39.809722	6.14	-0.14	B2V	0.001	-0.011
8554		336.746667	+56.433333	6.57	-0.10	B5III	0.019	0.000
8555		336.942500	+31.840278	5.98	1.45	K2	0.045	0.034
8556	Del1Gru	337.317500	-43.495556	3.97	1.03	G6-8III	0.028	-0.005
8557		336.503333	+70.770833	5.47	1.20	gK2	0.018	0.006
8558	55Zet1Aqr	337.207083	-0.020278	4.59		F6IV	0.181	0.009
8559	55Zet2Aqr	337.208750	-0.020000	4.42	0.38	F3V	0.209	0.042
8560	Del2Gru	337.439583	-43.749444	4.11	1.57	M4.5IIIa	-0.007	0.000
8561	26 Cep	336.772083	+65.132222	5.46	0.37	B0.5Ibe:	0.001	-0.002
8562	36 Peg	337.283333	+9.128889	5.58	1.55	K5IIIa	0.055	-0.022
8563		337.441667	-27.107222	5.95	0.33	F1V	0.123	-0.012
8564		337.292500	+26.763056	5.79	1.25	K2II	0.026	-0.004
8565		337.506250	-12.915000	6.40	0.32	F3IV	0.168	0.001
8566	37 Peg	337.491667	+4.431667	5.48	0.38	F2V+F2V	-0.023	-0.144
8567	56 Aqr	337.572500	-14.585833	6.37	-0.04	B8V s	0.039	-0.039
8568		337.082083	+64.085556	6.29	1.08	K0	0.023	-0.013
8569		337.432917	+35.725556	6.56		A2V	-0.026	-0.037
8570	Zet PsA	337.723750	-26.073611	6.43	1.08	K1III	0.034	-0.070
8571	27Del Cep	337.292917	+58.415278	3.75	0.60	F5Ib-G2Ib	0.015	0.001
8572	5 Lac	337.382500	+47.706944	4.36	1.68	M0II+B8V	0.002	0.000
8573	57Sig Aqr	337.661667	-10.678056	4.82	-0.06	A0IV s	0.003	-0.030
8574	38 Peg	337.507500	+32.572500	5.65	-0.04	B9.5V	0.034	-0.014
8575		337.527083	+49.356111	6.40	1.15	K2IIIe	-0.024	-0.043
8576	17Bet PsA	337.876250	-32.346111	4.29	0.01	A0V	0.065	-0.018
8577		338.860000	-78.771667	6.15	1.38	K1III	0.046	-0.006
8578	28Rho1Cep	336.677083	+78.785833	5.83	0.15	A2Vm	-0.016	-0.043
8579	6 Lac	337.622083	+43.123333	4.51	-0.09	B2IV	-0.001	-0.005
8580		337.826667	-2.911111	6.16	1.08	K0	-0.005	-0.036
8581		337.826667	-6.555000	6.14	0.56	F7V	0.173	-0.106
8582	Nu Tuc	338.250417	-61.982222	4.81	1.61	M4III	0.039	-0.025
8583	58 Aqr	337.922083	-10.905556	6.38	0.28	A8III	0.075	-0.045
8584		337.892500	+29.542778	6.35	0.19	A5m	-0.044	-0.029
8585	7Alp Lac	337.822917	+50.282500	3.77	0.01	A1V	0.138	0.019
8586	39 Peg	338.147917	+20.230000	6.42	0.32	F1V	0.163	0.029
8587		338.195417	+15.863333	6.32	1.19	K0	0.022	0.026
8588		338.110000	+39.779722	5.88	0.16	A6V	0.004	-0.011
8589		338.078333	+54.037500	6.35		G8III	0.035	0.027
8590	60 Aqr	338.512083	-1.574167	5.89	0.99	G6III	0.036	-0.040
8591	29Rho2Cep	337.470417	+78.824167	5.50	0.06	A3V	0.001	-0.022
8592	59Ups Aqr	338.673333	-20.708333	5.20	0.44	F4IV	0.222	-0.145
8593		338.970417	-57.883611	6.23	0.20	A5V	0.077	-0.009
8594		338.419167	+56.625000	5.71	0.96	G8III-IV	0.073	0.047
8595		338.262083	+69.913611	6.60	0.32	A9III	0.116	0.068
8596		338.902083	-23.991111	5.97	0.99	gK0	0.039	-0.006
8597	62Eta Aqr	338.839167	-0.117500	4.02	-0.09	B9IV-Vn	0.091	-0.056
8598		338.320833	+70.373889	6.34	0.00	A0V	0.051	0.020
8599		338.067500	+76.226389	5.68	0.05	A2V	-0.021	-0.011
8600	Sig1Gru	339.122083	-40.582778	6.28	0.12	A3Vn	0.048	-0.070
8601		339.147500	-31.663889	5.82	1.09	K1III	-0.042	-0.044
8602	Sig2Gru	339.245000	-40.591111	5.86	0.06	A1V	0.038	-0.075
8603	8 Lac	338.967917	+39.634167	5.73	-0.15	B2Ve	0.005	-0.006
8604		339.032917	+35.577222	6.10	1.00	K0	0.000	-0.067
8605		339.151667	+11.696944	6.40	0.00	A1III	-0.008	0.018
8606		338.972500	+50.071111	6.29	-0.05	B3V	0.006	0.008
8607		338.965833	+56.070000	6.38	0.12	A3V	-0.003	-0.019
8608		339.269583	+12.577222	6.30		K5	-0.030	-0.017
8609		339.202917	+35.652500	6.30	1.37	K5	-0.004	0.000
8610	63Kap Aqr	339.439167	-4.228056	5.03	1.14	K2III	-0.067	-0.120
8611		339.785000	-52.692222	6.65	0.35	F1III	0.005	-0.016
8612		339.592500	-7.897778	6.23	0.78	G0III+F0V	0.076	-0.004
8613	9 Lac	339.343333	+51.545278	4.63	0.24	A8IV	-0.054	-0.101
8614		339.686250	-28.747778	6.47	1.04	K1III	-0.035	0.001
8615	31 Cep	338.942083	+73.643056	5.08	0.39	F3III-IV	0.172	0.023
8616		339.714583	-33.081389	5.66	0.05	A2Vp	0.006	0.014
8617		339.572917	+45.183056	6.40		G2III+A4V	0.003	0.000
8618	40 Peg	339.719167	+19.522222	5.82	0.92	G8II	-0.042	-0.099
8619		339.933333	-28.325278	6.31	1.01	K0IV	0.076	-0.031
8620		340.203750	-57.422222	5.97	1.46	K4III	0.055	-0.007
8621		339.657917	+56.795833	5.21	1.58	M4+III	0.053	-0.029
8622	10 Lac	339.815417	+39.050278	4.88	-0.20	O9V	0.001	-0.005
8623		340.092917	-30.658889	5.87	1.30	K3III	-0.103	-0.209
8624	41 Peg	339.945833	+19.681111	6.21	0.00	A2V	-0.004	-0.010
8625		339.304167	+75.371667	5.79	1.57	M1IIIab	0.044	0.006
8626		339.892917	+37.592778	6.03	0.86	G3Ib-IICN-1CH2Fe-1	0.008	-0.001
8627	30 Cep	339.662500	+63.584444	5.19	0.06	A3IV	-0.003	-0.025
8628	18Eps PsA	340.164167	-27.043611	4.17	-0.11	B8V	0.030	-0.001
8629		340.200000	-3.554167	6.31	0.52	F6V	0.003	-0.042
8630	Bet Oct	341.513750	-81.381667	4.15	0.20	A9IV-V	-0.067	-0.001
8631		340.219583	+14.549444	5.71	0.72	G4V	0.268	0.144
8632	11 Lac	340.128750	+44.276389	4.46	1.33	K2+III-IIIb	0.094	0.012
8633		340.076667	+53.846111	5.93	0.93	K0III	0.001	-0.014
8634	42Zet Peg	340.365417	+10.831389	3.40	-0.09	B8V	0.080	-0.013
8635		340.653750	-47.210556	5.98	0.58	G0V	0.009	-0.326
8636	Bet Gru	340.667083	-46.884722	2.10	1.60	M5III	0.137	-0.008
8637	19 PsA	340.592083	-29.360833	6.17	1.54	M5III	0.028	-0.015
8638		340.380833	+30.965833	6.34		K5	0.063	0.000
8639		340.679583	-44.247778	6.07	0.98	K0III	0.042	0.037
8640	12 Lac	340.369167	+40.225556	5.25	-0.14	B2III	-0.005	-0.001
8641	43Omi Peg	340.439167	+29.307500	4.79	-0.01	A1IV	-0.004	-0.027
8642		340.489167	+14.516389	5.90	1.11	gK0	0.092	-0.021
8643		340.400417	+41.549444	5.94		G9III	0.148	0.065
8644	Rho Gru	340.875000	-41.414444	4.85	1.03	K0III	0.006	-0.095
8645		340.764583	-8.311667	6.45	0.17	A5V	0.024	-0.006
8646		341.068750	-60.499444	6.30	0.56	F3V	0.004	0.025
8647	67 Aqr	340.809583	-6.962778	6.41	-0.04	A0Vn	0.030	-0.008
8648		340.586667	+53.908889	6.12	1.62	K2	-0.001	-0.006
8649	66 Aqr	340.897083	-18.830278	4.69	1.37	K4III	-0.027	-0.028
8650	44Eta Peg	340.750417	+30.221389	2.94	0.86	G2II-III+F0V	0.015	-0.025
8651		340.731250	+37.802778	6.43	-0.09	B1V	0.011	-0.009
8652		340.768750	+47.168611	6.39	0.47	A1V+G:	0.014	-0.002
8653		340.927917	+10.939167	6.51	0.46	G8IV	0.015	-0.168
8654		341.021667	+39.465556	5.95	1.48	K5III+K2III	0.007	-0.021
8655	Eta Gru	341.407917	-53.500278	4.85	1.18	K2IIICNIV	0.029	0.014
8656	13 Lac	341.022917	+41.819167	5.08	0.96	K0III	-0.007	0.004
8657		341.419583	-46.547500	5.51	1.32	K2III	-0.031	-0.020
8658		341.533333	-48.978889	6.62	0.63	F9V	0.203	-0.050
8659		341.617917	-49.685833	6.48	1.14	K1III	0.089	-0.277
8660	45 Peg	341.367500	+19.366667	6.25	1.05	gG6	-0.026	0.056
8661		341.205000	+52.517222	6.55		K2	-0.001	0.012
8662		341.682083	-46.939444	6.56	0.30	A9IIIm:	0.058	0.004
8663	Xi Oct	342.595417	-80.124167	5.35	-0.15	B6IV	0.017	-0.022
8664		342.420417	-77.050556	6.73	0.11	A4V	0.071	0.013
8665	46Xi Peg	341.673333	+12.172778	4.19	0.50	F6III-IV	0.235	-0.498
8666		341.542500	+44.546111	5.76	0.36	F0III-IV	0.140	0.032
8667	47Lam Peg	341.632917	+23.565556	3.95	1.07	G8IIIa*	0.058	-0.010
8668		341.829583	-34.161111	6.28	1.16	K1III	-0.066	0.048
8669		342.089167	-61.684167	6.37	1.06	K0III	0.069	0.003
8670	68 Aqr	341.887917	-19.613333	5.26	0.94	G7III	-0.101	-0.204
8671		341.946250	-38.221944	6.71	0.48	F4IV	-0.068	-0.076
8672		342.322500	-70.347778	6.34	0.07	A2V	0.005	0.040
8673	69Tau1Aqr	341.928333	-14.056389	5.66	-0.05	A0V	0.032	-0.009
8674		341.984167	-25.911944	6.30	0.91	G5III	0.112	-0.114
8675	Eps Gru	342.138750	-51.316944	3.49	0.08	A3V	0.108	-0.071
8676	70 Aqr	342.125833	-10.555556	6.19	0.28	A9III-IV	0.035	0.007
8677		341.846667	+58.482778	6.36	-0.04	B9.5IV	0.007	0.001
8678		342.045417	+37.416667	5.90	1.03	gG8	-0.055	-0.058
8679	71Tau2Aqr	342.397917	-13.592500	4.01	1.57	M0III	-0.012	-0.038
8680		342.496250	-32.805278	6.33	0.31	F0V+F3V	-0.050	-0.017
8681		342.384583	+10.478889	6.54	0.29	F0IV-V	0.091	-0.031
8682		342.199167	+54.415000	6.12	-0.07	B5Vne	-0.018	0.007
8683		342.184167	+62.938333	6.06	1.20	K0	0.007	-0.052
8684	48Mu Peg	342.500833	+24.601667	3.48	0.93	G8+III	0.147	-0.042
8685		342.759167	-39.156944	5.42	1.43	M0III	0.022	-0.011
8686		342.937083	-59.881389	6.46	1.13	K1IIICNII	-0.046	-0.009
8687		342.252917	+68.570278	6.19		F5V	0.112	0.068
8688		342.442500	+55.902778	5.43	1.17	K1III	0.083	0.043
8689		343.041250	-63.188611	6.12	1.03	K0III	0.016	-0.040
8690	14 Lac	342.590833	+41.953611	5.92	0.08	B3IV:	0.010	0.000
8691		342.662917	+19.140833	6.40		K0	0.050	-0.020
8692		342.542500	+50.676944	6.21	1.14	G4Ib	0.013	0.004
8693	21 PsA	342.837083	-29.536111	5.97	0.91	G8/K0III	-0.004	-0.011
8694	32Iot Cep	342.420000	+66.200556	3.52	1.05	K0-III	-0.065	-0.125
8745		344.787500	+59.814722	6.43	0.03	B9III	0.003	0.005
8695	22Gam PsA	343.131667	-32.875556	4.46	-0.04	A0III*	-0.030	-0.025
8696		342.845000	+61.696944	5.60	0.78	G8III-IV+G2IV	0.108	0.044
8697	49Sig Peg	343.100417	+9.835556	5.16	0.48	F7IV	0.522	0.044
8698	73Lam Aqr	343.153750	-7.579722	3.74	1.64	M2.5IIIaFe-1	0.011	0.037
8699	15 Lac	343.008333	+43.312500	4.94	1.56	M0III	0.110	0.029
8700	Tau1Gru	343.407917	-48.598056	6.04	0.62	G0V	0.216	-0.078
8701	Rho Ind	343.664167	-70.073611	6.05	0.66	G2-3IV	-0.050	0.072
8702		341.870833	+83.153889	4.74	1.26	K3III	0.021	0.049
8703		343.259583	+16.841111	5.64	1.12	K1-2II-III	-0.018	-0.024
8704	74 Aqr	343.369583	-11.616667	5.80	-0.08	B9III	0.025	0.001
8705		343.217917	+50.411944	6.46	-0.04	B8V	0.019	-0.011
8706		343.297083	+40.167222	6.34	-0.08	B7III-IV	0.001	-0.009
8707		343.265833	+60.101111	6.01	1.75	sgK2	0.017	0.002
8708		343.417083	+44.749167	5.81	0.26	A3Vm+F6V	-0.016	-0.013
8709	76Del Aqr	343.662500	-15.820833	3.27	0.05	A3V	-0.040	-0.025
8710	78 Aqr	343.642083	-7.204722	6.19	1.28	K3III	-0.012	-0.038
8711	77 Aqr	343.689583	-16.271944	5.56	1.14	K2.5IIIb	-0.222	-0.090
8712		343.529167	+40.376944	5.81	1.13	K0III	0.103	0.036
8713		343.812083	-36.388611	6.40	1.31	K2III	0.046	0.002
8714		343.648750	+16.941667	6.12	1.77	S4+/1+	0.019	-0.008
8715	1 Psc	343.747917	+1.064722	6.11	0.20	A7III	0.023	0.001
8716		343.795833	-4.987778	5.72	0.88	K0III-IV	0.034	-0.005
8717	50Rho Peg	343.807083	+8.815833	4.90	0.00	A1V	0.079	0.014
8718		343.760833	+37.076944	5.91	0.42	F5II	0.086	0.007
8719		343.964167	-31.633056	6.10	1.36	K3III	-0.033	-0.006
8720	23Del PsA	343.987083	-32.539722	4.21	0.97	G8III	0.018	0.031
8721		344.100000	-31.565556	6.48	1.10	K4V	0.327	-0.162
8722	Tau3Gru	344.199167	-47.969167	5.70	0.22	Am	-0.028	-0.001
8723		343.935417	+36.351667	5.74	-0.05	B7III	0.022	0.005
8724		344.214583	+11.848333	6.51	0.18	A3V s	0.063	-0.009
8725	16 Lac	344.098333	+41.603889	5.59	-0.14	B2IV	-0.002	0.000
8726		344.108333	+49.733611	4.95	1.78	K5Ib	0.003	-0.002
8727		344.321667	-4.810000	6.31	0.94	G9III	-0.015	0.002
8728	24Alp PsA	344.412917	-29.622222	1.16	0.09	A3V	0.333	-0.165
8729	51 Peg	344.366250	+20.768889	5.49	0.67	G2.5IVa	0.204	0.059
8730		344.386667	+3.810278	6.28	1.12	K1III	0.070	0.029
8731		344.268750	+48.684167	5.43	-0.09	B4IIIep	0.012	-0.009
8732		344.645833	-35.523056	6.13	0.58	F8III-IV	-0.001	-0.111
8733		344.419583	+39.308889	6.18	-0.15	B2IV-V	0.002	-0.008
8734		344.564583	-2.395278	6.16	0.74	G8IV	-0.003	-0.018
8735		344.598750	-1.410278	6.37	0.35	F0-2V	0.090	-0.007
8736		342.759167	+85.373611	5.90	1.32	K5	0.003	0.107
8737		344.646250	+9.356944	6.43	0.64	G2V+G4V	0.403	-0.141
8738		344.677500	+7.339722	6.33	0.06	A1V	-0.040	-0.080
8739	52 Peg	344.799167	+11.728889	5.75	0.32	A8V+F6V	0.033	-0.041
8740		344.899167	-29.462222	5.51	0.25	A5n	-0.003	0.009
8741		344.898750	-13.070833	6.07	1.45	K5III	-0.010	0.000
8742	2 Psc	344.864167	+0.962778	5.43	0.98	gK1	0.086	-0.071
8743		345.024167	-25.164167	5.65	1.25	gK0	0.035	-0.075
8744		344.792917	+52.654444	6.29	1.42	K2	-0.025	0.033
8746		345.102500	-25.626667	6.29	1.13	K1III	0.086	-0.034
8747	Zet Gru	345.220000	-52.754167	4.12	0.98	G8-K0III	-0.067	-0.014
8748		343.603333	+84.346111	4.71	1.43	K4III	0.092	0.026
8749		345.281250	-50.950000	5.68	1.42	K3III	0.078	-0.006
8750	3 Psc	345.157917	+0.185833	6.21	0.89	G4III	0.044	0.013
8751		345.178750	+3.011667	5.83	1.34	K4III	0.011	-0.086
8752		345.021250	+56.945278	5.00	1.42	G40	0.000	-0.003
8753		345.177083	+31.083056	6.60	-0.04	B9IIIpMn	0.031	0.005
8754		345.330833	-28.853611	5.55	1.35	K3III	0.066	-0.010
8755		345.143333	+45.375000	6.50		A3V	0.010	0.002
8756		345.345833	-22.790833	6.28	0.13	A5V	0.026	-0.027
8757	81 Aqr	345.348333	-7.061111	6.21	1.41	K5III	-0.015	-0.011
8758		345.227917	+38.708056	6.54	-0.11	B3Vpe	0.001	-0.005
8759		345.382083	-4.711389	5.94	1.00	K0	0.019	0.009
8760		345.641667	-36.420833	6.47	0.94	K1III	0.031	-0.035
8761		345.377917	+57.105556	6.20	1.50	K1.5II	-0.003	-0.007
8762	1Omi And	345.480417	+42.326111	3.62	-0.09	B6IIIpe+A2p	0.023	-0.006
8763	82 Aqr	345.635833	-6.574167	6.15	1.58	M2III	-0.004	-0.037
8764		345.684583	-20.870556	5.97	0.94	K0III-IV	-0.058	-0.117
8765		345.637917	+31.780556	6.57	0.35	F2IV	0.005	-0.016
8766	2 And	345.651250	+42.757778	5.10	0.09	A3Vn	0.055	-0.004
8767	Pi PsA	345.874167	-34.749444	5.11	0.29	F0V+F3V	0.076	0.080
8768		345.688333	+44.058889	6.39	0.00	B2V	0.001	-0.002
8769		346.217500	-68.820278	5.52	0.36	F4III	0.040	0.063
8770		345.682500	+55.236389	6.50	-0.08	B9IIIHe wk	0.008	0.012
8771		345.997917	-41.478333	5.79	1.08	K0III	0.006	0.069
8772		345.988750	-4.795278	6.68	0.58	F8V	0.320	0.028
8773	4Bet Psc	345.969167	+3.820000	4.53	-0.12	B6Ve	0.013	-0.011
8774	Kap Gru	346.165000	-53.965000	5.37	1.45	K5III	0.055	-0.102
8775	53Bet Peg	345.943750	+28.082778	2.42	1.67	M2.5II-III	0.189	0.137
8776		346.004167	+6.616667	6.41	0.39	F2V	0.003	0.019
8777		345.848750	+60.445278	6.74	-0.02	B2V	0.007	-0.006
8778		345.840000	+58.564722	6.43	0.90	G8IV	0.067	0.017
8779		345.887083	+67.209167	5.24	1.26	K3III	0.026	0.007
8780	3 And	346.045833	+50.052222	4.65	1.06	K0IIIbFe-0.5	0.164	0.168
8781	54Alp Peg	346.190417	+15.205278	2.49	-0.04	B9V	0.063	-0.042
8782	83 Aqr	346.290833	-7.693611	5.43	0.30	F2IV+F0V	0.129	0.011
8783		346.303333	-17.079167	6.14	1.37	K0	-0.048	-0.039
8784		346.276250	+16.563056	6.44	0.83	G8IV	-0.185	-0.194
8785		346.323333	+1.306944	6.39	0.94	G9III	0.035	-0.027
8786		347.098750	-79.480833	6.12	0.14	A3-4V	0.084	-0.038
8787	The Gru	346.720000	-43.520556	4.28	0.42	F5mDel Del	-0.039	-0.023
8788		346.575833	+18.517500	6.13	0.44	F6V s	0.232	0.057
8789	86 Aqr	346.670417	-23.743056	4.47	0.90	G9III	0.066	-0.003
8790	Ups Gru	346.723333	-38.892222	5.61	0.01	A1V	0.040	0.013
8791		346.789583	-49.606667	6.33	1.45	K4III	0.017	-0.014
8792		346.632917	+19.910833	6.30	0.49	F7V	0.295	0.002
8793		346.811250	-50.686389	5.83	0.48	F6-7IV-V	-0.044	-0.020
8794		347.148750	-73.586389	6.15	1.42	K3III	0.021	-0.011
8795	55 Peg	346.751250	+9.409444	4.52	1.57	M1IIIab	0.011	-0.014
8847		349.207500	-41.194444	6.47	1.08	K0III	-0.024	0.012
8796	56 Peg	346.778333	+25.468333	4.76	1.34	G8Ib	0.004	-0.031
8797	1 Cas	346.653750	+59.419722	4.85	-0.03	B0.5IV	0.009	0.001
8798		346.865417	+32.825833	6.02	0.12	A4Vn	-0.024	0.008
8799		346.869583	+21.134167	5.99	0.26	A5V	0.108	-0.052
8800		346.825417	+46.068056	6.66	-0.05	B2V	0.005	-0.001
8801		346.792083	+52.816389	6.11	1.05	K0III	0.013	0.006
8802		347.087500	-28.823333	5.60	0.88	G9III	-0.047	-0.031
8803		346.793333	+59.727500	6.40	-0.01	B2V	0.005	0.001
8804	4 And	346.913750	+46.387222	5.33	1.41	K5III	-0.009	-0.028
8805	5 And	346.939167	+49.295833	5.70	0.44	F5V	0.154	0.133
8806		347.051250	+44.561667	6.56	0.17	A2IV	0.024	-0.005
8807	5 Psc	347.170417	+2.127778	5.40	0.91	G8III-IV	0.145	0.108
8808		346.948750	+63.633333	6.26	-0.02	B3V	0.002	-0.004
8809		347.548750	-66.857500	6.47	0.95	K0III	0.201	0.038
8810		348.050000	-80.912778	6.41	1.50	K4III	0.009	-0.011
8811		346.988333	+64.222500	6.21	1.10	K0	0.010	0.001
8812	88 Aqr	347.361667	-21.172500	3.66	1.22	K1III	0.055	0.031
8813		347.435833	-28.088611	5.87	1.31	K2III	0.022	0.003
8814		347.488750	-42.860556	5.81	0.48	F4IV	-0.325	-0.007
8815	57 Peg	347.381250	+8.677222	5.12	1.47	M4IIIS+A2V	0.004	0.002
8816		347.456667	-14.510556	6.42	0.01	A0Vn	0.031	-0.009
8817	89 Aqr	347.478333	-22.457500	4.69	0.65	G2IV+A2V	0.026	-0.009
8818		347.540833	-40.591667	5.83	1.62	M4III	0.035	-0.046
8819	33Pi Cep	346.974583	+75.387500	4.41	0.80	G2III	0.012	-0.030
8820	Iot Gru	347.590000	-45.246667	3.90	1.02	K1III	0.136	-0.030
8821	58 Peg	347.506250	+9.821944	5.39	-0.08	B9III	-0.012	-0.012
8822	2 Cas	347.433750	+59.333056	5.70	0.33	A5III	-0.003	0.009
8823		347.694167	-29.525000	6.51	0.27	F1III-IV	-0.034	-0.058
8824		347.677500	+17.594444	5.71	1.34	K4III	0.021	-0.028
8825	6 And	347.613333	+43.544167	5.94	0.44	F5IV	-0.191	-0.191
8826	59 Peg	347.934167	+8.720000	5.16	0.13	A5Vn	-0.006	-0.006
8827	60 Peg	347.955000	+26.847222	6.17	0.94	G8III-IV	-0.190	-0.120
8828		348.312500	-49.618889	6.80	0.92	G8-K0III	0.002	-0.018
8829		348.527500	-62.700000	6.12	0.79	G8V	0.473	-0.424
8830	7 And	348.137500	+49.406389	4.52	0.29	F0V	0.092	0.098
8831		348.266667	+29.441667	6.35	0.93	G8III	-0.031	-0.033
8832		348.320833	+57.168333	5.56	1.01	K3V	2.075	0.296
8833		348.360417	+11.065000	5.82	1.01	G8III	-0.005	-0.003
8834	90Phi Aqr	348.580833	-6.048889	4.22	1.56	M1.5III	0.042	-0.196
8835		348.744167	-41.105556	5.77	1.18	K2III	0.112	-0.112
8836		348.667500	-10.688611	6.12	1.49	K5III	-0.001	-0.034
8837		348.559583	+50.617778	6.31		A0V	0.038	-0.006
8838		348.590417	+29.771667	6.41	0.45	F6IV w	-0.007	-0.013
8839		348.652083	+24.103056	6.36		K2III	0.114	0.007
8840		348.892917	-3.496389	5.55	0.06	A3V	-0.007	-0.003
8841	91Psi1Aqr	348.972917	-9.087778	4.21	1.11	K0III	0.372	-0.016
8842	61 Peg	348.942917	+28.247778	6.49	0.85	G5II-III	0.020	-0.005
8843		349.240417	-62.001111	5.66	0.51	F7V	0.173	-0.026
8844		348.655417	+74.231111	5.84		A0V	0.048	0.006
8845		348.991250	+24.771111	6.60	0.40	F5V	0.093	0.005
8846		349.165417	-44.489167	5.92	1.06	K1III	-0.004	-0.007
8848	Gam Tuc	349.357500	-58.235833	3.99	0.40	F1III	-0.029	0.079
8849		349.783750	-79.472778	6.33	0.91	K0III	0.013	0.007
8850	92Chi Aqr	349.212083	-7.726667	5.06	1.60	M3III	-0.016	-0.015
8851		348.907500	+70.888056	5.56	0.24	F0IV	0.018	-0.005
8852	6Gam Psc	349.291250	+3.282222	3.69	0.92	G9-III:Fe-2	0.762	0.017
8853		349.176250	+53.213611	5.54	0.52	F7V	0.115	-0.233
8854		349.111667	+61.963056	6.53	0.23	B0Vn	-0.026	-0.002
8855		349.583333	-67.471111	6.13	1.35	K2-3III	0.021	0.014
8856		349.416667	-11.713056	6.34	0.05	A1Vn	0.039	-0.003
8857		349.319167	+45.164167	6.43	1.07	K0IV	0.097	-0.065
8858	93Psi2Aqr	349.475833	-9.182500	4.39	-0.15	B5V	0.021	-0.012
8859	Phi Gru	349.541250	-40.824444	5.53	0.44	F5V	0.136	-0.128
8860	8 And	349.436250	+49.015278	4.85	1.67	M2+IIIBa0.3	0.037	0.008
8861		349.483750	+45.488889	6.48	-0.03	B9pSi	0.034	-0.017
8862	Tau Oct	352.015417	-87.482222	5.49	1.27	K2III	0.015	0.009
8863	Gam Scl	349.705833	-32.531944	4.41	1.13	K1III	0.019	-0.070
8864	9 And	349.597500	+41.773611	6.02		A7/8Vm	-0.006	-0.012
8865	95Psi3Aqr	349.740417	-9.610833	4.98	-0.02	A0V	0.047	-0.002
8866	94 Aqr	349.777917	-13.458889	5.08	0.80	G5IV	0.298	-0.101
8867		349.328750	+75.299167	6.38	0.03	A2V s	0.018	-0.002
8868	96 Aqr	349.850000	-5.124444	5.55	0.39	F3IV-V	0.202	-0.020
8869		349.850417	-18.075278	5.93	1.52	gK3	0.004	0.009
8870		349.760000	+45.137222	6.50		A5Vn	0.058	0.006
8871		349.930000	-33.708056	6.37	1.30	K2III	0.047	-0.041
8872	34Omi Cep	349.656250	+68.111667	4.75	0.84	K0III	0.058	0.016
8873		349.864167	+34.793333	6.32	-0.08	B8III	0.016	-0.003
8874	11 And	349.874167	+48.625278	5.44	1.03	K0III	0.019	0.056
8875		349.923333	+48.380833	6.32	1.12	K1III	0.209	0.032
8876	10 And	349.968333	+42.078056	5.79	1.48	M0III	0.052	0.010
8877		350.208333	-50.306667	6.05	0.42	F5mDel Del	0.028	-0.077
8878	7 Psc	350.085833	+5.381389	5.05	1.20	K2III	0.082	-0.062
8879		350.170417	-5.908056	6.17	1.07	K0III	-0.101	-0.057
8880	62Tau Peg	350.159167	+23.740278	4.60	0.17	A5Vp	0.033	-0.008
8881		350.059583	+61.970000	6.45		K1V	0.003	-0.013
8882	63 Peg	350.206667	+30.415000	5.59	1.50	M0III	0.081	-0.069
8883		350.314583	-26.986667	5.64	0.82	G4V	-0.013	-0.012
8884		350.183333	+44.116389	6.13	0.17	A5Vn	-0.016	-0.027
8885	12 And	350.222083	+38.182222	5.77	0.46	F5V	0.130	-0.063
8886		350.144167	+62.213056	6.39	1.61	K2III	0.003	-0.005
8887	64 Peg	350.478750	+31.812500	5.32	-0.11	B6III	0.005	-0.010
8888		350.492500	+26.608889	6.62	0.37	F5V	-0.098	-0.074
8889		350.737083	-60.055833	6.09	1.60	M3III	0.090	-0.009
8890	97 Aqr	350.663333	-15.039167	5.20	0.20	A3Vp	0.112	0.019
8891	65 Peg	350.668750	+20.828611	6.29	-0.04	B9.5V	0.019	-0.012
8892	98 Aqr	350.742500	-20.100556	3.97	1.10	K0III	-0.120	-0.096
8893	66 Peg	350.769167	+12.313889	5.08	1.31	K3III	0.027	-0.017
8894		350.635417	+60.133611	5.56	1.68	K3II	0.009	-0.001
8895		350.976250	-53.808333	6.15	0.26	A4III	0.059	-0.027
8896		350.939167	-43.124444	6.10	1.46	K3III	0.015	0.010
8897		350.882917	+0.291389	6.31	1.61	K2	0.068	0.010
8898		351.054583	-51.891389	5.75	1.59	M0III	0.005	-0.041
8899		350.947917	+32.531389	6.69	0.45	F4V w	0.232	0.040
8900		351.032500	-18.687500	6.19	1.02	G8III	0.149	0.071
8901		351.330833	-56.849167	5.59	1.07	K0III	0.080	-0.024
8902		351.145833	+41.112778	6.72	0.06	B8III	0.015	-0.009
8903	67 Peg	351.211667	+32.385000	5.57	-0.11	B9III	0.017	0.002
8904	4 Cas	351.209583	+62.282778	4.98	1.68	M1III	0.011	-0.013
8905	68Ups Peg	351.345000	+23.404167	4.40	0.61	F8III	0.193	0.037
8906	99 Aqr	351.511667	-20.641944	4.39	1.47	K5III	-0.052	-0.058
8907	Omi Gru	351.652500	-52.721667	5.52	0.40	F4V	0.038	0.123
8908		351.780000	-66.581111	6.45	1.47	K4III	-0.042	-0.023
8909		351.812500	-58.476111	5.63	0.98	G8III	0.051	0.062
8910		351.787917	-50.157222	6.20	-0.08	B9V	0.032	0.006
8911	8Kap Psc	351.733333	+1.255556	4.94	0.03	A0pCrSi:Sr:	0.089	-0.097
8912	9 Psc	351.811667	+1.122500	6.25	1.02	G7III	0.044	-0.035
8913	13 And	351.780833	+42.911944	5.75	0.00	B9III	0.091	0.015
8914		352.002917	-35.544444	6.32	1.20	K2III	0.007	0.001
8915	69 Peg	351.918333	+25.167222	5.98	-0.06	A0pHgMn	0.026	-0.041
8916	10The Psc	351.992083	+6.378889	4.28	1.07	K1III	-0.121	-0.045
8917		352.021667	-11.449722	6.37	0.90	G0V	0.102	-0.023
8918		351.819167	+70.359722	5.60	0.19	A6IV	0.119	-0.006
8919		352.254167	-63.110833	5.68	-0.17	ApSi	0.037	-0.017
8920		352.253333	-44.497778	6.43	1.18	K2III	0.037	-0.011
8921		352.252500	-9.266111	6.18	1.44	K0	-0.050	-0.026
8922		352.273333	+23.047778	6.35		G9III	-0.039	-0.094
8923	70 Peg	352.288750	+12.760556	4.55	0.94	G7+III	0.064	0.027
8924		352.383750	-4.532778	6.25	1.09	K3III	0.183	-0.232
8925		352.530833	+49.133056	6.17	1.46	K3III	0.033	0.002
8926		352.508333	+58.548889	4.91	-0.12	B3IV	0.020	0.005
8927		352.665417	+38.661944	6.05	0.99	G9III	0.042	0.011
8928		352.754583	-6.288333	6.39	1.26	K0	-0.013	-0.036
8929		352.862500	-44.843611	6.02	1.02	K1III	0.048	-0.025
8930	14 And	352.822500	+39.236389	5.22	1.02	K0III	0.289	-0.080
8931		352.881250	-4.087222	6.49	0.54	F8V	0.175	-0.190
8932	100 Aqr	352.925417	-21.369444	6.29	0.33	A9III	0.009	0.005
8933		352.929583	+28.403611	6.41	0.01	A1pSrCr:Eu:	-0.025	-0.008
8934	13 Psc	352.990000	-1.085833	6.38	1.18	K1III	0.012	0.017
8935		353.331250	-77.385278	5.81	0.68	G2V	0.010	0.000
8936		353.102500	+34.952500	6.65	-0.06	B8V	-0.007	-0.006
8937	Bet Scl	353.242917	-37.818333	4.37	-0.09	B9.5IVpHgMnEu	0.087	0.021
8938		351.753333	+87.307500	5.58	0.23	A7IV	0.075	0.018
8939	101 Aqr	353.319167	-20.914444	4.71	0.02	A1n	-0.007	0.013
8940	71 Peg	353.367083	+22.498889	5.32	1.60	M5IIIa	0.010	-0.017
8941		353.427917	+45.058056	6.24	0.98	G8II	-0.029	0.010
8942		353.481250	+20.840833	6.06	1.73	M3III	-0.004	-0.022
8943	72 Peg	353.488333	+31.325278	4.98	1.38	K4IIIb	0.052	-0.016
8944	14 Psc	353.537500	-1.247500	5.87	0.30	A2m	0.108	-0.013
8945		353.802917	-64.689444	7.40		F2IV-V	0.015	0.004
8946		353.705833	-15.245833	5.96	1.36	K0	0.051	-0.079
8947	15 And	353.656250	+40.236389	5.59	0.10	A1Vp	-0.017	-0.046
8948	73 Peg	353.659167	+33.497222	5.63	1.03	gK0	0.001	0.019
8949	Iot Phe	353.769167	-42.615000	4.71	0.08	A2VpSrCrEu	0.046	-0.001
8950		353.694583	+38.023889	6.18	1.58	K7III	0.008	0.009
8951		353.883750	-7.464444	6.39	0.88	gG5	0.001	0.016
8952		353.745833	+71.642222	5.84	1.80	G9Ib	-0.004	0.000
8953		353.982917	+24.561111	6.45	1.73	M1III	0.004	0.009
8954	16 Psc	354.097083	+2.102222	5.68	0.44	F6Vb vw	-0.103	0.061
8955		354.127083	+32.904167	6.35	0.46	F6V	-0.008	0.000
8956		354.272500	-31.870833	6.52	1.26	K1III	0.048	0.002
8957		354.600417	-76.870000	6.00	0.90	K0-2III	0.082	-0.032
8958		354.415000	-13.060278	5.65	1.03	G9IIIFe-0.5	0.037	0.024
8959		354.462500	-45.492500	4.74	0.08	A2V	0.073	-0.014
8960	74 Peg	354.415833	+16.825556	6.26	0.00	A1V	0.134	0.000
8961	16Lam And	354.391250	+46.458056	3.82	1.01	G8III-IV	0.162	-0.421
8962		354.383333	+44.429167	5.80	-0.06	B8V	0.015	-0.010
8963	75 Peg	354.486667	+18.400556	5.53	0.00	A1Vn	0.050	0.017
8964		354.494167	+46.199722	6.58	0.66	G5	0.370	-0.003
8965	17Iot And	354.534167	+43.268056	4.29	-0.10	B8V	0.029	-0.001
8966	The Phe	354.866667	-46.637778	6.09	0.24	A8V+F0V	0.028	0.033
8967	18 And	354.784583	+50.471667	5.30	-0.06	B9V	-0.017	-0.002
8968	102Ome1Aqr	354.946250	-14.221667	5.00	0.24	F0IV	0.057	-0.038
8969	17Iot Psc	354.987500	+5.626389	4.13	0.51	F7V	0.378	-0.438
8970		354.979583	+9.677222	5.97	0.20	A2IVm	0.099	-0.011
8971		354.793333	+75.292778	5.95	0.13	A3V	0.012	0.011
8972		354.837917	+74.002778	5.98	0.89	G8III	-0.012	0.004
8973		355.011667	+37.652500	6.53	0.35	F2IV	-0.013	-0.084
8974	35Gam Cep	354.836667	+77.632500	3.21	1.03	K1III-IV	-0.067	0.151
8975	Mu Scl	355.159167	-32.073056	5.31	0.97	K1III	-0.089	-0.055
8976	19Kap And	355.102083	+44.333889	4.14	-0.08	B9IVn	0.083	-0.019
8977		355.169167	+36.720833	6.23	0.39	F1V	0.236	0.020
8978		355.279167	-24.160278	6.60	1.57	M1III	0.006	-0.010
8979		355.287083	-11.680556	5.89	1.00	G9III	0.070	0.009
8980	103 Aqr	355.393750	-18.027222	5.34	1.57	K5III	-0.039	-0.071
8981		355.362083	+49.512222	6.26	0.19	A4V	0.002	-0.021
8982	104 Aqr	355.440833	-17.816389	4.82	0.82	G0Ib-II	0.015	0.004
8983		355.486250	+7.250556	5.89	0.10	A3Vn	-0.024	-0.042
8984	18Lam Psc	355.511667	+1.780000	4.50	0.20	A7V	-0.129	-0.155
8985		355.477083	+57.260000	6.24		G8III	0.005	-0.002
8986		355.561667	+44.991944	6.57		gK5	-0.011	-0.010
8987		355.616250	-15.447778	5.28	1.37	K4III	0.025	-0.008
8988	105Ome2Aqr	355.680417	-14.545000	4.49	-0.04	B9.5V	0.101	-0.066
8989		355.586667	+64.515556	6.56	1.88	M2III	0.003	-0.002
8990		355.631250	+61.679444	6.40	1.24	K2III	0.043	-0.021
8991	77 Peg	355.843333	+10.331389	5.06	1.68	M2III	0.008	0.007
8992		355.956250	-15.284444	6.36	1.58	M7IIIpe	0.032	-0.025
8993		356.005833	-45.083333	6.09	0.98	K1III-IV	0.338	-0.006
8994		356.105833	-70.490278	6.07	0.91	G8-K0IV	0.243	0.062
8995		356.169583	-78.791389	5.75	1.11	K1III	0.048	0.004
8996		356.050000	-64.404444	5.72	1.40	K2II-III	0.011	0.031
8997	78 Peg	355.997917	+29.361667	4.93	0.95	K0III	0.071	-0.037
8998	106 Aqr	356.050417	-18.276944	5.24	-0.08	B9Vn	0.029	-0.003
8999		356.120417	-26.246389	6.17	0.50	F4V	-0.070	-0.015
9000		356.201250	+55.799722	6.51		gG4	0.020	-0.005
9001		356.505000	-40.182500	6.31	0.20	A7III-IV	0.097	-0.036
9002	107 Aqr	356.503750	-18.678056	5.29	0.28	F2III+F2V	0.134	0.030
9003	20Psi And	356.508750	+46.420278	4.95	1.11	G5Ib+A0V	0.011	-0.005
9004	19 Psc	356.597917	+3.486667	5.04	2.60	C5II	-0.030	-0.025
9005		356.652917	+66.782222	5.95	-0.04	B2IV	0.004	0.001
9006	Sig Phe	356.816667	-50.226667	5.18	-0.19	B3V	0.011	-0.029
9007		356.847083	-68.394167	6.89	0.46	F2V	0.045	-0.043
9008	5Tau Cas	356.764583	+58.651944	4.87	1.11	K1IIIa	0.061	0.057
9009		356.816250	-11.910833	5.73	1.08	gK1	-0.049	-0.086
9010		356.757917	+57.451389	5.51	1.65	K3IIb	0.002	-0.003
9011		356.888333	+46.832500	6.07	-0.14	B3IV	0.013	-0.003
9012	20 Psc	356.985417	-2.761667	5.49	0.94	G8III	0.096	0.005
9013		356.978333	+67.806944	5.04	-0.01	A1Vn	0.014	-0.001
9014		357.135417	-6.380556	6.07	1.45	K4III	0.003	-0.019
9015		357.205417	+2.214167	6.46	0.44	F5III-IV	0.007	-0.042
9016	Del Scl	357.231667	-28.130278	4.57	0.01	A0V	0.105	-0.106
9017		357.162500	+64.876389	6.41	0.06	A0pSrSi:Cr:	0.013	-0.020
9018	6 Cas	357.209167	+62.214444	5.43	0.67	A3Ia	-0.005	-0.001
9019		357.224583	+59.978889	6.34	-0.01	A0V	0.048	0.007
9020		357.300000	+58.963056	6.33	0.40	F2IV	0.038	-0.014
9021		357.381667	-15.861111	6.24	1.22	K2IIIbFe-0.5	0.049	-0.022
9022	21 Psc	357.364583	+1.076111	5.77	0.16	A5Vm	-0.002	-0.030
9023		357.436250	-62.839444	6.59	1.48	K5III	0.031	-0.035
9024		357.420833	+36.425278	5.90	0.79	G1III	0.001	-0.048
9025	79 Peg	357.414167	+28.842500	5.97	0.19	A2m	0.061	0.024
9026		357.456667	-25.331389	6.42	0.12	A3V	-0.021	-0.024
9027		357.561250	-9.974167	5.94	1.13	K0IV	0.140	0.076
9028		357.592917	+51.621667	6.44	0.37	F3V	0.123	-0.015
9029		357.638750	-14.401944	5.72	1.51	K4.5IIIb	0.037	-0.033
9030	80 Peg	357.838333	+9.313333	5.79	1.66	M3IIIa	-0.016	-0.063
9031	108 Aqr	357.838750	-18.908889	5.18	-0.14	B9pSiSrCr	0.021	0.000
9032	Gam1Oct	358.026667	-82.018889	5.11	0.92	G7III	-0.055	-0.019
9033	22 Psc	357.991250	+2.930278	5.55	1.53	K4IIIaBa0.3	0.020	-0.015
9034		357.990000	+77.599444	6.55	0.44	F5V	0.264	-0.092
9035		358.097500	+21.670833	6.11	1.59	M2III	-0.049	-0.015
9036	81Phi Peg	358.122083	+19.120278	5.08	1.60	M2.5IIIb	-0.005	-0.036
9037		358.125000	-14.251111	5.87	1.28	K3III	-0.101	0.000
9038		358.104583	+75.544722	6.39	0.98	K3V	0.314	0.049
9039	82 Peg	358.154583	+10.947500	5.30	0.18	A4Vn	-0.029	0.001
9040		358.210417	-8.996667	5.75	1.17	K0III	0.064	-0.021
9041	24 Psc	358.231667	-3.155556	5.93	1.07	G9III	0.075	-0.046
9042	25 Psc	358.270000	+2.090556	6.28	-0.01	A1V	0.022	-0.012
9043		358.336667	-24.229167	6.24	0.19	A3Shell	0.047	-0.011
9044		358.589167	-27.042222	6.35	0.20	A2V+F2V	0.020	0.025
9045	7Rho Cas	358.595833	+57.499444	4.54	1.22	G20e	-0.002	-0.002
9046		358.660833	-40.300000	6.03	0.57	F8IV	0.368	0.028
9047		358.694167	+0.109167	5.61	1.59	M5III	-0.040	-0.018
9048	26 Psc	358.782500	+7.071111	6.21	-0.07	B9V	0.021	-0.019
9049		358.819167	-31.921667	6.10	-0.08	B6V	0.022	-0.003
9050		358.819167	-31.884167	6.83	-0.08	B8V	0.003	0.008
9051		358.845833	+25.955000	6.54		K5	-0.003	-0.008
9052		358.890417	+57.412222	6.00	0.21	B0.5II+B0.5II	-0.008	-0.003
9053		358.890000	+47.355833	6.00	1.16	G8Ib	0.000	-0.005
9054		359.124583	-24.737222	6.31	0.92	G5	0.003	0.010
9055		359.172917	+22.648056	6.15	1.60	M2III	-0.022	-0.005
9056		359.115417	+83.191111	6.59	0.05	A3V	0.047	0.007
9057		359.265000	+42.658333	5.97	0.69	F8III	0.008	-0.001
9058		359.284583	-26.623611	6.26	1.45	K3III	0.071	0.017
9059		359.285417	+55.705833	5.55	0.49	F1/6V+F3	-0.019	-0.011
9060		359.332917	-62.956389	5.97	0.11	A1IV	0.082	0.018
9061	Gam2Oct	359.386250	-82.170000	5.73	1.05	K0III	-0.035	-0.026
9062	Eta Tuc	359.396667	-64.298333	5.00	0.06	A1V	0.086	-0.068
9063		359.389583	+60.023611	6.47	0.01	B9III-IV	0.012	-0.002
9064	84Psi Peg	359.439583	+25.141389	4.66	1.59	M3III	-0.034	-0.033
9065	1 Cet	359.588333	-15.847500	6.26	1.08	K0II-III	0.086	-0.006
9066		359.603333	+51.388611	4.80	1.83	M7IIIe	0.080	0.009
9067	27 Psc	359.668333	-3.556111	4.86	0.93	G9III	-0.051	-0.072
9068		359.705000	+32.381667	6.52	-0.11	B6IVe	0.003	-0.007
9069	Pi Phe	359.732500	-52.745833	5.13	1.13	K0III	0.055	0.061
9070		359.693750	+46.413056	6.54	-0.09	B4Ven	0.022	-0.005
9071	8Sig Cas	359.752083	+55.755000	4.88	-0.07	B1V	0.009	-0.004
9072	28Ome Psc	359.827917	+6.863333	4.01	0.42	F4IV	0.153	-0.115
9073		359.866250	-29.485000	5.62	1.60	K5III	-0.001	-0.001
9074		359.871667	+33.724444	6.58	0.55	G0V	-0.060	-0.080
9075		359.871667	+33.724444	6.58		G0V	-0.060	-0.080
9076	Eps Tuc	359.979167	-65.577222	4.50	-0.08	B9IV	0.048	-0.024
9077		000.080000	-44.290556	6.29	0.76	G3IV	0.080	-0.111
9078		000.099583	+26.918333	6.46	0.50	F7-8IV-V	0.044	-0.052
9079		000.128750	+59.559722	6.19	1.01	G9III-IV	-0.077	-0.024
9080		000.182083	+45.253333	6.38	-0.07	B9pSiEu	0.027	0.005
9081	Tau Phe	000.268750	-48.810000	5.71	0.91	G8III	-0.022	-0.009
9082		000.333333	-50.337222	5.53	1.60	M2III	0.002	0.013
9083		000.330417	+49.981667	6.22	0.97	G7II-III	0.018	-0.006
9084	The Oct	000.398750	-77.065833	4.78	1.27	K3III	-0.063	-0.177
9085		000.403750	+61.223056	5.55	0.41	F0III	-0.006	0.005
9086		000.432500	+42.367222	6.25	-0.03	B9IIIpHg:Mn:	0.005	-0.003
9087	29 Psc	000.455833	-3.027500	5.10	-0.12	B7III-IV	0.016	-0.009
9088	85 Peg	000.542500	+27.081944	5.75	0.67	G5VbFe-2	0.841	-0.991
9089	30 Psc	000.490000	-6.014167	4.41	1.63	M3III	0.051	-0.041
9090		000.530417	-14.676111	7.10	1.80	S7.3e	-0.010	-0.019
9091	Zet Scl	000.582917	-29.720278	5.01	-0.15	B4III	0.019	0.016
9092	31 Psc	000.600833	+8.956944	6.32	0.18	A6V	0.005	-0.003
9093	32 Psc	000.623750	+8.485556	5.63	0.29	F0V	-0.092	-0.047
9094		000.650417	+66.098889	5.86	1.09	G8III	0.010	-0.001
9095		000.740000	-20.046111	6.25	0.53	F6V	0.110	0.071
9096		000.782083	-24.145278	6.44	1.18	G5	0.039	0.000
9097		000.857083	+63.641944	6.24	0.33	B3Ia	-0.008	0.057
9098	2 Cet	000.935000	-17.336111	4.55	-0.05	B9.5Vn	0.026	-0.009
9099		000.966250	+66.712222	6.29	1.67	M4III	0.021	-0.008
9100	9 Cas	001.056667	+62.287778	5.88	0.30	A1III	-0.004	0.006
9101		001.082083	-16.528889	5.78	1.10	K2III	0.039	-0.059
9102		001.084583	-29.268611	6.40	0.00	A0V	0.030	0.014
9103	3 Cet	001.125417	-10.509444	4.94	1.63	K3Ib	-0.005	-0.011
9104		001.175000	+67.166667	5.67	1.07	K1III	0.092	0.030
9105		001.152917	+42.092222	6.01		B9III	0.005	-0.022
9106		001.127917	-72.897778	7.31	0.44	F2V	0.010	-0.054
9107		001.224167	+34.659722	6.12	0.62	G2V	0.772	0.089
9108		001.172083	-71.436944	5.59	-0.12	B8IV-V	0.028	-0.014
9109		001.233333	+26.648889	6.25	1.40	K4IIIb	0.110	-0.012
9110		001.275833	+61.314167	5.80	-0.09	B8IVpHgMn	0.015	0.005
